Date,Close,High,Low,Open,Volume,Positive,Negative,Neutral,Compound_Sentiment,Price_Change_%
2017-01-02,8179.5,8212.0,8133.7998046875,8210.099609375,118300,0.9507143064099162,0.500112752076627,0.0,0.4506015543332892,
2017-01-03,8192.25,8219.099609375,8148.60009765625,8196.0498046875,127300,0.7319939418114051,0.4119580950341019,0.0,0.3200358467773031,0.15587749862460143
2017-01-04,8190.5,8218.5,8180.89990234375,8202.650390625,132400,0.5986584841970366,0.8705269662693842,0.0,-0.2718684820723476,-0.021361652781592966
2017-01-05,8273.7998046875,8282.650390625,8223.7001953125,8226.650390625,159100,0.1560186404424365,0.6314189212183764,0.2125624383391871,-0.4754002807759399,1.017029542610337
2017-01-06,8243.7998046875,8306.849609375,8233.25,8281.849609375,139400,0.1559945203362026,0.5325040664159818,0.3115014132478155,-0.3765095460797791,-0.36259035398709116
2017-01-09,8236.0498046875,8263.0,8227.75,8259.349609375,99100,0.6011150117432088,0.1172039056802334,0.2816810825765578,0.4839111060629754,-0.09401004613908137
2017-01-10,8288.599609375,8293.7998046875,8261.0,8262.7001953125,142900,0.7080725777960455,0.337206575565752,0.0,0.3708660022302934,0.6380462228092743
2017-01-11,8380.650390625,8389.0,8322.25,8327.7998046875,186500,0.0205844942958024,0.1428419648143318,0.8365735408898657,-0.1222574705185294,1.110570972035907
2017-01-12,8407.2001953125,8417.2001953125,8382.2998046875,8391.0498046875,172600,0.9699098521619944,0.6920736470243689,0.0,0.2778362051376254,0.3167988574872327
2017-01-13,8400.349609375,8461.0498046875,8373.150390625,8457.650390625,185300,0.8324426408004217,0.2062521138361526,0.0,0.6261905269642691,-0.08148474852923693
2017-01-16,8412.7998046875,8426.7001953125,8374.400390625,8390.9501953125,124100,0.1834045098534338,0.2043163833989703,0.6122791067475959,-0.0209118735455364,0.14821044232022906
2017-01-17,8398.0,8440.900390625,8378.2998046875,8415.0498046875,122000,0.3042422429595377,0.5078050639587791,0.1879526930816831,-0.2035628209992414,-0.17592008642893786
2017-01-18,8417.0,8460.2998046875,8397.400390625,8403.849609375,163800,0.5247564316322378,0.419271661166022,0.0559719072017401,0.1054847704662158,0.2262443438914019
2017-01-19,8435.099609375,8445.150390625,8404.0498046875,8418.400390625,165900,0.4319450186421157,0.0181240410457297,0.5499309403121545,0.413820977596386,0.21503634757038537
2017-01-20,8349.349609375,8423.650390625,8340.9501953125,8404.349609375,202600,0.2912291401980419,0.7927581135728128,0.0,-0.5015289733747709,-1.0165855054597661
2017-01-23,8391.5,8404.150390625,8327.2001953125,8329.599609375,195000,0.2921446485352181,0.5606782949389499,0.1471770565258319,-0.2685336464037318,0.5048344194100052
2017-01-24,8475.7998046875,8480.9501953125,8398.150390625,8407.0498046875,179200,0.3663618432936917,0.6284264566145871,0.0052117000917212,-0.2620646133208953,1.0045856484240057
2017-01-25,8602.75,8612.599609375,8493.9501953125,8499.4501953125,292500,0.4560699842170359,0.6886316293078756,0.0,-0.2325616450908396,1.4977960574563243
2017-01-27,8641.25,8672.7001953125,8606.900390625,8610.5,275400,0.1996737821583597,0.0099787766584493,0.7903474411831909,0.1896950054999103,0.44753131266164203
2017-01-30,8632.75,8662.599609375,8617.75,8635.5498046875,304700,0.0464504127199977,0.8361177032072488,0.1174318840727535,-0.789667290487251,-0.09836539852451365
2017-01-31,8561.2998046875,8631.75,8552.400390625,8629.4501953125,521000,0.6075448519014384,0.8213883629006943,0.0,-0.2138435109992559,-0.8276643631809133
2017-02-01,8716.400390625,8722.400390625,8537.5,8570.349609375,327700,0.1705241236872915,0.8433261677878832,0.0,-0.6728020441005916,1.811647640847469
2017-02-02,8734.25,8757.599609375,8685.7998046875,8724.75,283500,0.0650515929852795,0.4850946599795401,0.4498537470351803,-0.4200430669942606,0.2047818890261066
2017-02-03,8740.9501953125,8748.25,8707.75,8735.150390625,191000,0.9488855372533332,0.3336283958368656,0.0,0.6152571414164676,0.07671174184962215
2017-02-06,8801.0498046875,8814.099609375,8770.2001953125,8785.4501953125,194400,0.3046137691733707,0.1834421964034345,0.5119440344231948,0.1211715727699361,0.6875638006406781
2017-02-07,8768.2998046875,8809.2998046875,8741.0498046875,8805.7001953125,226300,0.0976721140063838,0.8549740195614743,0.0473538664321417,-0.7573019055550905,-0.37211469911869743
2017-02-08,8769.0498046875,8791.25,8715.0,8774.5498046875,218700,0.6842330265121569,0.8825598767723473,0.0,-0.1983268502601903,0.00855353964515082
2017-02-09,8778.400390625,8821.400390625,8724.099609375,8795.5498046875,187500,0.4401524937396013,0.4663097561401701,0.0935377501202285,-0.0261572624005688,0.10663168924529565
2017-02-10,8793.5498046875,8822.099609375,8771.2001953125,8812.349609375,225900,0.1220382348447788,0.0756997273097874,0.8022620378454337,0.0463385075349913,0.17257602055471555
2017-02-13,8805.0498046875,8826.900390625,8754.2001953125,8819.7998046875,204900,0.909320402078782,0.9017740285462288,0.0,0.0075463735325533,0.1307776751758416
2017-02-14,8792.2998046875,8820.4501953125,8772.5,8819.900390625,188300,0.2587799816000169,0.2034727424975958,0.5377472759023872,0.055307239102421,-0.14480326951941125
2017-02-15,8724.7001953125,8807.900390625,8712.849609375,8778.9501953125,216100,0.662522284353982,0.0669736120252715,0.2705041036207465,0.5955486723287104,-0.7688501401983627
2017-02-16,8778.0,8783.9501953125,8719.599609375,8739.0,184600,0.3117110760894109,0.8773504531328387,0.0,-0.5656393770434277,0.6109070053333943
2017-02-17,8821.7001953125,8896.4501953125,8804.25,8883.7001953125,298300,0.5200680211778108,0.3894049389788753,0.0905270398433139,0.1306630821989355,0.4978377228582742
2017-02-20,8879.2001953125,8886.25,8809.7998046875,8818.5498046875,167800,0.9695846277645586,0.0665647279142228,0.0,0.9030198998503356,0.6518017924770803
2017-02-21,8907.849609375,8920.7998046875,8860.9501953125,8890.75,175700,0.7751328233611146,0.6483180074520956,0.0,0.126814815909019,0.3226575978951818
2017-02-22,8926.900390625,8960.75,8905.25,8931.599609375,247100,0.9394989415641892,0.074105422574867,0.0,0.865393518989322,0.21386509747480797
2017-02-23,8939.5,8982.150390625,8927.5498046875,8956.400390625,377200,0.8948273504276488,0.3754689284665004,0.0,0.5193584219611485,0.14114204061503877
2017-02-27,8896.7001953125,8951.7998046875,8888.650390625,8943.7001953125,189900,0.1959828624191452,0.5590592849466022,0.2449578526342526,-0.363076422527457,-0.47877179582190843
2017-02-28,8879.599609375,8914.75,8867.599609375,8898.9501953125,293600,0.045227288910538,0.3211621526359535,0.6336105584535084,-0.2759348637254154,-0.19221268068030373
2017-03-01,8945.7998046875,8960.7998046875,8898.599609375,8904.400390625,205900,0.3253303307632643,0.2201113259047531,0.4545583433319825,0.1052190048585112,0.7455313102474381
2017-03-02,8899.75,8992.5,8879.7998046875,8982.849609375,218800,0.388677289689482,0.3505205342861618,0.2608021760243562,0.0381567554033202,-0.5147645341154417
2017-03-03,8897.5498046875,8907.099609375,8860.099609375,8883.5,202600,0.2713490317738959,0.3725332737595508,0.3561176944665533,-0.1011842419856549,-0.02472199008398679
2017-03-06,8963.4501953125,8967.7998046875,8914.0,8915.099609375,174800,0.2809345096873807,0.4642385197392249,0.2548269705733943,-0.1833040100518441,0.740657732427441
2017-03-07,8946.900390625,8977.849609375,8932.7998046875,8977.75,173400,0.5426960831582485,0.7227377522388047,0.0,-0.1800416690805562,-0.18463654426456033
2017-03-08,8924.2998046875,8957.0498046875,8891.9501953125,8950.7001953125,177800,0.1409242249747626,0.656729484721608,0.2023462903036293,-0.5158052597468453,-0.25260799775062015
2017-03-09,8927.0,8945.7998046875,8899.5,8914.5,171500,0.8021969807540397,0.7087656552291542,0.0,0.0934313255248854,0.030256662949423863
2017-03-10,8934.5498046875,8975.7001953125,8903.9501953125,8953.7001953125,152700,0.0745506436797708,0.008363681876857,0.917085674443372,0.0661869618029137,0.08457269729471584
2017-03-14,9087.0,9122.75,9060.5,9091.650390625,270300,0.0055221171236023,0.0053134756683459,0.9891644072080517,0.0002086414552564,1.7062996865551794
2017-03-15,9084.7998046875,9106.5498046875,9075.5,9086.849609375,240600,0.8154614284548342,0.8044946424318223,0.0,0.0109667860230118,-0.02421255983823256
2017-03-16,9153.7001953125,9158.4501953125,9128.5498046875,9129.650390625,208600,0.7068573438476171,0.7728095732903374,0.0,-0.0659522294427202,0.7584139673551205
2017-03-17,9160.0498046875,9218.400390625,9147.599609375,9207.7998046875,286700,0.7290071680409873,0.5484191629935626,0.0,0.1805880050474246,0.06936658662091144
2017-03-20,9126.849609375,9167.599609375,9116.2998046875,9166.9501953125,332100,0.3584657285442726,0.583713587731364,0.0578206837243634,-0.2252478591870913,-0.36244557639315556
2017-03-21,9121.5,9147.75,9087.2001953125,9133.9501953125,247700,0.1158690595251297,0.7819599771579592,0.1021709633169111,-0.6660909176328295,-0.05861397529225432
2017-03-22,9030.4501953125,9072.900390625,9019.2998046875,9047.2001953125,232300,0.8631034258755935,0.7517469923958404,0.0,0.1113564334797531,-0.9981889457600146
2017-03-23,9086.2998046875,9099.0498046875,9048.599609375,9048.75,191800,0.6232981268275579,0.8030020719578371,0.0,-0.1797039451302792,0.6184587497530369
2017-03-24,9108.0,9133.5498046875,9089.400390625,9104.0,203700,0.3308980248526492,0.5180080664046248,0.151093908742726,-0.1871100415519756,0.2388232369495924
2017-03-27,9045.2001953125,9094.849609375,9024.650390625,9093.4501953125,202700,0.325183322026747,0.6204737850519706,0.0543428929212823,-0.2952904630252235,-0.6895015885759803
2017-03-28,9100.7998046875,9110.400390625,9079.7998046875,9081.5,183300,0.7296061783380641,0.7422531871990872,0.0,-0.0126470088610231,0.6146863328001739
2017-03-29,9143.7998046875,9153.150390625,9109.099609375,9128.7001953125,243400,0.6375574713552131,0.1698810060507353,0.1925615225940515,0.4676764653044778,0.4724859454424246
2017-03-30,9173.75,9183.150390625,9136.349609375,9142.599609375,323400,0.8872127425763265,0.1949751999002892,0.0,0.6922375426760373,0.3275464899958447
2017-03-31,9173.75,9191.7001953125,9152.099609375,9158.900390625,190900,0.4722149251619493,0.8904095172193285,0.0,-0.4181945920573792,0.0
2017-04-03,9237.849609375,9245.349609375,9192.400390625,9220.599609375,139100,0.7607850486168974,0.7587153211639207,0.0,0.0020697274529767,0.6987285393105225
2017-04-05,9265.150390625,9273.900390625,9215.400390625,9264.400390625,184800,0.770967179954561,0.6541327370278737,0.0,0.1168344429266873,0.2955317785461098
2017-04-06,9261.9501953125,9267.9501953125,9218.849609375,9245.7998046875,186100,0.4937955963643907,0.88912792394001,0.0,-0.3953323275756192,-0.034540133484917135
2017-04-07,9198.2998046875,9250.5,9188.099609375,9223.7001953125,190000,0.5227328293819941,0.5788067545119405,0.0,-0.0560739251299464,-0.6872244968150865
2017-04-10,9181.4501953125,9225.650390625,9174.849609375,9225.599609375,135800,0.1078914269933044,0.4739212201161027,0.4181873528905928,-0.3660297931227982,-0.18318178068531532
2017-04-11,9237.0,9242.7001953125,9172.849609375,9184.5498046875,200100,0.0314291856867342,0.716397111958099,0.2521737023551668,-0.6849679262713647,0.6050221207523521
2017-04-12,9203.4501953125,9246.400390625,9161.7998046875,9242.5,161800,0.6364104112637804,0.2709426983163654,0.0926468904198541,0.365467712947415,-0.3632110499891761
2017-04-13,9150.7998046875,9202.650390625,9144.9501953125,9202.5,166500,0.3143559810763267,0.2022541805245349,0.4833898383991384,0.1121018005517917,-0.5720723153564311
2017-04-17,9139.2998046875,9160.0,9120.25,9144.75,0,0.4103829230356297,0.4248508428680869,0.1647662340962833,-0.0144679198324572,-0.12567207506942735
2017-04-18,9105.150390625,9217.900390625,9095.4501953125,9163.0,174200,0.7555511385430487,0.907838513883534,0.0,-0.1522873753404854,-0.3736545992832463
2017-04-19,9103.5,9120.5,9075.150390625,9112.2001953125,173700,0.2287981654916224,0.5070596467387183,0.2641421877696592,-0.2782614812470958,-0.018125901870869043
2017-04-20,9136.400390625,9143.900390625,9102.650390625,9108.099609375,170300,0.0769799098287929,0.187920380815323,0.735099709355884,-0.11094047098653,0.3614037526775471
2017-04-21,9119.400390625,9183.650390625,9088.75,9179.099609375,155200,0.289751452913768,0.076971669380874,0.6332768777053579,0.2127797835328939,-0.18606890321317682
2017-04-24,9217.9501953125,9225.400390625,9130.5498046875,9135.349609375,167700,0.808120379564417,0.8218309465853593,0.0,-0.0137105670209423,1.080661013511497
2017-04-25,9306.599609375,9309.2001953125,9250.349609375,9273.0498046875,168700,0.6334037565104235,0.6595107686407702,0.0,-0.0261070121303467,0.961704198701141
2017-04-26,9351.849609375,9367.0,9301.349609375,9336.2001953125,185700,0.8714605901877177,0.7962414505413685,0.0,0.0752191396463491,0.48621410503593143
2017-04-27,9342.150390625,9367.150390625,9322.650390625,9359.150390625,209400,0.8036720768991145,0.2719460394184487,0.0,0.5317260374806657,-0.1037144431864756
2017-04-28,9304.0498046875,9342.650390625,9282.25,9340.9501953125,162200,0.1865700588860358,0.6923589224610581,0.121071018652906,-0.5057888635750223,-0.40783528785550693
2017-05-02,9313.7998046875,9352.5498046875,9269.900390625,9339.849609375,161600,0.8960912999234932,0.3245118001753421,0.0,0.5715794997481511,0.10479307618374012
2017-05-03,9311.9501953125,9346.2998046875,9298.400390625,9344.7001953125,151600,0.3180034749718639,0.2695118622922726,0.4124846627358635,0.0484916126795912,-0.019858805361794296
2017-05-04,9359.900390625,9365.650390625,9323.25,9360.9501953125,269600,0.1100519245276767,0.1909265850716435,0.6990214904006797,-0.0808746605439667,0.5149318274558334
2017-05-05,9285.2998046875,9377.099609375,9272.0,9374.5498046875,231900,0.2279351625419416,0.6946409588937278,0.0774238785643305,-0.4667057963517861,-0.7970232889681239
2017-05-08,9314.0498046875,9338.7001953125,9297.9501953125,9311.4501953125,174300,0.8607305832563434,0.2646350269253573,0.0,0.5960955563309861,0.30962920535411165
2017-05-09,9316.849609375,9338.9501953125,9307.7001953125,9337.349609375,132300,0.0069521305311907,0.6619689447938686,0.3310789246749407,-0.6550168142626779,0.030060014131461088
2017-05-10,9407.2998046875,9414.75,9336.0,9339.650390625,152700,0.5107473025775657,0.8149397285405392,0.0,-0.3041924259629734,0.9708238203339103
2017-05-11,9422.400390625,9450.650390625,9411.2998046875,9448.599609375,171100,0.417411003148779,0.7780252431446532,0.0,-0.3606142399958741,0.16051987553300506
2017-05-12,9400.900390625,9437.75,9372.5498046875,9436.650390625,154300,0.2221078104707302,0.7608513309307817,0.017040858598488,-0.5387435204600515,-0.2281796475279485
2017-05-15,9445.400390625,9449.25,9423.099609375,9433.5498046875,140800,0.9429097039125192,0.6989488284873856,0.0,0.2439608754251335,0.4733589140501593
2017-05-16,9512.25,9517.2001953125,9456.349609375,9461.0,166500,0.3232029320207552,0.3683472137943513,0.3084498541848934,-0.045144281773596,0.7077477566896029
2017-05-17,9525.75,9532.599609375,9486.099609375,9517.599609375,205500,0.5187906217433661,0.4323462264033473,0.0488631518532866,0.0864443953400188,0.14192225814082526
2017-05-18,9429.4501953125,9489.099609375,9418.099609375,9453.2001953125,193300,0.7030189588951778,0.031149092793391,0.2658319483114311,0.6718698661017868,-1.0109419697924005
2017-05-19,9427.900390625,9505.75,9390.75,9469.900390625,252100,0.363629602379294,0.2595764492750492,0.3767939483456568,0.1040531531042447,-0.01643579058586697
2017-05-22,9438.25,9498.650390625,9427.900390625,9480.25,196800,0.2517822958253641,0.2433966832185304,0.5048210209561054,0.0083856126068336,0.10977639714238041
2017-05-23,9386.150390625,9448.0498046875,9370.0,9445.0498046875,224400,0.4972485058923854,0.557337169573008,0.0,-0.0600886636806226,-0.552004973114717
2017-05-24,9360.5498046875,9431.900390625,9341.650390625,9410.900390625,211800,0.3008783098167696,0.0389793206611304,0.6601423695220999,0.2618989891556392,-0.27274851639997877
2017-05-25,9509.75,9523.2998046875,9379.2001953125,9384.0498046875,289200,0.2848404943774676,0.6668473913056581,0.0483121143168743,-0.3820068969281904,1.5939255537936958
2017-05-26,9595.099609375,9604.900390625,9495.400390625,9507.75,218800,0.0368869473545327,0.3230273457540938,0.6400857068913733,-0.286140398399561,0.8974958266515953
2017-05-29,9604.900390625,9637.75,9547.7001953125,9560.0498046875,235000,0.0514787512499893,0.3252906183617478,0.6232306303882629,-0.2738118671117584,0.102143611312
2017-05-30,9624.5498046875,9635.2998046875,9581.2001953125,9590.650390625,193900,0.2786464642366114,0.900960895690468,0.0,-0.6223144314538565,0.20457696866569286
2017-05-31,9621.25,9649.599609375,9609.25,9636.5498046875,414300,0.9082658859666536,0.9961576734987788,0.0,-0.0878917875321251,-0.03428528870922376
2017-06-01,9616.099609375,9634.650390625,9589.900390625,9603.5498046875,176100,0.2395618906669724,0.8254156641239481,0.0,-0.5858537734569756,-0.05353140834091219
2017-06-02,9653.5,9673.5,9637.4501953125,9657.150390625,162200,0.1448948720912231,0.844871347755229,0.0102337801535479,-0.6999764756640059,0.388935141525959
2017-06-05,9675.099609375,9687.2001953125,9640.7001953125,9656.2998046875,127700,0.2420552715115004,0.0672559139673678,0.6906888145211317,0.1747993575441325,0.2237489964779682
2017-06-06,9637.150390625,9709.2998046875,9630.2001953125,9704.25,145900,0.6721355474058786,0.0949179368216697,0.2329465157724517,0.5772176105842088,-0.3922359487981697
2017-06-07,9663.900390625,9678.5498046875,9630.5498046875,9663.9501953125,160700,0.7616196153287176,0.9988926120332906,0.0,-0.237272996704573,0.2775716774745085
2017-06-08,9647.25,9688.7001953125,9641.5,9682.400390625,155400,0.2376375439923996,0.3266392494259109,0.4357232065816894,-0.0890017054335112,-0.17229472523487832
2017-06-09,9668.25,9676.25,9608.150390625,9638.5498046875,159000,0.7282163486118596,0.7481839120488464,0.0,-0.0199675634369868,0.21767861307626646
2017-06-12,9616.400390625,9647.0498046875,9598.5,9646.7001953125,141400,0.6335297107608947,0.9976282974021564,0.0,-0.3640985866412618,-0.5362874292141773
2017-06-13,9606.900390625,9654.150390625,9595.400390625,9615.5498046875,129700,0.5357746840747585,0.2414964852568678,0.2227288306683736,0.2942781988178906,-0.09878956380873216
2017-06-14,9618.150390625,9627.400390625,9580.4501953125,9621.5498046875,181800,0.0902897700544083,0.0403508268596997,0.869359403085892,0.0499389431947085,0.11710332721861505
2017-06-15,9578.0498046875,9621.400390625,9560.7998046875,9617.900390625,171100,0.835302495589238,0.411191517994586,0.0,0.424110977594652,-0.41692616884621003
2017-06-16,9588.0498046875,9615.849609375,9565.5,9595.4501953125,213200,0.3207800649717358,0.1300806698289469,0.5491392651993172,0.1906993951427888,0.10440538735876359
2017-06-19,9657.5498046875,9673.2998046875,9614.900390625,9626.400390625,141700,0.5908929431882418,0.7837382510752364,0.0,-0.1928453078869946,0.7248606485755094
2017-06-20,9653.5,9676.5,9643.75,9670.5,159500,0.6775643618422824,0.5661806912250709,0.0,0.1113836706172115,-0.04193408027297618
2017-06-21,9633.599609375,9650.4501953125,9608.599609375,9648.099609375,144000,0.0165878289278561,0.312777989210354,0.6706341818617898,-0.2961901602824979,-0.20614689620345183
2017-06-22,9630.0,9698.849609375,9617.75,9642.650390625,198800,0.512093058299281,0.6543420054927197,0.0,-0.1422489471934387,-0.037365154469337636
2017-06-23,9574.9501953125,9647.650390625,9565.2998046875,9643.25,175200,0.2264957751979379,0.2320181803088107,0.5414860444932513,-0.0055224051108727,-0.5716490621754944
2017-06-27,9511.400390625,9615.400390625,9473.4501953125,9594.0498046875,203300,0.3867353463005374,0.76230262450096,0.0,-0.3755672782004225,-0.6637089842891464
2017-06-28,9491.25,9522.5,9474.349609375,9520.2001953125,172400,0.9367299887367344,0.0389380166876656,0.0243319945755998,0.8977919720490689,-0.21185514012070916
2017-06-29,9504.099609375,9575.7998046875,9493.7998046875,9522.9501953125,259300,0.1375209441459932,0.8371196278306522,0.0253594280233545,-0.6995986836846589,0.13538374160411148
2017-06-30,9520.900390625,9535.7998046875,9448.75,9478.5,179600,0.3410663510502585,0.6195262000363033,0.0394074489134381,-0.2784598489860448,0.17677404426008625
2017-07-03,9615.0,9624.0,9543.5498046875,9587.9501953125,183000,0.877339353380981,0.8644332468683641,0.0,0.0129061065126169,0.9883477981521338
2017-07-04,9613.2998046875,9650.650390625,9595.5,9645.900390625,144800,0.2579416277151556,0.5869365065589071,0.1551218657259373,-0.3289948788437514,-0.0176827385595435
2017-07-05,9637.599609375,9643.650390625,9607.349609375,9619.75,130800,0.659984046034179,0.5809503798881793,0.0,0.0790336661459997,0.25277277502206985
2017-07-06,9674.5498046875,9700.7001953125,9639.9501953125,9653.599609375,147400,0.8172222002012158,0.9906791570657658,0.0,-0.1734569568645499,0.3833962481337938
2017-07-07,9665.7998046875,9684.25,9642.650390625,9670.349609375,141800,0.5552008115994623,0.756730167068568,0.0,-0.2015293554691056,-0.09044348498532528
2017-07-10,9771.0498046875,9782.150390625,9646.4501953125,9719.2998046875,37500,0.0931027678058992,0.3892304716917885,0.5176667605023123,-0.2961277038858892,1.0888907501369838
2017-07-11,9786.0498046875,9830.0498046875,9778.849609375,9797.4501953125,179700,0.8972157579533268,0.228875462483499,0.0,0.6683402954698278,0.1535147225716127
2017-07-12,9816.099609375,9824.9501953125,9787.7001953125,9807.2998046875,145500,0.9004180571633305,0.5968518768877594,0.0,0.303566180275571,0.3070677677637246
2017-07-13,9891.7001953125,9897.25,9853.4501953125,9855.7998046875,181300,0.6331014572732679,0.9281820981139516,0.0,-0.2950806408406835,0.7701693029408263
2017-07-14,9886.349609375,9913.2998046875,9845.4501953125,9913.2998046875,159600,0.3390297910487007,0.9291395200154628,0.0,-0.5901097289667621,-0.05409167111671831
2017-07-17,9915.9501953125,9928.2001953125,9894.7001953125,9908.150390625,163500,0.8971102599525771,0.2116358985698612,0.0,0.6854743613827159,0.29940865038224906
2017-07-18,9827.150390625,9885.349609375,9792.0498046875,9832.7001953125,293900,0.8870864242651173,0.9956311094988834,0.0,-0.1085446852337661,-0.8955249163058343
2017-07-19,9899.599609375,9905.0498046875,9851.650390625,9855.9501953125,200200,0.7798755458576239,0.9811179078679356,0.0,-0.2012423620103118,0.7372352703497453
2017-07-20,9873.2998046875,9922.5498046875,9863.4501953125,9920.2001953125,161100,0.6420316461542878,0.6495089297074473,0.0,-0.0074772835531595,-0.2656653372384299
2017-07-21,9915.25,9924.7001953125,9838.0,9899.599609375,187500,0.0841399649950488,0.8044140596774734,0.1114459753274778,-0.7202740946824245,0.42488525763781926
2017-07-24,9966.400390625,9982.0498046875,9919.599609375,9936.7998046875,174500,0.6064290596595899,0.0533479969888976,0.3402229433515124,0.5530810626706922,0.5158759549683589
2017-07-25,9964.5498046875,10011.2998046875,9949.099609375,10010.5498046875,185500,0.0091970516166296,0.454764342552661,0.5360386058307093,-0.4455672909360314,-0.018568247962835738
2017-07-26,10020.650390625,10025.9501953125,9965.9501953125,9983.650390625,197600,0.1014715428660321,0.6747863021674105,0.2237421549665573,-0.5733147593013784,0.5630017114381713
2017-07-27,10020.5498046875,10114.849609375,10005.5,10063.25,287900,0.6635017691080558,0.6775316138836847,0.0,-0.0140298447756288,-0.0010037865166290239
2017-07-28,10014.5,10026.0498046875,9944.5,9996.5498046875,191600,0.0050615838462186,0.3731226184223836,0.6218157977313977,-0.3680610345761649,-0.06037397952625145
2017-07-31,10077.099609375,10085.900390625,10016.9501953125,10034.7001953125,237700,0.6918951976926933,0.5003594462155606,0.0,0.1915357514771326,0.6250897136651945
2017-08-01,10114.650390625,10128.599609375,10065.75,10101.0498046875,184300,0.6519612595026005,0.6908839765508228,0.0,-0.0389227170482222,0.37263481265050746
2017-08-02,10081.5,10137.849609375,10054.2001953125,10136.2998046875,161500,0.2242693094605597,0.6971358058918092,0.0785948846476309,-0.4728664964312494,-0.32774628232060676
2017-08-03,10013.650390625,10081.150390625,9998.25,10081.150390625,192700,0.7121792213475359,0.6486389567688156,0.0,0.0635402645787203,-0.6730110536626532
2017-08-04,10066.400390625,10075.25,9988.349609375,10008.599609375,178600,0.2372490874968,0.2752882134518601,0.4874626990513397,-0.03803912595506,0.5267809234621001
2017-08-07,10057.400390625,10088.099609375,10046.349609375,10074.7998046875,137400,0.6496328990472147,0.5993021161394377,0.0,0.0503307829077769,-0.0894063384204502
2017-08-08,9978.5498046875,10083.7998046875,9947.0,10068.349609375,203300,0.8492234104941779,0.1793560102892409,0.0,0.669867400204937,-0.7840056363968673
2017-08-09,9908.0498046875,9969.7998046875,9893.0498046875,9961.150390625,169200,0.6576128923003434,0.7051391455705633,0.0,-0.0475262532702199,-0.7065154895241621
2017-08-10,9820.25,9892.650390625,9776.2001953125,9872.849609375,235500,0.5683086033354716,0.4551719917336564,0.0,0.1131366116018152,-0.8861461782919355
2017-08-11,9710.7998046875,9771.650390625,9685.5498046875,9712.150390625,285900,0.0936747678280924,0.6677605916031529,0.2385646405687546,-0.5740858237750605,-1.1145357329243155
2017-08-14,9794.150390625,9818.2998046875,9752.099609375,9755.75,195600,0.2439896433790835,0.0191448679968366,0.7368654886240797,0.2248447753822469,0.8583287433983067
2017-08-16,9897.2998046875,9903.9501953125,9773.849609375,9825.849609375,219500,0.3930977246667604,0.6096974251526159,0.0,-0.2165997004858555,1.0531736796816515
2017-08-17,9904.150390625,9947.7998046875,9883.75,9945.5498046875,197600,0.8920465551771133,0.6996395696221217,0.0,0.1924069855549915,0.06921671640436333
2017-08-18,9837.400390625,9865.9501953125,9783.650390625,9865.9501953125,246300,0.6311386259972629,0.8381549749886426,0.0,-0.2070163489913796,-0.6739598791147605
2017-08-21,9754.349609375,9884.349609375,9740.099609375,9864.25,205300,0.5769038846263591,0.5359350788521182,0.0,0.0409688057742408,-0.8442350412935062
2017-08-22,9765.5498046875,9828.4501953125,9752.599609375,9815.75,183600,0.4925176938188639,0.4884956326599053,0.0189866735212307,0.0040220611589585,0.11482257414410224
2017-08-23,9852.5,9857.900390625,9786.75,9803.0498046875,168600,0.1952429877980445,0.4018871998907301,0.4028698123112254,-0.2066442120926855,0.8903768559017866
2017-08-24,9857.0498046875,9881.5,9848.849609375,9881.2001953125,184700,0.7224521152615053,0.1536910428442045,0.1238568418942901,0.5687610724173008,0.04617918992642078
2017-08-28,9912.7998046875,9925.75,9882.0,9907.150390625,159600,0.1771106794070489,0.5831908042770976,0.2396985163158534,-0.4060801248700486,0.5655850493267112
2017-08-29,9796.0498046875,9887.349609375,9783.75,9886.400390625,173300,0.9404585843529144,0.5928401805081102,0.0,0.3476184038448041,-1.1777701789638884
2017-08-30,9884.400390625,9909.4501953125,9850.7998046875,9859.5,157800,0.9539285770025874,0.35492466087701,0.0,0.5990039161255774,0.9019001301445284
2017-08-31,9917.900390625,9925.099609375,9856.9501953125,9905.7001953125,327700,0.9148643902204484,0.0519893519777074,0.0331462578018439,0.862875038242741,0.33891787742403867
2017-09-01,9974.400390625,9983.4501953125,9909.849609375,9937.650390625,157800,0.3701587002554444,0.0317437653729886,0.598097534371567,0.3384149348824558,0.569677026131532
2017-09-04,9912.849609375,9988.400390625,9861.0,9984.150390625,148800,0.4281841483173143,0.6068469555401391,0.0,-0.1786628072228248,-0.6170875324781666
2017-09-05,9952.2001953125,9963.099609375,9901.0498046875,9933.25,139200,0.9666548190436696,0.8809730056396574,0.0,0.0856818134040121,0.39696542859164463
2017-09-06,9916.2001953125,9931.5498046875,9882.5498046875,9899.25,149200,0.9636199770892528,0.8829148165187222,0.0,0.0807051605705306,-0.36172905783141696
2017-09-07,9929.900390625,9964.849609375,9917.2001953125,9945.849609375,188800,0.8530094554673601,0.6590454101322324,0.0,0.1939640453351276,0.13815972895521167
2017-09-08,9934.7998046875,9963.599609375,9913.2998046875,9958.650390625,163600,0.2944488920695857,0.211231831472931,0.4943192764574833,0.0832170605966546,0.049340012183063386
2017-09-11,10006.0498046875,10028.650390625,9968.7998046875,9971.75,173000,0.3169220051562776,0.1966535849529587,0.4864244098907636,0.1202684202033189,0.7171760015373785
2017-09-12,10093.0498046875,10097.5498046875,10028.0498046875,10056.849609375,182600,0.1694927466860925,0.7374260857706773,0.0930811675432302,-0.5679333390845848,0.8694739852208588
2017-09-13,10079.2998046875,10131.9501953125,10063.150390625,10099.25,215000,0.5568012624583502,0.2865195489271229,0.1566791886145269,0.2702817135312272,-0.13623236054590704
2017-09-14,10086.599609375,10126.5,10070.349609375,10107.400390625,225600,0.936154774160781,0.8026403123529297,0.0,0.1335144618078513,0.07242372812548137
2017-09-15,10085.400390625,10115.150390625,10043.650390625,10062.349609375,266600,0.696029796674973,0.9972378999036028,0.0,-0.3012081032286297,-0.011889227256378643
2017-09-18,10153.099609375,10171.7001953125,10131.2998046875,10133.099609375,156100,0.6150072266991697,0.622630533598658,0.0,-0.0076233068994883,0.6712596042585561
2017-09-19,10147.5498046875,10178.9501953125,10129.9501953125,10175.599609375,187500,0.9900538501042632,0.9733826191648212,0.0,0.0166712309394421,-0.05466118624873895
2017-09-20,10141.150390625,10171.0498046875,10134.2001953125,10160.9501953125,199400,0.140084015236524,0.4650095175264276,0.3949064672370483,-0.3249255022899036,-0.06306363787978997
2017-09-21,10121.900390625,10158.900390625,10058.599609375,10139.599609375,191800,0.5183296523637367,0.8473879305713737,0.0,-0.329058278207637,-0.18982067377479872
2017-09-22,9964.400390625,10095.0498046875,9952.7998046875,10094.349609375,226600,0.8773730719279554,0.0623940685982772,0.0602328594737673,0.8149790033296782,-1.556031910231781
2017-09-25,9872.599609375,9960.5,9816.0498046875,9960.099609375,221400,0.7024840839871093,0.9753431334790704,0.0,-0.2728590494919612,-0.9212875602266135
2017-09-26,9871.5,9891.349609375,9813.0,9875.25,190900,0.3594911512197551,0.8169739072718367,0.0,-0.4574827560520815,-0.011137992205778602
2017-09-27,9735.75,9921.0498046875,9714.400390625,9920.599609375,200100,0.2935918442644933,0.8525474212459705,0.0,-0.5589555769814771,-1.375170946664639
2017-09-28,9768.9501953125,9789.2001953125,9687.5498046875,9736.400390625,385000,0.8093611554785136,0.9379652314338942,0.0,-0.1286040759553806,0.3410132276660871
2017-09-29,9788.599609375,9854.0,9775.349609375,9814.2998046875,196300,0.8101133946791808,0.0851034861197853,0.1047831192010338,0.7250099085593954,0.2011415113154058
2017-10-03,9859.5,9895.400390625,9831.0498046875,9893.2998046875,162800,0.5015162946871996,0.2293657770376723,0.269117928275128,0.2721505176495272,0.7243159742390093
2017-10-04,9914.900390625,9938.2998046875,9850.650390625,9884.349609375,156200,0.7982951789667752,0.4691072110475787,0.0,0.3291879679191964,0.5618985813175215
2017-10-05,9888.7001953125,9945.9501953125,9881.849609375,9927.0,147800,0.6499639307777652,0.2685621674536426,0.0814739017685922,0.3814017633241225,-0.26425071639926134
2017-10-06,9979.7001953125,9989.349609375,9906.599609375,9908.150390625,195800,0.7019668772577033,0.100978106817761,0.1970550159245355,0.6009887704399423,0.9202422785872022
2017-10-09,9988.75,10015.75,9959.4501953125,9988.2001953125,143900,0.3379951568515358,0.9730767979122984,0.0,-0.6350816410607625,0.09068212982741297
2017-10-10,10016.9501953125,10034.0,10002.2998046875,10013.7001953125,148600,0.375582952639944,0.7592925069184736,0.0,-0.3837095542785296,0.28231956263296
2017-10-11,9984.7998046875,10067.25,9955.7998046875,10042.599609375,189700,0.093981939840869,0.967761465269562,0.0,-0.873779525428693,-0.32095987299651796
2017-10-12,10096.400390625,10104.4501953125,9977.099609375,10011.2001953125,200900,0.578280140996174,0.4397404865079085,0.0,0.1385396544882654,1.1177047924897598
2017-10-13,10167.4501953125,10191.900390625,10120.099609375,10123.7001953125,230100,0.035942273796742,0.2783684816626566,0.6856892445406013,-0.2424262078659145,0.7037142143597297
2017-10-16,10230.849609375,10242.9501953125,10175.099609375,10207.400390625,203000,0.2865412521282844,0.2993833737053483,0.4140753741663673,-0.0128421215770638,0.6235527378509298
2017-10-17,10234.4501953125,10251.849609375,10212.599609375,10227.650390625,195700,0.5908332605690108,0.2325059922078312,0.176660747223158,0.3583272683611795,0.035193420634405115
2017-10-18,10210.849609375,10236.4501953125,10175.75,10209.400390625,254200,0.0305002499390494,0.1296789782242353,0.8398207718367152,-0.0991787282851859,-0.23059945074831445
2017-10-19,10146.5498046875,10211.9501953125,10123.349609375,10210.349609375,30200,0.0373481887492144,0.2564630610167659,0.7061887502340196,-0.2191148722675515,-0.6297204164917303
2017-10-23,10184.849609375,10224.150390625,10124.5,10176.650390625,218100,0.5222432600548044,0.2105069396653429,0.2672498002798527,0.3117363203894614,0.377466285828576
2017-10-24,10207.7001953125,10237.75,10182.400390625,10218.5498046875,217200,0.7699935530986108,0.8090236402916764,0.0,-0.0390300871930655,0.22435859942857572
2017-10-25,10295.349609375,10340.5498046875,10240.900390625,10321.150390625,594200,0.2158210274968431,0.1469219235837707,0.6372570489193861,0.0688991039130724,0.8586597606260904
2017-10-26,10343.7998046875,10355.650390625,10271.849609375,10291.7998046875,429700,0.6228904758190003,0.3426451465225215,0.0344643776584782,0.2802453292964787,0.4706027201677676
2017-10-27,10323.0498046875,10366.150390625,10311.2998046875,10362.2998046875,312700,0.085347464993768,0.8646589218581401,0.0499936131480919,-0.7793114568643721,-0.2006032637116295
2017-10-30,10363.650390625,10384.5,10344.2998046875,10353.849609375,236900,0.5406351216101065,0.4845379950800108,0.0,0.0560971265300956,0.393300300838062
2017-10-31,10335.2998046875,10367.7001953125,10323.9501953125,10364.900390625,232600,0.6374299014982066,0.3024195112785364,0.060150587223257,0.3350103902196701,-0.2735579151063039
2017-11-01,10440.5,10451.650390625,10383.0498046875,10390.349609375,260300,0.7260913337226615,0.5634083644838541,0.0,0.1626829692388074,1.0178727013297362
2017-11-02,10423.7998046875,10453.0,10412.5498046875,10440.5,201500,0.9758520794625346,0.8038048904834751,0.0,0.1720471889790594,-0.15995589591015769
2017-11-03,10452.5,10461.7001953125,10403.599609375,10461.5498046875,199900,0.5163003483011953,0.1371484881527431,0.3465511635460615,0.3791518601484521,0.27533333189682097
2017-11-06,10451.7998046875,10490.4501953125,10413.75,10431.75,193600,0.2708322512620742,0.1440787860131995,0.5850889627247262,0.1267534652488746,-0.006698831021290097
2017-11-07,10350.150390625,10485.75,10340.7998046875,10477.150390625,286900,0.4389714207056361,0.6239984855289824,0.0,-0.1850270648233463,-0.9725541625559164
2017-11-08,10303.150390625,10384.25,10285.5,10361.9501953125,274500,0.0784563813422659,0.2736404178607716,0.6479032007969624,-0.1951840365185057,-0.45409968189999983
2017-11-09,10308.9501953125,10368.4501953125,10266.9501953125,10358.650390625,240200,0.0253507434154575,0.4878343185440125,0.48681493804053,-0.462483575128555,0.05629156585715833
2017-11-10,10321.75,10344.9501953125,10254.099609375,10304.349609375,279400,0.9626484146779252,0.0822723242770618,0.0,0.8803760904008632,0.12416205767800115
2017-11-13,10224.9501953125,10334.150390625,10216.25,10322.0,210300,0.4089529444142699,0.8223812111853543,0.0,-0.4134282667710844,-0.9378235734008311
2017-11-14,10186.599609375,10248.0,10175.5498046875,10223.400390625,305000,0.1732943200708457,0.0569787269973682,0.769726952931786,0.1163155930734775,-0.37506868204679744
2017-11-15,10118.0498046875,10175.4501953125,10094.0,10171.9501953125,207400,0.156437042671086,0.4186072749183299,0.424955682410584,-0.2621702322472439,-0.672940994209803
2017-11-16,10214.75,10232.25,10139.2001953125,10152.900390625,182600,0.2502428981645953,0.458431424131438,0.2913256777039666,-0.2081885259668426,0.9557197007243445
2017-11-17,10283.599609375,10343.599609375,10268.0498046875,10324.5498046875,203300,0.5492266647061205,0.7250060762991187,0.0,-0.1757794115929982,0.6740214824151325
2017-11-20,10298.75,10309.849609375,10261.5,10287.2001953125,147200,0.2799338969459428,0.7770492856517561,0.0,-0.4971153887058133,0.14732575363192169
2017-11-21,10326.900390625,10358.7001953125,10315.0498046875,10329.25,186100,0.954865280663194,0.8622029736581888,0.0,0.0926623070050053,0.27333793542905216
2017-11-22,10342.2998046875,10368.7001953125,10309.5498046875,10350.7998046875,157600,0.7378969166957685,0.3138754967224705,0.0,0.424021419973298,0.149119420929833
2017-11-23,10348.75,10374.2998046875,10307.2998046875,10358.4501953125,153000,0.5543540525114007,0.538022705363903,0.0,0.0163313471474977,0.06236712756650942
2017-11-24,10389.7001953125,10404.5,10362.25,10366.7998046875,129200,0.6117207462343522,0.8401080784391999,0.0,-0.2283873322048476,0.3957018510689636
2017-11-27,10399.5498046875,10407.150390625,10340.2001953125,10361.0498046875,141900,0.3559726786512616,0.3714672626243768,0.2725600587243616,-0.0154945839731152,0.0948016707878141
2017-11-28,10370.25,10409.5498046875,10355.2001953125,10387.900390625,196000,0.7578461104643691,0.1951665172186504,0.0469873723169804,0.5626795932457187,-0.28174108723719726
2017-11-29,10361.2998046875,10392.9501953125,10345.900390625,10376.650390625,152500,0.0143934886297558,0.4893925374065887,0.4962139739636554,-0.4749990487768328,-0.08630645657047298
2017-11-30,10226.5498046875,10332.7001953125,10211.25,10332.7001953125,342500,0.1160726405069162,0.7416414518360422,0.1422859076570415,-0.625568811329126,-1.3005125084696312
2017-12-01,10121.7998046875,10272.7001953125,10108.5498046875,10263.7001953125,143400,0.0460026420217527,0.4925690707532976,0.4614282872249496,-0.4465664287315448,-1.0242946252702612
2017-12-04,10127.75,10179.2001953125,10095.7001953125,10175.0498046875,148600,0.7036578593800237,0.3614037790671863,0.0,0.3422540803128373,0.058785941505634653
2017-12-05,10118.25,10147.9501953125,10069.099609375,10118.25,155500,0.4741738290873252,0.8597946748116456,0.0,-0.3856208457243204,-0.09380168349337747
2017-12-06,10044.099609375,10104.2001953125,10033.349609375,10088.7998046875,166100,0.0978341606510014,0.4068048009517235,0.4953610383972749,-0.3089706403007221,-0.7328380957675518
2017-12-07,10166.7001953125,10182.650390625,10061.900390625,10063.4501953125,166200,0.4916158751168323,0.3282331056783394,0.1801510192048282,0.1633827694384929,1.2206229598028528
2017-12-08,10265.650390625,10270.849609375,10195.25,10198.4501953125,200000,0.4734717707805657,0.453989911199699,0.0725383180197353,0.0194818595808666,0.9732773998600175
2017-12-11,10322.25,10329.2001953125,10282.0498046875,10310.5,147400,0.3985047343973734,0.1964192158720173,0.4050760497306092,0.202085518525356,0.5513494734507018
2017-12-12,10240.150390625,10326.099609375,10230.2001953125,10324.900390625,175100,0.6158500980522165,0.951444825663092,0.0,-0.3355947276108755,-0.7953654423696332
2017-12-13,10192.9501953125,10296.5498046875,10169.849609375,10236.599609375,181600,0.6350936508676438,0.1754916273813573,0.1894147217509988,0.4596020234862864,-0.4609326378225087
2017-12-14,10252.099609375,10276.099609375,10141.5498046875,10229.2998046875,154300,0.0453040097720445,0.5677273179310546,0.3869686722969009,-0.5224233081590101,0.5802972930222028
2017-12-15,10333.25,10373.099609375,10319.650390625,10345.650390625,255100,0.3746126146264712,0.5793144666619379,0.0460729187115909,-0.2047018520354666,0.7915489872025061
2017-12-18,10388.75,10443.5498046875,10074.7998046875,10263.099609375,230400,0.8564898411883223,0.2298267257976184,0.0,0.6266631153907039,0.5371011056540809
2017-12-19,10463.2001953125,10472.2001953125,10406.0,10414.7998046875,169100,0.658693631618945,0.5526622677767482,0.0,0.1060313638421968,0.7166424768379365
2017-12-20,10444.2001953125,10494.4501953125,10437.150390625,10494.400390625,175200,0.1629344270814297,0.3721732552468971,0.4648923176716731,-0.2092388281654674,-0.1815888030940238
2017-12-21,10440.2998046875,10473.9501953125,10426.900390625,10473.9501953125,151900,0.0705687474004298,0.661667259629189,0.2677639929703811,-0.5910985122287592,-0.03734503889297747
2017-12-22,10493.0,10501.099609375,10448.25,10457.2998046875,138800,0.6424192782063156,0.1412235433731494,0.2163571784205349,0.5011957348331662,0.5047766472073834
2017-12-26,10531.5,10545.4501953125,10477.9501953125,10512.2998046875,155600,0.575474177875879,0.2187098003235832,0.2058160218005378,0.3567643775522957,0.3669112741827796
2017-12-27,10490.75,10552.400390625,10469.25,10531.0498046875,165200,0.3881699262065219,0.1828377798688171,0.428992293924661,0.2053321463377048,-0.3869344347908643
2017-12-28,10477.900390625,10534.5498046875,10460.4501953125,10498.2001953125,272900,0.6432882184423532,0.825710951560667,0.0,-0.1824227331183138,-0.12248513571480046
2017-12-29,10530.7001953125,10538.7001953125,10488.650390625,10492.349609375,152000,0.4582528904915166,0.2857075676608903,0.256039541847593,0.1725453228306263,0.5039158869532878
2018-01-02,10442.2001953125,10495.2001953125,10404.650390625,10477.5498046875,153400,0.9611905638239142,0.1430011226657264,0.0,0.8181894411581878,-0.8403999578242116
2018-01-03,10443.2001953125,10503.599609375,10429.5498046875,10482.650390625,167300,0.9053506419560636,0.3745482433795812,0.0,0.5308023985764825,0.009576525840304662
2018-01-04,10504.7998046875,10513.0,10441.4501953125,10469.400390625,174900,0.1957911347892964,0.797732263348214,0.0064766018624895,-0.6019411285589176,0.5898537634340117
2018-01-05,10558.849609375,10566.099609375,10520.099609375,10534.25,180900,0.0693613008751654,0.3673907286970704,0.5632479704277641,-0.298029427821905,0.5145248428569005
2018-01-08,10623.599609375,10631.2001953125,10588.5498046875,10591.7001953125,169000,0.0944429607559284,0.8451208514960348,0.0604361877480368,-0.7506778907401064,0.6132296831134809
2018-01-09,10637.0,10659.150390625,10603.599609375,10645.099609375,205000,0.6830067734163568,0.7959263871435024,0.0,-0.1129196137271455,0.12613794869653638
2018-01-10,10632.2001953125,10655.5,10592.7001953125,10652.0498046875,176400,0.0711886484602289,0.1751231401303532,0.7536882114094178,-0.1039344916701242,-0.04512366915013777
2018-01-11,10651.2001953125,10664.599609375,10612.349609375,10637.0498046875,153800,0.3189756302937613,0.6727646144124667,0.0082597552937719,-0.3537889841187054,0.17870242895141608
2018-01-12,10681.25,10690.400390625,10597.099609375,10682.5498046875,175200,0.8448753109694546,0.2205042634356471,0.0,0.6243710475338075,0.282125996474325
2018-01-15,10741.5498046875,10782.650390625,10713.7998046875,10718.5,175900,0.2818547747733999,0.2496689527402301,0.4684762724863699,0.0321858220331697,0.5645388385020489
2018-01-16,10700.4501953125,10762.349609375,10687.849609375,10761.5,211000,0.1181648276216562,0.2632473465180112,0.6185878258603326,-0.1450825188963549,-0.3826227138756466
2018-01-17,10788.5498046875,10803.0,10666.75,10702.4501953125,252700,0.6967371653641506,0.0006533907612995,0.3026094438745498,0.6960837746028511,0.8233261943837888
2018-01-18,10817.0,10887.5,10782.400390625,10873.400390625,312000,0.628942846779884,0.8706690341255177,0.0,-0.2417261873456336,0.2637073177355065
2018-01-19,10894.7001953125,10906.849609375,10793.900390625,10829.2001953125,207600,0.877472013527053,0.7925948132091347,0.0,0.0848772003179182,0.7183155709762357
2018-01-22,10966.2001953125,10975.099609375,10881.400390625,10883.2001953125,231600,0.2820345725713065,0.1520485674244918,0.5659168600042017,0.1299860051468147,0.6562824007838586
2018-01-23,11083.7001953125,11092.900390625,10994.5498046875,10997.400390625,284600,0.1774395437797228,0.4583235945875754,0.3642368616327017,-0.2808840508078526,1.0714741469905364
2018-01-24,11086.0,11110.099609375,11046.150390625,11069.349609375,283400,0.7506147516408583,0.3512193873487809,0.0,0.3993953642920774,0.020749430668232094
2018-01-25,11069.650390625,11095.599609375,11009.2001953125,11095.599609375,330300,0.806834739267264,0.0937765262570164,0.0993887344757195,0.7130582130102475,-0.1474797886974577
2018-01-29,11130.400390625,11171.5498046875,11075.9501953125,11079.349609375,241700,0.7764129607419968,0.2914609134937939,0.0,0.4849520472482029,0.5487978197707966
2018-01-30,11049.650390625,11121.099609375,11033.900390625,11120.849609375,228000,0.3408035402530178,0.2075409362057034,0.4516555235412787,0.1332626040473143,-0.7254905229466369
2018-01-31,11027.7001953125,11058.5,10979.2998046875,11018.7998046875,245900,0.9307573256035648,0.2381466536656963,0.0,0.6926106719378684,-0.1986505865481769
2018-02-01,11016.900390625,11117.349609375,10878.7998046875,11044.5498046875,306200,0.8584127518430118,0.9084345518793752,0.0,-0.0500218000363634,-0.0979334267002474
2018-02-02,10760.599609375,10954.9501953125,10736.099609375,10938.2001953125,282700,0.4289940273750183,0.4680690542342901,0.1029369183906915,-0.0390750268592717,-2.326432772943132
2018-02-05,10666.5498046875,10702.75,10586.7998046875,10604.2998046875,240100,0.1031238688359326,0.1544922040049258,0.7423839271591416,-0.0513683351689931,-0.8740201113473289
2018-02-06,10498.25,10594.150390625,10276.2998046875,10295.150390625,266500,0.9025529066795668,0.4872653541000508,0.0,0.4152875525795159,-1.5778279553294694
2018-02-07,10476.7001953125,10614.0,10446.400390625,10607.2001953125,250400,0.5052523724478571,0.4299852141210597,0.0647624134310831,0.0752671583267974,-0.20527044686019513
2018-02-08,10576.849609375,10637.7998046875,10479.5498046875,10518.5,232200,0.8264574661077416,0.5969106905466561,0.0,0.2295467755610855,0.9559251691416026
2018-02-09,10454.9501953125,10480.2001953125,10398.2001953125,10416.5,191600,0.3200496010306117,0.9995577032504386,0.0,-0.6795081022198268,-1.1525115565078292
2018-02-12,10539.75,10555.5,10485.400390625,10518.2001953125,217400,0.0108376514802983,0.827553052274047,0.1616092962456546,-0.8167154007937486,0.8110971654893273
2018-02-14,10500.900390625,10590.5498046875,10456.650390625,10585.75,229200,0.0912866767861335,0.0304636863089601,0.8782496369049063,0.0608229904771734,-0.3686008622120984
2018-02-15,10545.5,10618.099609375,10511.0498046875,10537.900390625,210600,0.3193136375904148,0.204448372464273,0.4762379899453121,0.1148652651261418,0.4247217640005241
2018-02-16,10452.2998046875,10612.900390625,10434.0498046875,10596.2001953125,184300,0.9500619670508048,0.3404115561142596,0.0,0.6096504109365453,-0.883791146104973
2018-02-19,10378.400390625,10489.349609375,10302.75,10488.900390625,187300,0.6318372121697993,0.9106057172144216,0.0,-0.2787685050446224,-0.7070158285103822
2018-02-20,10360.400390625,10429.349609375,10347.650390625,10391.0,187700,0.4484455219783197,0.5098540095504577,0.0417004684712225,-0.0614084875721379,-0.1734371321447492
2018-02-21,10397.4501953125,10426.099609375,10349.599609375,10426.0,234100,0.2932107716980645,0.5012756446257294,0.2055135836762061,-0.2080648729276648,0.3576097765586983
2018-02-22,10382.7001953125,10397.5498046875,10340.650390625,10354.349609375,313600,0.3286645453699159,0.0502430098229821,0.6210924448071019,0.2784215355469338,-0.1418617038112857
2018-02-23,10491.0498046875,10499.099609375,10396.650390625,10408.099609375,210600,0.6725184560770384,0.0349115526562238,0.2925699912667377,0.6376069034208146,1.0435590678416817
2018-02-26,10582.599609375,10592.9501953125,10520.2001953125,10526.5498046875,171900,0.7896181427945539,0.8391803949802986,0.0,-0.0495622521857447,0.8726467454819975
2018-02-27,10554.2998046875,10631.650390625,10537.25,10615.2001953125,187500,0.0912061030486903,0.1606795847118451,0.7481143122394645,-0.0694734816631548,-0.26741826897078713
2018-02-28,10492.849609375,10535.5,10461.5498046875,10488.9501953125,286000,0.4944203047025814,0.0249716621170495,0.4806080331803689,0.4694486425855319,-0.5822290104475547
2018-03-01,10458.349609375,10525.5,10447.150390625,10479.9501953125,176000,0.0575587600166442,0.4490387679301258,0.4934024720532298,-0.3914800079134816,-0.32879533476946055
2018-03-05,10358.849609375,10428.7001953125,10323.900390625,10428.2998046875,194000,0.3509150125520787,0.1115929999572474,0.5374919874906738,0.2393220125948312,-0.9513929416818057
2018-03-06,10249.25,10441.349609375,10215.900390625,10420.5,222900,0.1170670164276058,0.6083195000077717,0.2746134835646224,-0.4912524835801658,-1.0580287725753812
2018-03-07,10154.2001953125,10243.349609375,10141.5498046875,10232.9501953125,249500,0.1429916820528358,0.2810497501668891,0.575958567780275,-0.1380580681140533,-0.9273830249774351
2018-03-08,10242.650390625,10270.349609375,10146.400390625,10216.25,226400,0.7615106317174722,0.173496050355022,0.0649933179275057,0.5880145813624502,0.8710700361544088
2018-03-09,10226.849609375,10296.7001953125,10211.900390625,10271.2998046875,186500,0.6182180633162611,0.3797515229193174,0.0020304137644214,0.2384665403969436,-0.1542645765246653
2018-03-12,10421.400390625,10433.650390625,10295.4501953125,10301.599609375,216400,0.70096913145912,0.7507696492110557,0.0,-0.0498005177519357,1.9023530088059015
2018-03-13,10426.849609375,10478.599609375,10377.849609375,10389.5,266700,0.0727630063641935,0.1254862967991507,0.8017506968366558,-0.0527232904349571,0.052288738036598836
2018-03-14,10410.900390625,10420.349609375,10336.2998046875,10393.0498046875,181400,0.8218600592903562,0.7727714196650791,0.0,0.0490886396252771,-0.1529629691374823
2018-03-15,10360.150390625,10420.0,10346.2001953125,10405.4501953125,173900,0.7062422271564962,0.2369333249066486,0.0568244479368551,0.4693089022498475,-0.4874698450260895
2018-03-16,10195.150390625,10346.2998046875,10180.25,10345.150390625,328500,0.0813487806418997,0.6773931298888728,0.2412580894692274,-0.596044349246973,-1.592640973139836
2018-03-19,10094.25,10224.5498046875,10075.2998046875,10215.349609375,210200,0.3742707957561203,0.387322517975314,0.2384066862685656,-0.0130517222191937,-0.9896900659531527
2018-03-20,10124.349609375,10155.650390625,10049.099609375,10051.5498046875,203000,0.3706421470668909,0.0661651888344404,0.5631926640986686,0.3044769582324504,0.2981856935879268
2018-03-21,10155.25,10227.2998046875,10132.9501953125,10181.9501953125,204800,0.8127995672575026,0.0191554855512529,0.1680449471912445,0.7936440817062497,0.3052086486265315
2018-03-22,10114.75,10207.849609375,10105.400390625,10167.5,230500,0.9472485773838588,0.8268585609727531,0.0,0.1203900164111055,-0.3988084980675044
2018-03-23,9998.0498046875,10027.7001953125,9951.900390625,9968.7998046875,285700,0.9860010638228708,0.5247356376614322,0.0,0.4612654261614387,-1.1537625281148767
2018-03-26,10130.650390625,10143.5,9958.5498046875,9989.150390625,262600,0.0835007166986687,0.3450837455132337,0.5714155377880975,-0.2615830288145649,1.3262645068574441
2018-03-27,10184.150390625,10207.900390625,10139.650390625,10188.0,225700,0.7771469159274368,0.0301038722113189,0.1927492118612442,0.7470430437161178,0.5281003483202706
2018-03-28,10113.7001953125,10158.349609375,10096.900390625,10143.599609375,344400,0.558404249735805,0.9614923245741122,0.0,-0.4030880748383071,-0.6917631084606968
2018-04-02,10211.7998046875,10220.099609375,10127.75,10151.650390625,225400,0.011353644767419,0.6784999682926378,0.3101463869399431,-0.6671463235252187,0.9699675438319622
2018-04-03,10245.0,10255.349609375,10171.0498046875,10186.849609375,205300,0.4686606419941262,0.3175497002575884,0.2137896577482853,0.1511109417365378,0.32511600254110373
2018-04-04,10128.400390625,10279.849609375,10111.2998046875,10274.599609375,231100,0.0563032756818373,0.8481092350156301,0.0955874893025325,-0.7918059593337927,-1.138112341386044
2018-04-05,10325.150390625,10331.7998046875,10227.4501953125,10228.4501953125,236800,0.1188179162680719,0.9471614629002478,0.0,-0.8283435466321759,1.9425574859986305
2018-04-06,10331.599609375,10350.4501953125,10290.849609375,10322.75,200200,0.1175262467771048,0.8848551176960043,0.0,-0.7673288709188995,0.06246125727966678
2018-04-09,10379.349609375,10397.7001953125,10328.5,10333.7001953125,221600,0.5833687650971596,0.2816160421056317,0.1350151927972086,0.3017527229915279,0.4621743176794313
2018-04-10,10402.25,10424.849609375,10381.5,10412.900390625,251700,0.962172548474542,0.963360320446038,0.0,-0.0011877719714959,0.2206341580816895
2018-04-11,10417.150390625,10428.150390625,10355.599609375,10428.150390625,250400,0.374870579523704,0.010284495935692,0.6148449245406039,0.364586083588012,0.14324199692374862
2018-04-12,10458.650390625,10469.900390625,10395.25,10410.650390625,238600,0.2857120862818607,0.7160499732421445,0.0,-0.4303378869602837,0.3983815001590951
2018-04-13,10480.599609375,10519.900390625,10451.4501953125,10495.2998046875,213100,0.8685991281894603,0.7062461625552622,0.0,0.1623529656341981,0.2098666456015641
2018-04-16,10528.349609375,10540.150390625,10396.349609375,10398.2998046875,195000,0.0121544746898163,0.3118794357637252,0.6759660895464584,-0.2997249610739089,0.4556037037927396
2018-04-17,10548.7001953125,10560.4501953125,10495.650390625,10557.2998046875,206100,0.969878826707639,0.3399718637932482,0.0,0.6299069629143909,0.1932932196645476
2018-04-18,10526.2001953125,10594.2001953125,10509.7001953125,10578.900390625,205400,0.0431599119505761,0.0789394029465555,0.8779006851028683,-0.0357794909959794,-0.2132964212026689
2018-04-19,10565.2998046875,10572.2001953125,10546.2001953125,10563.650390625,262600,0.8911431136980711,0.4427981365437374,0.0,0.4483449771543336,0.37145036812440413
2018-04-20,10564.0498046875,10582.349609375,10527.4501953125,10560.349609375,244600,0.5277011090862999,0.2610485262348481,0.211250364678852,0.2666525828514517,-0.011831183431687542
2018-04-23,10584.7001953125,10638.349609375,10514.9501953125,10592.7998046875,194200,0.5538542844013208,0.9354845135274956,0.0,-0.3816302291261749,0.19547797489403163
2018-04-24,10614.349609375,10636.7998046875,10569.0,10578.099609375,219200,0.969302535619099,0.1857330720051856,0.0,0.7835694636139133,0.28011576629851653
2018-04-25,10570.5498046875,10612.599609375,10536.4501953125,10612.400390625,189200,0.5230978441701488,0.3725089315534658,0.1043932242763853,0.1505889126166829,-0.41264708907660097
2018-04-26,10617.7998046875,10628.400390625,10559.650390625,10586.5,335100,0.6293986381352625,0.928630562115394,0.0,-0.2992319239801315,0.44699661676110836
2018-04-27,10692.2998046875,10719.7998046875,10647.5498046875,10651.650390625,0,0.6957486889846172,0.0618084606892226,0.2424428503261602,0.6339402282953945,0.7016519558704637
2018-04-30,10739.349609375,10759.0,10704.599609375,10705.75,173800,0.5843143119231002,0.5952128341268748,0.0,-0.0108985222037745,0.4400344691688707
2018-05-02,10718.0498046875,10784.650390625,10689.7998046875,10783.849609375,229700,0.0454463803414578,0.9680763814507336,0.0,-0.9226300011092756,-0.19833421447520427
2018-05-03,10679.650390625,10720.599609375,10647.4501953125,10720.150390625,185200,0.2809631895922303,0.4467145272585203,0.2723222831492493,-0.16575133766629,-0.3582686660562606
2018-05-04,10618.25,10700.4501953125,10601.599609375,10700.4501953125,186500,0.9504114840765588,0.5015179603501664,0.0,0.4488935237263923,-0.5749288448515077
2018-05-07,10715.5,10725.650390625,10635.650390625,10653.150390625,168400,0.6201325978015367,0.6619136326370115,0.0,-0.0417810348354747,0.915875968262192
2018-05-08,10717.7998046875,10758.5498046875,10689.400390625,10757.900390625,269800,0.2773811829811327,0.7511771369540428,0.0,-0.4737959539729101,0.021462411343375898
2018-05-09,10741.7001953125,10766.25,10689.849609375,10693.349609375,215400,0.1881211597237613,0.753868082709913,0.0580107575663256,-0.5657469229861517,0.22299717349214543
2018-05-10,10716.5498046875,10785.5498046875,10705.0,10779.650390625,192100,0.4636984049399821,0.5778911126940883,0.0,-0.1141927077541061,-0.23413789407356056
2018-05-11,10806.5,10812.0498046875,10724.4501953125,10741.9501953125,203100,0.3533522280260528,0.9043597749938572,0.0,-0.5510075469678044,0.839357787271755
2018-05-14,10806.599609375,10834.849609375,10774.75,10815.150390625,171400,0.9743948076661664,0.0556055216804606,0.0,0.918789285985706,0.0009217542682682378
2018-05-15,10801.849609375,10929.2001953125,10781.400390625,10812.599609375,254300,0.9862107444796028,0.0068779622196493,0.0069112933007478,0.9793327822599536,-0.04395462191344457
2018-05-16,10741.099609375,10790.4501953125,10699.7001953125,10751.9501953125,231100,0.6981617140197451,0.2124472771954729,0.0893910087847819,0.4857144368242722,-0.5624036826737067
2018-05-17,10682.7001953125,10777.25,10664.5,10775.599609375,214100,0.5360963663441204,0.6635235939134523,0.0,-0.1274272275693319,-0.5437005165795927
2018-05-18,10596.400390625,10674.9501953125,10589.099609375,10671.849609375,223000,0.3095276162863277,0.4111974888825458,0.2792748948311264,-0.101669872596218,-0.8078463600931896
2018-05-21,10516.7001953125,10621.7001953125,10505.7998046875,10616.7001953125,0,0.1626169393448913,0.8955628481318387,0.0,-0.7329459087869474,-0.7521440524559053
2018-05-22,10536.7001953125,10558.599609375,10490.5498046875,10518.4501953125,241700,0.9109271844938424,0.9091752640535856,0.0,0.0017519204402567,0.19017372016476575
2018-05-23,10430.349609375,10533.5498046875,10417.7998046875,10521.099609375,290900,0.822537242923169,0.3138780765150273,0.0,0.5086591664081417,-1.0093348388598211
2018-05-24,10513.849609375,10535.150390625,10419.7998046875,10464.849609375,297600,0.949799913291924,0.6910558127392618,0.0,0.2587441005526623,0.8005484296034426
2018-05-25,10605.150390625,10628.0498046875,10524.0,10533.0498046875,260800,0.72571950838836,0.2716331812743696,0.0026473103372703,0.4540863271139903,0.8683858400313049
2018-05-28,10688.650390625,10709.7998046875,10640.5498046875,10648.349609375,232600,0.9327284833540131,0.342107620863594,0.0,0.5906208624904192,0.7873532851907061
2018-05-29,10633.2998046875,10717.25,10616.099609375,10689.400390625,225800,0.8660638895004084,0.4299576197798217,0.0,0.4361062697205866,-0.5178444790938985
2018-05-30,10614.349609375,10648.7001953125,10558.4501953125,10579.0,238700,0.0452186701061894,0.8309491710550684,0.1238321588387422,-0.785730500948879,-0.17821556488181178
2018-05-31,10736.150390625,10763.7998046875,10620.400390625,10670.099609375,610300,0.026366974497252,0.1198910934727121,0.8537419320300359,-0.09352411897546,1.1475105468772284
2018-06-01,10696.2001953125,10764.75,10681.5,10738.4501953125,220600,0.3764633668780496,0.7349258473948942,0.0,-0.3584624805168446,-0.37210912532843476
2018-06-04,10628.5,10770.2998046875,10618.349609375,10765.9501953125,203800,0.1504168911035281,0.4928195845328246,0.3567635243636472,-0.3424026934292964,-0.6329368754912523
2018-06-05,10593.150390625,10633.150390625,10550.900390625,10630.7001953125,167700,0.5941307153521351,0.2999420697770226,0.1059272148708422,0.2941886455751125,-0.3325926459519235
2018-06-06,10684.650390625,10698.349609375,10587.5,10603.4501953125,189900,0.3808908566310215,0.596081955238306,0.0230271881306725,-0.2151910986072844,0.86376570355291
2018-06-07,10768.349609375,10818.0,10722.599609375,10722.599609375,220900,0.9699143978146032,0.4338439228552442,0.0,0.536070474959359,0.7833594520176401
2018-06-08,10767.650390625,10779.4501953125,10709.0498046875,10736.400390625,209400,0.8421189231357087,0.1644055290788787,0.0,0.67771339405683,-0.006493276828523076
2018-06-11,10786.9501953125,10850.5498046875,10777.0498046875,10781.849609375,211400,0.4148195023376652,0.9024130332861034,0.0,-0.4875935309484382,0.17923877528847054
2018-06-12,10842.849609375,10856.5498046875,10789.400390625,10816.150390625,198300,0.2734070719307062,0.3439576865576855,0.3826352415116082,-0.0705506146269793,0.5182133323169635
2018-06-13,10856.7001953125,10893.25,10842.650390625,10887.5,213400,0.0563754966509271,0.7330001072226232,0.2106243961264496,-0.6766246105716961,0.12773935299743577
2018-06-14,10808.0498046875,10833.7001953125,10773.5498046875,10832.900390625,184300,0.8647223762550532,0.658661354939767,0.0,0.2060610213152862,-0.44811397339686865
2018-06-15,10817.7001953125,10834.0,10755.400390625,10808.650390625,305400,0.8129010091300776,0.931554914309481,0.0,-0.1186539051794034,0.0892889170515776
2018-06-18,10799.849609375,10830.2001953125,10787.349609375,10830.2001953125,196600,0.5554317056026274,0.6570304982341073,0.0,-0.1015987926314798,-0.165012762557748
2018-06-19,10710.4501953125,10789.4501953125,10701.2001953125,10789.4501953125,224500,0.7689874151805105,0.8983864665840349,0.0,-0.1293990514035243,-0.8277838793689818
2018-06-20,10772.0498046875,10781.7998046875,10724.0498046875,10734.650390625,193500,0.944765729882428,0.3995187845869348,0.0,0.5452469452954932,0.5751355755517995
2018-06-21,10741.099609375,10809.599609375,10725.900390625,10808.4501953125,223600,0.8496473906774115,0.3267947058577773,0.0,0.5228526848196341,-0.28731945983977436
2018-06-22,10821.849609375,10837.0,10710.4501953125,10742.7001953125,229800,0.2473481017431976,0.0108110836351963,0.741840814621606,0.2365370181080013,0.7517852262492797
2018-06-25,10762.4501953125,10831.0498046875,10753.0498046875,10822.900390625,229600,0.9540510272587224,0.1044545181001513,0.0,0.849596509158571,-0.5488841206131911
2018-06-26,10769.150390625,10805.25,10732.5498046875,10742.7001953125,220000,0.60617463445088,0.5768573811327002,0.0,0.0293172533181798,0.06225529680423669
2018-06-27,10671.400390625,10785.5,10652.400390625,10785.5,246000,0.2286428055034627,0.4639816981668874,0.3073754963296499,-0.2353388926634246,-0.9076853461448153
2018-06-28,10589.099609375,10674.2001953125,10557.7001953125,10660.7998046875,352300,0.6717006844058567,0.1187090955091114,0.2095902200850318,0.5529915888967453,-0.7712275637441368
2018-06-29,10714.2998046875,10723.0498046875,10612.349609375,10612.849609375,242800,0.6181282404578958,0.9805682270607236,0.0,-0.3624399866028277,1.1823497741172861
2018-07-02,10657.2998046875,10736.150390625,10604.650390625,10732.349609375,295400,0.6715731955927996,0.5948473795019096,0.0,0.07672581609089,-0.5319993003655044
2018-07-03,10699.900390625,10713.2998046875,10630.25,10668.599609375,202100,0.5203077009037933,0.7388666771330327,0.0,-0.2185589762292393,0.39973151471972557
2018-07-04,10769.900390625,10777.150390625,10677.75,10715.0,173900,0.7723183917356393,0.0324434460471869,0.1952381622171737,0.7398749456884524,0.6542116977213297
2018-07-05,10749.75,10786.0498046875,10726.25,10786.0498046875,220500,0.5201635011119934,0.6587176387270222,0.0,-0.1385541376150287,-0.18709913642785958
2018-07-06,10772.650390625,10816.349609375,10735.0498046875,10744.150390625,0,0.8521815003185401,0.5322918759514544,0.0,0.3198896243670857,0.21303184376380013
2018-07-09,10852.900390625,10860.349609375,10807.150390625,10838.2998046875,183600,0.876653602658345,0.5679742973160805,0.0,0.3086793053422645,0.7449420253147654
2018-07-10,10947.25,10956.900390625,10876.650390625,10902.75,197000,0.403482866212397,0.2963576135132884,0.3001595202743146,0.1071252526991086,0.8693492612951825
2018-07-11,10948.2998046875,10976.650390625,10923.0,10956.400390625,222300,0.1340152284506407,0.938315728651316,0.0,-0.8043005002006753,0.009589665783638068
2018-07-12,11023.2001953125,11078.2998046875,10999.650390625,11006.9501953125,248300,0.0287826763133389,0.8187402294840508,0.1524770942026102,-0.7899575531707118,0.6841280560560881
2018-07-13,11018.900390625,11071.349609375,10999.75,11056.900390625,0,0.755137255673619,0.983567206513663,0.0,-0.228429950840044,-0.03900686380828855
2018-07-16,10936.849609375,11019.5,10926.25,11018.9501953125,210500,0.2129641615089107,0.4312338697915578,0.3558019686995314,-0.2182697082826471,-0.744636745421623
2018-07-17,11008.0498046875,11018.5,10925.599609375,10939.650390625,210600,0.1363714755867697,0.3475187953137546,0.5161097290994756,-0.2111473197269848,0.6510119262449043
2018-07-18,10980.4501953125,11076.2001953125,10956.2998046875,11060.2001953125,225500,0.0145446656678819,0.0503495269693532,0.9351058073627648,-0.0358048613014713,-0.2507220612614547
2018-07-19,10957.099609375,11006.5,10935.4501953125,10999.5,215400,0.350587558806597,0.0527652578596026,0.5966471833338004,0.2978223009469943,-0.21265599790679657
2018-07-20,11010.2001953125,11030.25,10946.2001953125,10963.5,187300,0.5899176868546331,0.6920112559466547,0.0,-0.1020935690920216,0.484622644956767
2018-07-23,11084.75,11093.400390625,11010.9501953125,11019.849609375,229100,0.9041586944937484,0.6139703063252326,0.0,0.2901883881685158,0.6770976309698584
2018-07-24,11134.2998046875,11143.400390625,11092.5,11109.0,205800,0.3482554670233003,0.2528581182501112,0.3988864147265885,0.0953973487731891,0.447008770495505
2018-07-25,11132.0,11157.150390625,11113.25,11148.400390625,205900,0.5139894891598108,0.5776317543444226,0.0,-0.0636422651846118,-0.02065513528324292
2018-07-26,11167.2998046875,11185.849609375,11125.7001953125,11132.9501953125,365400,0.7836530127411431,0.3592087469826903,0.0,0.4244442657584527,0.3171020902578148
2018-07-27,11278.349609375,11283.400390625,11210.25,11232.75,314600,0.3965427823212701,0.823552226611819,0.0,-0.4270094442905489,0.9944194803553685
2018-07-30,11319.5498046875,11328.099609375,11261.4501953125,11296.650390625,278800,0.949520623657642,0.3508191093350156,0.0,0.5987015143226265,0.3653034064332594
2018-07-31,11356.5,11366.0,11267.75,11311.0498046875,256500,0.1470734809290379,0.3625597965590945,0.4903667225118675,-0.2154863156300566,0.3264281349528497
2018-08-01,11346.2001953125,11390.5498046875,11313.5498046875,11359.7998046875,269700,0.9265876251614944,0.8057145256682179,0.0,0.1208730994932765,-0.09069523785937283
2018-08-02,11244.7001953125,11328.900390625,11234.9501953125,11328.900390625,210000,0.4921162930795382,0.328179482797612,0.1797042241228498,0.1639368102819262,-0.8945726168478219
2018-08-03,11360.7998046875,11368.0,11294.5498046875,11297.7998046875,218300,0.2582443882989583,0.209059373706846,0.5326962379941956,0.0491850145921123,1.0324829240302646
2018-08-06,11387.099609375,11427.650390625,11370.599609375,11401.5,203700,0.4926180939928696,0.4821320989198419,0.0252498070872885,0.0104859950730277,0.23149606664707445
2018-08-07,11389.4501953125,11428.9501953125,11359.7001953125,11423.150390625,226400,0.3287516102875082,0.8409087104029072,0.0,-0.5121571001153989,0.020642534254866618
2018-08-08,11450.0,11459.9501953125,11379.2998046875,11412.5,210500,0.6334008543167258,0.2212386964460639,0.1453604492372102,0.4121621578706618,0.5316306199962151
2018-08-09,11470.7001953125,11495.2001953125,11454.099609375,11493.25,302200,0.240145618778193,0.3809912736683999,0.378863107553407,-0.1408456548902068,0.1807877319869089
2018-08-10,11429.5,11478.75,11419.650390625,11474.9501953125,0,0.0758633281086639,0.8084057388936909,0.1157309329976451,-0.732542410785027,-0.3591776841080363
2018-08-13,11355.75,11406.2998046875,11340.2998046875,11369.599609375,246900,0.1519026935122943,0.4591240232866809,0.3889732832010247,-0.3072213297743865,-0.6452600726191027
2018-08-14,11435.099609375,11452.4501953125,11370.7998046875,11381.7001953125,232600,0.1388271726494101,0.3032858908492829,0.5578869365013069,-0.1644587181998728,0.6987615029830696
2018-08-16,11385.0498046875,11449.849609375,11366.25,11397.150390625,290600,0.1818800843991448,0.1186437657415803,0.6994761498592749,0.0632363186575645,-0.4376857779749166
2018-08-17,11470.75,11486.4501953125,11431.7998046875,11437.150390625,234700,0.3456672833238632,0.93374942300147,0.0,-0.5880821396776068,0.7527432622843166
2018-08-20,11551.75,11565.2998046875,11499.650390625,11502.099609375,232600,0.6675577385210272,0.0326590607844958,0.2997832006944769,0.6348986777365313,0.7061438877143944
2018-08-21,11570.900390625,11581.75,11539.599609375,11576.2001953125,224200,0.1723198712016298,0.4755961918220083,0.3520839369763618,-0.3032763206203784,0.165779129785526
2018-08-23,11582.75,11620.7001953125,11546.7001953125,11620.7001953125,248500,0.0408686162664788,0.1612188119751225,0.7979125717583986,-0.1203501957086436,0.10240870610727093
2018-08-24,11557.099609375,11604.599609375,11532.0,11566.599609375,218800,0.1689350630721645,0.6564096035006569,0.1746553334271785,-0.4874745404284923,-0.22145337355118366
2018-08-27,11691.9501953125,11700.9501953125,11595.599609375,11605.849609375,199500,0.0887025337570556,0.7147532764439458,0.1965441897989985,-0.6260507426868902,1.1668203138797129
2018-08-28,11738.5,11760.2001953125,11710.5,11731.9501953125,241900,0.1206358711006008,0.0684504525660167,0.8109136763333824,0.052185418534584,0.39813550271674547
2018-08-29,11691.900390625,11753.2001953125,11678.849609375,11744.9501953125,251600,0.4607787680327257,0.4176669958169947,0.1215542361502795,0.043111772215731,-0.39698095476423667
2018-08-30,11676.7998046875,11698.7998046875,11639.7001953125,11694.75,313800,0.2063337184057925,0.1163584851644958,0.6773077964297116,0.0899752332412966,-0.12915424723947133
2018-08-31,11680.5,11727.650390625,11640.099609375,11675.849609375,346500,0.3642698610480754,0.6127958355365104,0.0229343034154141,-0.2485259744884349,0.031688436681198695
2018-09-03,11582.349609375,11751.7998046875,11567.400390625,11751.7998046875,234400,0.0393121398410989,0.0768030483144215,0.8838848118444795,-0.0374909084733225,-0.840292715423141
2018-09-04,11520.2998046875,11602.5498046875,11496.849609375,11598.75,254800,0.7994103989090426,0.3546662049850828,0.0,0.4447441939239598,-0.535727264157837
2018-09-05,11476.9501953125,11542.650390625,11393.849609375,11514.849609375,246100,0.6279003894909078,0.5506633794408515,0.0,0.0772370100500562,-0.37628889968090995
2018-09-06,11536.900390625,11562.25,11436.0498046875,11514.150390625,247900,0.0817590319488719,0.4032077561332522,0.5150332119178759,-0.3214487241843803,0.5223530144531363
2018-09-07,11589.099609375,11603.0,11484.400390625,11558.25,295900,0.8735786241067772,0.8336440104751723,0.0,0.0399346136316048,0.45245444601755835
2018-09-10,11438.099609375,11573.0,11427.2998046875,11570.25,286700,0.2768776481472037,0.3734579451327052,0.349664406720091,-0.0965802969855015,-1.3029485041085365
2018-09-11,11287.5,11479.400390625,11274.0,11476.849609375,0,0.8062012797930613,0.2553363737632441,0.0,0.5508649060298172,-1.3166488710376734
2018-09-12,11369.900390625,11380.75,11250.2001953125,11340.099609375,268200,0.7482596903836584,0.1058743182131293,0.1458659914032123,0.642385372170529,0.7300145348837273
2018-09-14,11515.2001953125,11523.25,11430.5498046875,11443.5,276600,0.2093493233367103,0.4131725172077195,0.3774781594555702,-0.2038231938710092,1.2779338401883056
2018-09-17,11377.75,11464.9501953125,11366.900390625,11464.9501953125,201400,0.618254771530296,0.0701081396412569,0.3116370888284471,0.548146631889039,-1.1936413868727347
2018-09-18,11278.900390625,11411.4501953125,11268.9501953125,11381.5498046875,240900,0.3689136395697724,0.3952593154311578,0.2358270449990698,-0.0263456758613853,-0.8687975159851424
2018-09-19,11234.349609375,11332.0498046875,11210.900390625,11326.650390625,250600,0.4625347161331479,0.1817788672173619,0.3556864166494902,0.280755848915786,-0.3949922395540484
2018-09-21,11143.099609375,11346.7998046875,10866.4501953125,11271.2998046875,719000,0.0366832028905979,0.8273021497372459,0.1360146473721561,-0.790618946846648,-0.812241056873042
2018-09-24,10967.400390625,11170.150390625,10943.599609375,11164.400390625,0,0.8952068376871993,0.1682036557665182,0.0,0.7270031819206811,-1.5767535507102526
2018-09-25,11067.4501953125,11080.599609375,10882.849609375,10969.9501953125,405000,0.5116774421156661,0.879330215678474,0.0,-0.3676527735628079,0.9122472156029238
2018-09-26,11053.7998046875,11145.5498046875,10993.0498046875,11145.5498046875,340500,0.5321134852653157,0.5570405132750351,0.0,-0.0249270280097194,-0.12333817079910325
2018-09-27,10977.5498046875,11089.4501953125,10953.349609375,11079.7998046875,405700,0.107172011339776,0.231380636376848,0.6614473522833759,-0.1242086250370719,-0.6898080420062014
2018-09-28,10930.4501953125,11034.099609375,10850.2998046875,11008.099609375,478100,0.4474123668234546,0.5024272871663764,0.0501603460101689,-0.0550149203429217,-0.4290539347394984
2018-10-01,11008.2998046875,11035.650390625,10821.5498046875,10930.900390625,387000,0.2692432309493809,0.2204460042454189,0.5103107648052001,0.048797226703962,0.7122269255513958
2018-10-03,10858.25,10989.0498046875,10843.75,10982.7001953125,386800,0.0200711977777263,0.9343041141674904,0.0456246880547833,-0.914232916389764,-1.363060666494631
2018-10-04,10599.25,10754.7001953125,10547.25,10754.7001953125,425100,0.3220791655831783,0.9164205445320662,0.0,-0.5943413789488879,-2.3852830796859514
2018-10-05,10316.4501953125,10540.650390625,10261.900390625,10514.099609375,606400,0.2114480069965446,0.6354143568619098,0.1531376361415455,-0.4239663498653652,-2.6681114672028716
2018-10-08,10348.0498046875,10398.349609375,10198.400390625,10310.150390625,456200,0.890527280739895,0.7523978823037879,0.0,0.138129398436107,0.3063031253653259
2018-10-09,10301.0498046875,10397.599609375,10279.349609375,10390.2998046875,430500,0.5935924535540487,0.5312940183509319,0.0,0.0622984352031167,-0.4541918611438267
2018-10-10,10460.099609375,10482.349609375,10318.25,10331.849609375,0,0.6791023191444896,0.6774380712282945,0.0,0.0016642479161951,1.5440154906845027
2018-10-11,10234.650390625,10335.9501953125,10138.599609375,10169.7998046875,483500,0.7891712386073383,0.4284579038487954,0.0,0.3607133347585428,-2.1553257346415555
2018-10-12,10472.5,10492.4501953125,10322.150390625,10331.5498046875,343500,0.4984421989290573,0.7314964640431391,0.0,-0.2330542651140817,2.323964183406524
2018-10-15,10512.5,10526.2998046875,10410.150390625,10524.2001953125,259500,0.5868411180208791,0.832929715574228,0.0,-0.2460885975533489,0.3819527333492445
2018-10-16,10584.75,10604.900390625,10525.2998046875,10550.150390625,265200,0.74543947418433,0.5402965317903072,0.0,0.2051429423940227,0.6872770511296089
2018-10-17,10453.0498046875,10710.150390625,10436.4501953125,10688.7001953125,284800,0.4316595462296794,0.8446659090902243,0.0,-0.4130063628605449,-1.2442447418455793
2018-10-19,10303.5498046875,10380.099609375,10249.599609375,10339.7001953125,357500,0.2837759057987244,0.379040485383035,0.3371836088182405,-0.0952645795843105,-1.4302046081609565
2018-10-22,10245.25,10408.5498046875,10224.0,10405.849609375,297300,0.5707783046689119,0.8442123252861431,0.0,-0.2734340206172312,-0.5658225154691499
2018-10-23,10146.7998046875,10222.099609375,10102.349609375,10152.599609375,302600,0.3560967258978462,0.4840205725094041,0.1598827015927496,-0.1279238466115578,-0.9609350217173795
2018-10-24,10224.75,10290.650390625,10126.7001953125,10278.150390625,351400,0.9865152487929796,0.5140954425512597,0.0,0.47241980624172,0.7682244334463961
2018-10-25,10124.900390625,10166.599609375,10079.2998046875,10135.0498046875,0,0.6057748193568872,0.308468281489484,0.0857568991536288,0.2973065378674031,-0.9765481735494741
2018-10-26,10030.0,10128.849609375,10004.5498046875,10122.349609375,364300,0.2372267917359944,0.5730422006190157,0.1897310076449898,-0.3358154088830212,-0.9372970297354399
2018-10-29,10250.849609375,10275.2998046875,10020.349609375,10078.099609375,364400,0.2459577283845081,0.271998605344356,0.4820436662711358,-0.0260408769598479,2.2018904224825553
2018-10-30,10198.400390625,10285.099609375,10175.349609375,10239.400390625,289800,0.1606813732595556,0.0063790434065906,0.8329395833338537,0.154302329852965,-0.5116572845048073
2018-10-31,10386.599609375,10396.0,10105.099609375,10209.5498046875,375000,0.1865670240513057,0.9783547870568566,0.0,-0.7917877630055509,1.8453797805683791
2018-11-01,10380.4501953125,10441.900390625,10341.900390625,10441.7001953125,348500,0.2850951686938471,0.9657472098197476,0.0,-0.6806520411259004,-0.059205267303741316
2018-11-02,10553.0,10606.9501953125,10457.7001953125,10462.2998046875,421200,0.1733735952947548,0.395155297472305,0.4314711072329401,-0.2217817021775502,1.662257430466929
2018-11-05,10524.0,10558.7998046875,10477.0,10558.75,301900,0.5245113895702547,0.671093157085976,0.0,-0.1465817675157213,-0.27480337344830685
2018-11-06,10530.0,10600.25,10491.4501953125,10552.0,0,0.4103968269896615,0.8054300430459791,0.0,-0.3950332160563176,0.057012542759404816
2018-11-07,10598.400390625,10616.4501953125,10582.2998046875,10614.4501953125,31200,0.9823786169086064,0.9467562446922408,0.0,0.0356223722163656,0.6495763592117676
2018-11-09,10585.2001953125,10619.5498046875,10544.849609375,10614.7001953125,296600,0.3978555990457416,0.7832979829560477,0.0,-0.385442383910306,-0.12454893970770264
2018-11-12,10482.2001953125,10645.5,10464.0498046875,10607.7998046875,259700,0.8170720709492799,0.0257695987643511,0.1571583302863689,0.7913024721849288,-0.9730567027500525
2018-11-13,10582.5,10596.25,10440.5498046875,10451.900390625,254600,0.2579028270449398,0.603528806501121,0.1385683664539392,-0.3456259794561811,0.9568583199961456
2018-11-14,10576.2998046875,10651.599609375,10532.7001953125,10634.900390625,384500,0.1708875873900658,0.6595059816513271,0.169606430958607,-0.4886183942612613,-0.05858913595558901
2018-11-15,10616.7001953125,10646.5,10557.5,10580.599609375,0,0.668643219924431,0.6880455570741288,0.0,-0.0194023371496978,0.3819898392734222
2018-11-16,10682.2001953125,10695.150390625,10631.150390625,10644.0,342800,0.9293759891275858,0.120387578789089,0.0,0.8089884103384968,0.6169525256907837
2018-11-19,10763.400390625,10774.7001953125,10688.7998046875,10731.25,272100,0.2799790936602842,0.6227534032398411,0.0972675030998747,-0.3427743095795569,0.7601448561892044
2018-11-20,10656.2001953125,10740.849609375,10640.849609375,10740.099609375,295200,0.7694929331919369,0.2226760791230849,0.0078309876849781,0.5468168540688519,-0.9959695953136949
2018-11-21,10600.0498046875,10671.2998046875,10562.349609375,10670.9501953125,300900,0.1870437485575233,0.3072164170212709,0.5057398344212057,-0.1201726684637475,-0.526926949530282
2018-11-22,10526.75,10646.25,10512.0,10612.650390625,239500,0.3236792364042437,0.5464585417281244,0.1298622218676319,-0.2227793053238806,-0.6915043423200262
2018-11-26,10628.599609375,10637.7998046875,10489.75,10568.2998046875,0,0.1148368247392035,0.4181447881627996,0.4670183870979968,-0.3033079634235961,0.9675313783931383
2018-11-27,10685.599609375,10695.150390625,10596.349609375,10621.4501953125,0,0.6106200424416326,0.7572829782755007,0.0,-0.1466629358338681,0.536288900653692
2018-11-28,10728.849609375,10757.7998046875,10699.849609375,10708.75,424500,0.2886305532402557,0.8979646468477885,0.0,-0.6093340936075328,0.40475033298135177
2018-11-29,10858.7001953125,10883.0498046875,10782.349609375,10808.7001953125,691300,0.5812382214226123,0.0841276622593828,0.3346341163180049,0.4971105591632294,1.2102936537020215
2018-11-30,10876.75,10922.4501953125,10835.099609375,10892.099609375,453900,0.1543627152742023,0.393103907559401,0.4525333771663966,-0.2387411922851987,0.1662243580064171
2018-12-03,10883.75,10941.2001953125,10845.349609375,10930.7001953125,409700,0.0518235368224269,0.6617186826439566,0.2864577805336165,-0.6098951458215297,0.0643574597191332
2018-12-04,10869.5,10890.9501953125,10833.349609375,10877.099609375,322100,0.3366042781939206,0.6024494419665878,0.0609462798394916,-0.2658451637726672,-0.13092913747559942
2018-12-05,10782.900390625,10821.0498046875,10747.9501953125,10820.4501953125,312300,0.1344146769389742,0.1630191138148862,0.7025662092461396,-0.0286044368759119,-0.7967211865771207
2018-12-06,10601.150390625,10722.650390625,10588.25,10718.150390625,318500,0.0633749704727677,0.2338128330930641,0.7028121964341681,-0.1704378626202963,-1.6855390796155278
2018-12-07,10693.7001953125,10704.5498046875,10599.349609375,10644.7998046875,325800,0.9899602323899452,0.0237077536445183,0.0,0.9662524787454267,0.8730166187373989
2018-12-10,10488.4501953125,10558.849609375,10474.9501953125,10508.7001953125,381300,0.2546406547637638,0.1354595367946908,0.6098998084415453,0.119181117969073,-1.9193543511718203
2018-12-11,10549.150390625,10567.150390625,10333.849609375,10350.0498046875,425500,0.6815027222239293,0.2314752137652981,0.0870220640107726,0.4500275084586311,0.5787336945131116
2018-12-12,10737.599609375,10752.2001953125,10560.7998046875,10591.0,360500,0.7602278598896866,0.868409523946934,0.0,-0.1081816640572475,1.786392380162427
2018-12-13,10791.5498046875,10838.599609375,10749.5,10810.75,376200,0.5956387406078443,0.9264637979561848,0.0,-0.3308250573483405,0.5024418610784842
2018-12-14,10805.4501953125,10815.75,10752.099609375,10784.5,340100,0.4715761885501583,0.4196273828068103,0.1087964286430313,0.051948805743348,0.1288081033454791
2018-12-17,10888.349609375,10900.349609375,10844.849609375,10853.2001953125,296900,0.9295291442478258,0.5739498660690104,0.0,0.3555792781788154,0.7672000015183311
2018-12-18,10908.7001953125,10915.400390625,10819.099609375,10850.900390625,286100,0.8306194077877291,0.392895108893179,0.0,0.4377242988945501,0.18690239262686426
2018-12-19,10967.2998046875,10985.150390625,10928.0,10930.5498046875,312100,0.9650269106665126,0.0286524275776545,0.0063206617558329,0.936374483088858,0.5371823253533137
2018-12-20,10951.7001953125,10962.5498046875,10880.0498046875,10885.2001953125,318900,0.1242972234855447,0.5832523923125568,0.2924503842018985,-0.458955168827012,-0.1422374664029169
2018-12-21,10754.0,10963.650390625,10738.650390625,10944.25,377500,0.7308674752036443,0.0113025365890224,0.2578299882073332,0.7195649386146218,-1.8052009440243655
2018-12-24,10663.5,10782.2998046875,10649.25,10780.900390625,223400,0.0664962673667775,0.0402580030092321,0.8932457296239904,0.0262382643575453,-0.8415473312255894
2018-12-26,10729.849609375,10747.5,10534.5498046875,10635.4501953125,263700,0.5744731131799119,0.3976844144330547,0.0278424723870334,0.1767886987468572,0.6222123071693231
2018-12-27,10779.7998046875,10834.2001953125,10764.4501953125,10817.900390625,456100,0.8418287767582721,0.9738004133571496,0.0,-0.1319716365988774,0.4655255863871277
2018-12-28,10859.900390625,10893.599609375,10817.150390625,10820.9501953125,245500,0.1397723766262895,0.5441986625037022,0.3160289608700083,-0.4044262858774127,0.7430619064249022
2018-12-31,10862.5498046875,10923.5498046875,10853.2001953125,10913.2001953125,180900,0.1636559428657045,0.2714920025427113,0.5648520545915842,-0.1078360596770068,0.024396301689710853
2019-01-02,10792.5,10895.349609375,10735.0498046875,10868.849609375,309700,0.8145747202313821,0.3747219705073764,0.0,0.4398527497240057,-0.6448744166611009
2019-01-03,10672.25,10814.0498046875,10661.25,10796.7998046875,286200,0.6651972206962001,0.5498685627762052,0.0,0.1153286579199949,-1.1141996757007222
2019-01-04,10727.349609375,10741.0498046875,10628.650390625,10699.7001953125,296600,0.5230654247691193,0.0505731038242288,0.4263614714066518,0.4724923209448904,0.5162885930801941
2019-01-07,10771.7998046875,10835.9501953125,10750.150390625,10804.849609375,269400,0.3924451074226354,0.8056488053633419,0.0,-0.4132036979407065,0.4143632577580325
2019-01-08,10802.150390625,10818.4501953125,10733.25,10786.25,277700,0.8165994394715771,0.2243185588535262,0.0,0.5922808806180508,0.28175965472634346
2019-01-09,10855.150390625,10870.400390625,10749.400390625,10862.400390625,333000,0.4391349085702184,0.2260790710105626,0.3347860204192189,0.2130558375596557,0.4906430486840696
2019-01-10,10821.599609375,10859.349609375,10801.7998046875,10859.349609375,254400,0.3769444294249076,0.8173053122132368,0.0,-0.4403608827883292,-0.30907707440862575
2019-01-11,10794.9501953125,10850.150390625,10739.400390625,10834.75,260800,0.4626797856696064,0.9303984201693256,0.0,-0.467718634499719,-0.24626132017869784
2019-01-14,10737.599609375,10808.0,10692.349609375,10807.0,298800,0.5027203900924792,0.3374542789642289,0.1598253309432918,0.1652661111282501,-0.5312723532749919
2019-01-15,10886.7998046875,10896.9501953125,10777.5498046875,10777.5498046875,310700,0.2322126951468173,0.8706884554574393,0.0,-0.638475760310622,1.3895116296032572
2019-01-16,10890.2998046875,10928.150390625,10876.900390625,10899.650390625,276500,0.8995745732745685,0.0835249146800187,0.0169005120454127,0.8160496585945497,0.03214902508350548
2019-01-17,10905.2001953125,10930.650390625,10844.650390625,10920.849609375,271700,0.3838912213732114,0.2111259425580374,0.4049828360687512,0.172765278815174,0.1368225934293088
2019-01-18,10906.9501953125,10928.2001953125,10852.2001953125,10914.849609375,323800,0.5435528611139886,0.7524683375864943,0.0,-0.2089154764725057,0.01604738994844812
2019-01-21,10961.849609375,10987.4501953125,10885.75,10919.349609375,288800,0.116898040708364,0.44210703467972,0.4409949246119159,-0.3252089939713559,0.5033434010370152
2019-01-22,10922.75,10949.7998046875,10864.150390625,10949.7998046875,300800,0.9398321236134752,0.3344011789887486,0.0,0.6054309446247265,-0.3566880660501037
2019-01-23,10831.5,10944.7998046875,10811.9501953125,10931.0498046875,298900,0.6277080530714179,0.3945723153189238,0.0,0.233135737752494,-0.8354123274816327
2019-01-24,10849.7998046875,10866.599609375,10798.650390625,10844.0498046875,361100,0.3349056146570861,0.5299405869302329,0.1351537984126809,-0.1950349722731468,0.1689498655541799
2019-01-25,10780.5498046875,10931.7001953125,10756.4501953125,10859.75,463400,0.1392720726633872,0.1613673583883831,0.6993605689482296,-0.0220952857249958,-0.6382606245884936
2019-01-28,10661.5498046875,10804.4501953125,10630.9501953125,10792.4501953125,419700,0.5334610919763215,0.760160929790159,0.0,-0.2266998378138375,-1.1038398055380982
2019-01-29,10652.2001953125,10690.349609375,10583.650390625,10653.7001953125,356900,0.8938925830509576,0.1538999046937736,0.0,0.739992678357184,-0.08769465552643796
2019-01-30,10651.7998046875,10710.2001953125,10612.849609375,10702.25,410100,0.7885972112245307,0.1492494697414739,0.0621533190339953,0.6393477414830568,-0.003758759858607519
2019-01-31,10830.9501953125,10838.0498046875,10678.5498046875,10690.5498046875,604800,0.1516748797327511,0.2681743677449133,0.5801507525223355,-0.1164994880121621,1.6818790618479573
2019-02-01,10893.650390625,10983.4501953125,10813.4501953125,10851.349609375,482300,0.3117220677955482,0.3610747263410372,0.3272032058634145,-0.0493526585454889,0.5788983808607595
2019-02-04,10912.25,10927.900390625,10814.150390625,10876.75,318300,0.0335324347357793,0.0566804321658354,0.9097871330983852,-0.023147997430056,0.17073807867935553
2019-02-05,10934.349609375,10956.7001953125,10886.7001953125,10908.650390625,268100,0.5698896848713165,0.0346727042260663,0.3954376109026171,0.5352169806452501,0.20252110586724825
2019-02-06,11062.4501953125,11072.599609375,10962.7001953125,10965.099609375,298500,0.7624586857406905,0.391910562943909,0.0,0.3705481227967815,1.171542803311021
2019-02-07,11069.400390625,11118.099609375,11043.599609375,11070.4501953125,263500,0.8767656367617495,0.6971636921379805,0.0,0.179601944623769,0.06282690714798367
2019-02-08,10943.599609375,11041.2001953125,10925.4501953125,11023.5,352800,0.3420817487159074,0.1934353429564825,0.4644829083276099,0.1486464057594249,-1.1364733121095205
2019-02-11,10888.7998046875,10930.900390625,10857.099609375,10930.900390625,286000,0.8464522917345182,0.8860861088135163,0.0,-0.0396338170789981,-0.5007475295473629
2019-02-12,10831.400390625,10910.900390625,10823.7998046875,10879.7001953125,292300,0.1274886623319824,0.8956899442666165,0.0,-0.7682012819346341,-0.5271417887377283
2019-02-14,10746.0498046875,10792.7001953125,10718.75,10786.099609375,627000,0.7972953657795536,0.2299937539632405,0.0,0.5673016118163131,-0.7879921603800577
2019-02-15,10724.400390625,10785.75,10620.400390625,10780.25,521900,0.1499174273487737,0.4113039720662312,0.4387786005849949,-0.2613865447174575,-0.2014639281967212
2019-02-18,10640.9501953125,10759.900390625,10628.400390625,10738.650390625,345400,0.7200365365460744,0.8260646845482855,0.0,-0.1060281480022111,-0.778133902809619
2019-02-19,10604.349609375,10722.849609375,10585.650390625,10636.7001953125,291500,0.6411476328852973,0.673092130911217,0.0,-0.0319444980259197,-0.34395975233135756
2019-02-20,10735.4501953125,10752.7001953125,10646.400390625,10655.4501953125,289200,0.6939484444671,0.8243504472493495,0.0,-0.1304020027822494,1.236290680397767
2019-02-21,10789.849609375,10808.849609375,10721.5,10744.099609375,279600,0.5427244433475962,0.3969921622074741,0.0602833944449296,0.145732281140122,0.5067269008080633
2019-02-22,10791.650390625,10801.5498046875,10758.400390625,10782.7001953125,396800,0.2517990589069527,0.1563169707088608,0.5918839703841864,0.0954820881980919,0.016689586186968697
2019-02-25,10880.099609375,10887.099609375,10788.0498046875,10813.25,385900,0.9084505613336284,0.6712708252291325,0.0,0.2371797361044958,0.8196078963680797
2019-02-26,10835.2998046875,10888.75,10729.2998046875,10775.2998046875,415000,0.5833917947661205,0.2706439419817656,0.1459642632521138,0.3127478527843548,-0.4117591409631749
2019-02-27,10806.650390625,10939.7001953125,10751.2001953125,10881.2001953125,381100,0.4008514167636399,0.0812296348066726,0.5179189484296874,0.3196217819569672,-0.2644081343287419
2019-02-28,10792.5,10865.7001953125,10784.849609375,10865.7001953125,644200,0.4620058036441327,0.9925817954877634,0.0,-0.5305759918436307,-0.13094150466157473
2019-03-01,10863.5,10877.900390625,10823.099609375,10842.650390625,308500,0.9472833396118152,0.1562015079305992,0.0,0.791081831681216,0.6578642575862936
2019-03-05,10987.4501953125,10994.900390625,10817.0,10864.849609375,373200,0.6114542354346478,0.6594229620819976,0.0,-0.0479687266473497,1.1409784628572783
2019-03-06,11053.0,11062.2998046875,10998.849609375,11024.849609375,372600,0.0181101838208405,0.5778070502510847,0.4040827659280748,-0.5596968664302442,0.5965879573721855
2019-03-07,11058.2001953125,11089.0498046875,11027.099609375,11077.9501953125,321200,0.8721239089441515,0.8661015453778347,0.0,0.0060223635663168,0.047047817900125466
2019-03-08,11035.400390625,11049.0,11008.9501953125,11038.849609375,326600,0.9321182824836124,0.2894395216194879,0.0,0.6426787608641245,-0.20618006804727917
2019-03-11,11168.0498046875,11180.900390625,11059.849609375,11068.75,352200,0.9224993811772956,0.4111904758694911,0.0,0.5113089053078046,1.2020353532001593
2019-03-12,11301.2001953125,11320.400390625,11227.0,11231.349609375,391300,0.7072386343133986,0.427486454090268,0.0,0.2797521802231306,1.1922438828049886
2019-03-13,11341.7001953125,11352.2998046875,11276.599609375,11326.2001953125,383000,0.1525390429142613,0.3302846675020844,0.5171762895836542,-0.177745624587823,0.358369016565141
2019-03-14,11343.25,11383.4501953125,11313.75,11382.5,294500,0.5762883601668132,0.564231816684536,0.0,0.0120565434822771,0.013664659273393553
2019-03-15,11426.849609375,11487.0,11370.7998046875,11376.849609375,463700,0.6067150463828559,0.850574528015116,0.0,-0.2438594816322601,0.7369987382364052
2019-03-18,11462.2001953125,11530.150390625,11412.5,11473.849609375,320300,0.9343670147690148,0.6890876537482297,0.0,0.2452793610207851,0.30936423551506387
2019-03-19,11532.400390625,11543.849609375,11451.25,11500.2998046875,326100,0.9255685129067764,0.8232732126800302,0.0,0.1022953002267461,0.6124495656707252
2019-03-20,11521.0498046875,11556.099609375,11503.099609375,11553.349609375,366300,0.4508393714041321,0.5561906926300116,0.0,-0.1053513212258795,-0.09842344657688962
2019-03-22,11456.900390625,11572.7998046875,11434.5498046875,11549.2001953125,386200,0.9848411989623346,0.0162003973394672,0.0,0.9686408016228674,-0.5568018119008533
2019-03-25,11354.25,11395.650390625,11311.599609375,11395.650390625,294500,0.9208418826173724,0.8899133763628625,0.0,0.0309285062545098,-0.8959700017030503
2019-03-26,11483.25,11496.75,11352.4501953125,11375.2001953125,282600,0.8698963620621283,0.9919627472386432,0.0,-0.122066385176515,1.1361384503600025
2019-03-27,11445.0498046875,11546.2001953125,11413.0,11531.4501953125,350400,0.5188380571260721,0.2940674621767778,0.18709448069715,0.2247705949492943,-0.33266013813597617
2019-03-28,11570.0,11588.5,11452.4501953125,11463.650390625,527700,0.5912754357449292,0.2103185562857936,0.1984060079692771,0.3809568794591356,1.0917400749215211
2019-04-01,11669.150390625,11738.099609375,11644.75,11665.2001953125,379600,0.8028534485980114,0.1028425921574767,0.0943039592445118,0.7000108564405347,0.8569610252809001
2019-04-02,11713.2001953125,11729.349609375,11655.849609375,11711.5498046875,386100,0.0046320230046028,0.1259551963793582,0.8694127806160389,-0.1213231733747554,0.37748939051200914
2019-04-03,11643.9501953125,11761.0,11629.150390625,11735.2998046875,365800,0.3334991716911442,0.9791515551006156,0.0,-0.6456523834094714,-0.5912133221091298
2019-04-04,11598.0,11662.5498046875,11559.2001953125,11660.2001953125,349000,0.3981686935909433,0.6738388982700046,0.0,-0.2756702046790613,-0.3946272059030087
2019-04-05,11665.9501953125,11689.650390625,11609.5,11638.400390625,266700,0.5373956029379229,0.8468872244289528,0.0,-0.3094916214910299,0.5858785593421345
2019-04-08,11604.5,11710.2998046875,11549.099609375,11704.349609375,260900,0.3469532018962277,0.5942418273085972,0.0588049707951751,-0.2472886254123695,-0.5267483083991831
2019-04-09,11671.9501953125,11683.900390625,11569.7001953125,11612.0498046875,300500,0.7375012481097484,0.603150120122947,0.0,0.1343511279868013,0.5812417192683883
2019-04-10,11584.2998046875,11680.0498046875,11571.75,11646.849609375,359900,0.4522179408898071,0.6825324595377216,0.0,-0.2303145186479144,-0.7509489773200095
2019-04-11,11596.7001953125,11606.7001953125,11550.5498046875,11592.5498046875,279800,0.2246048229399819,0.5753591731290986,0.2000360039309194,-0.3507543501891166,0.10704480058416621
2019-04-12,11643.4501953125,11657.349609375,11578.7998046875,11612.849609375,246000,0.4524395161326934,0.4290623693026659,0.1184981145646406,0.0233771468300274,0.40313191867198395
2019-04-15,11690.349609375,11704.599609375,11648.25,11667.0,290000,0.4983677727394797,0.2262724300031862,0.275359797257334,0.2720953427362935,0.40279653604204935
2019-04-16,11787.150390625,11810.9501953125,11731.5498046875,11736.2001953125,354300,0.4189254495045479,0.6923543061544142,0.0,-0.2734288566498662,0.8280400884877803
2019-04-18,11752.7998046875,11856.150390625,11738.5,11856.150390625,339700,0.3623938991166331,0.6253301699544539,0.0122759309289129,-0.2629362708378208,-0.29142400664389223
2019-04-22,11594.4501953125,11727.0498046875,11583.9501953125,11727.0498046875,260400,0.6635373720167106,0.130973742994174,0.2054888849891153,0.5325636290225365,-1.3473352052831178
2019-04-23,11575.9501953125,11645.9501953125,11564.7998046875,11612.9501953125,272500,0.1780359668697514,0.6059969672710255,0.2159670658592231,-0.427961000401274,-0.15955909670886115
2019-04-24,11726.150390625,11740.849609375,11578.849609375,11601.5,335200,0.9610703174694551,0.8494464062257355,0.0,0.1116239112437196,1.2975193636658888
2019-04-25,11641.7998046875,11796.75,11624.2998046875,11735.7001953125,604400,0.1486627277531129,0.0449968212354243,0.8063404510114627,0.1036659065176885,-0.7193374050953438
2019-04-26,11754.650390625,11762.900390625,11661.75,11683.75,333500,0.4146241237270237,0.7341512590416462,0.0,-0.3195271353146225,0.9693568677590747
2019-04-30,11748.150390625,11756.25,11655.900390625,11748.75,532600,0.5953850173200438,0.3319715047358454,0.0726434779441107,0.2634135125841983,-0.05529726349993158
2019-05-02,11724.75,11789.2998046875,11699.5498046875,11725.5498046875,380300,0.7499604703991778,0.0136824147606811,0.2363571148401411,0.7362780556384967,-0.1991836148409698
2019-05-03,11712.25,11770.900390625,11699.349609375,11722.599609375,305500,0.2099055930955857,0.0815987200048383,0.7084956868995759,0.1283068730907474,-0.10661208128105448
2019-05-06,11598.25,11632.5498046875,11571.349609375,11605.7998046875,299000,0.1906877206636665,0.631375326048251,0.1779369532880824,-0.4406876053845844,-0.973339879186319
2019-05-07,11497.900390625,11657.0498046875,11484.4501953125,11651.5,337500,0.0365496678480948,0.4263983568016225,0.5370519753502826,-0.3898486889535276,-0.8652133673183404
2019-05-08,11359.4501953125,11479.099609375,11346.9501953125,11478.7001953125,372800,0.4720669451099992,0.548145202728022,0.0,-0.0760782576180227,-1.2041345863927244
2019-05-09,11301.7998046875,11357.599609375,11255.0498046875,11322.400390625,373000,0.5648411332626164,0.1746471858963295,0.260511680841054,0.3901939473662869,-0.5075103956069027
2019-05-10,11278.900390625,11345.7998046875,11251.0498046875,11314.150390625,387300,0.0657086394283523,0.2959320294366161,0.6383593311350315,-0.2302233900082637,-0.20261741013145596
2019-05-13,11148.2001953125,11300.2001953125,11125.599609375,11258.7001953125,357600,0.52439026932758,0.0504167736022092,0.4251929570702107,0.4739734957253708,-1.1588026384304118
2019-05-14,11222.0498046875,11294.75,11108.2998046875,11151.650390625,398100,0.4407627469382281,0.8903843208552661,0.0,-0.4496215739170379,0.6624352638199937
2019-05-15,11157.0,11286.7998046875,11136.9501953125,11271.7001953125,414200,0.400763060875326,0.5768812013112085,0.0223557378134655,-0.1761181404358824,-0.5796606308085428
2019-05-16,11257.099609375,11281.5498046875,11143.349609375,11180.349609375,350700,0.5596403313082179,0.5639195667556237,0.0,-0.0042792354474058,0.8971910851931497
2019-05-17,11407.150390625,11426.150390625,11259.849609375,11261.900390625,412100,0.1552402459307125,0.5002785352077603,0.3444812188615271,-0.3450382892770478,1.3329435330307948
2019-05-20,11828.25,11845.2001953125,11591.7001953125,11651.900390625,452100,0.9461154621336328,0.6009120056590861,0.0,0.3452034564745466,3.6915407876193296
2019-05-21,11709.099609375,11883.5498046875,11682.7998046875,11863.650390625,381000,0.3733093162797529,0.3409585714355583,0.2857321122846887,0.0323507448441946,-1.0073374389702572
2019-05-22,11737.900390625,11784.7998046875,11682.400390625,11727.9501953125,355900,0.2707446731435537,0.9172680665776808,0.0,-0.6465233934341269,0.24596922232125173
2019-05-23,11657.0498046875,12041.150390625,11614.5,11901.2998046875,569000,0.6439995432390158,0.4065905373594722,0.0,0.2374090058795435,-0.6887993870017373
2019-05-24,11844.099609375,11859.0,11658.099609375,11748.0,374600,0.4087341710980964,0.143281458702641,0.4479843701992625,0.2654527123954553,1.6046067214389392
2019-05-27,11924.75,11957.150390625,11812.400390625,11855.5,348400,0.7159722288473975,0.5254703073558932,0.0,0.1905019214915043,0.6809330661248669
2019-05-28,11928.75,11958.5498046875,11864.900390625,11958.349609375,598300,0.6589239419101514,0.69783278550517,0.0,-0.0389088435950186,0.03354368016101894
2019-05-29,11861.099609375,11931.900390625,11836.7998046875,11905.7998046875,318100,0.0270959925034834,0.9002641112020704,0.0726398962944461,-0.8731681186985869,-0.5671205333752538
2019-05-30,11945.900390625,11968.5498046875,11859.400390625,11865.2998046875,421200,0.2219721619329494,0.7921911948016761,0.0,-0.5702190328687267,0.7149487319284775
2019-05-31,11922.7998046875,12039.25,11829.4501953125,11999.7998046875,438900,0.2310747965880714,0.6763610678727241,0.0925641355392045,-0.4452862712846527,-0.19337668306382838
2019-06-03,12088.5498046875,12103.0498046875,11920.099609375,11953.75,315300,0.1041085819845738,0.295824097496536,0.6000673205188901,-0.1917155155119622,1.3901936014629301
2019-06-04,12021.650390625,12095.2001953125,12005.849609375,12052.650390625,289200,0.7999160853731894,0.0011120941961874,0.1989718204306232,0.798803991177002,-0.5534114111566901
2019-06-06,11843.75,12039.7998046875,11830.25,12039.7998046875,415200,0.6527461078518747,0.217891379626744,0.1293625125213813,0.4348547282251307,-1.4798333410505293
2019-06-07,11870.650390625,11897.5,11769.5,11865.2001953125,302500,0.2381827810467265,0.6618345851139982,0.0999826338392753,-0.4236518040672716,0.22712730870713127
2019-06-10,11922.7001953125,11975.0498046875,11871.75,11934.900390625,303300,0.7222669318556592,0.0162434432094537,0.2614896249348871,0.7060234886462055,0.43847475053773177
2019-06-11,11965.599609375,12000.349609375,11904.349609375,11959.849609375,332200,0.8556964681062857,0.7287780544506475,0.0,0.1269184136556382,0.35981290613484873
2019-06-12,11906.2001953125,11962.4501953125,11866.349609375,11962.4501953125,283700,0.8302198645669916,0.3235304124854915,0.0,0.5066894520815001,-0.49641819885031246
2019-06-13,11914.0498046875,11931.349609375,11817.0498046875,11873.900390625,447900,0.3971835296184548,0.6650559890066311,0.0,-0.2678724593881763,0.06592875347493088
2019-06-14,11823.2998046875,11911.849609375,11797.7001953125,11910.099609375,390300,0.6680851365706462,0.5565784285021533,0.0,0.1115067080684928,-0.7617057296864349
2019-06-17,11672.150390625,11844.0498046875,11657.75,11844.0,295500,0.8963358185211198,0.0944188976604809,0.0092452838183992,0.8019169208606388,-1.2784029548381648
2019-06-18,11691.5,11727.2001953125,11641.150390625,11677.0498046875,365500,0.013001923510736,0.8315183331122236,0.1554797433770404,-0.8185164096014875,0.1657758744313398
2019-06-19,11691.4501953125,11802.5,11625.099609375,11744.4501953125,446900,0.085508530854468,0.918397542081558,0.0,-0.8328890112270899,-0.0004259905700743083
2019-06-20,11831.75,11843.5,11635.0498046875,11653.650390625,442000,0.2078862551460273,0.6497880467642996,0.1423256980896731,-0.4419017916182722,1.2000205478679637
2019-06-21,11724.099609375,11827.9501953125,11705.099609375,11827.599609375,468400,0.0265322038738197,0.1034341148604833,0.8700336812656969,-0.0769019109866636,-0.9098433505187353
2019-06-24,11699.650390625,11754.0,11670.2001953125,11725.7998046875,277600,0.4214245505924979,0.7798208840100681,0.0,-0.3583963334175701,-0.2085381356743965
2019-06-25,11796.4501953125,11814.400390625,11651.0,11681.0,300500,0.8926717110769748,0.1182186222910886,0.0,0.7744530887858863,0.8273734808782462
2019-06-26,11847.5498046875,11871.849609375,11757.5498046875,11768.150390625,327900,0.8174435617384409,3.071884538241587e-05,0.1825257194161766,0.8174128428930585,0.4331778503613437
2019-06-27,11841.5498046875,11911.150390625,11821.0498046875,11860.849609375,480200,0.3418173516978759,0.712137045880605,0.0,-0.370319694182729,-0.05064338279993086
2019-06-28,11788.849609375,11871.7001953125,11775.5,11861.150390625,303900,0.2594234334312925,0.3565961759862056,0.3839803905825019,-0.0971727425549131,-0.44504474652159454
2019-07-01,11865.599609375,11884.650390625,11830.7998046875,11839.900390625,278400,0.2680636408228762,0.5402994067614997,0.191636952415624,-0.2722357659386234,0.6510389269786421
2019-07-02,11910.2998046875,11917.4501953125,11814.7001953125,11890.2998046875,363200,0.624148907849134,0.8511507354259817,0.0,-0.2270018275768477,0.3767209141051886
2019-07-03,11916.75,11945.2001953125,11887.0498046875,11932.150390625,340500,0.4094116521912404,0.957631646272588,0.0,-0.5482199940813475,0.054156447933917384
2019-07-04,11946.75,11969.25,11923.650390625,11928.7998046875,333600,0.5520471808519802,0.5657449506132892,0.0,-0.0136977697613089,0.25174649128327786
2019-07-05,11811.150390625,11981.75,11797.900390625,11964.75,530700,0.4361265291353167,0.5144613277398942,0.0494121431247891,-0.0783347986045774,-1.1350334557515662
2019-07-08,11558.599609375,11771.900390625,11523.2998046875,11770.400390625,464000,0.7636057941597608,0.3799790789653946,0.0,0.3836267151943662,-2.138240331360608
2019-07-09,11555.900390625,11582.5498046875,11461.0,11531.599609375,442500,0.1401131757664525,0.6071352808835769,0.2527515433499705,-0.4670221051171244,-0.023352472109261502
2019-07-10,11498.900390625,11593.7001953125,11475.650390625,11536.150390625,337600,0.8684679758979128,0.3887263478765467,0.0,0.4797416280213661,-0.4932545113165099
2019-07-11,11582.900390625,11599.0,11519.5,11561.4501953125,317300,0.4874311982495136,0.2402991234503667,0.2722696783001196,0.2471320747991469,0.7305046321514741
2019-07-12,11552.5,11639.5498046875,11538.599609375,11601.150390625,359400,0.8945522268940914,0.0949652752283765,0.010482497877532,0.7995869516657149,-0.26245922523520093
2019-07-15,11588.349609375,11618.400390625,11532.2998046875,11614.75,368800,0.0224693083201173,0.1768969508239839,0.8006337408558987,-0.1544276425038665,0.31031905972733753
2019-07-16,11662.599609375,11670.0498046875,11573.9501953125,11596.650390625,480200,0.2686773593849461,0.987336158579546,0.0,-0.7186587991945999,0.6407297199588324
2019-07-17,11687.5,11706.650390625,11651.150390625,11670.75,464800,0.5416342146608669,0.4441035569066186,0.0142622284325144,0.0975306577542483,0.21350634900458854
2019-07-18,11596.900390625,11677.150390625,11582.400390625,11675.599609375,498300,0.6334782198261473,0.5318717665050166,0.0,0.1016064533211307,-0.7751838235294128
2019-07-19,11419.25,11640.349609375,11399.2998046875,11627.9501953125,446000,0.2578876854332023,0.8736185287372153,0.0,-0.6157308433040131,-1.531878214359883
2019-07-22,11346.2001953125,11398.150390625,11301.25,11392.849609375,516000,0.984402180703552,0.8124738210441717,0.0,0.1719283596593804,-0.6397075524881224
2019-07-23,11331.0498046875,11398.150390625,11302.7998046875,11372.25,458900,0.5256901823026858,0.3269410243366752,0.1473687933606389,0.1987491579660105,-0.13352832106081625
2019-07-24,11271.2998046875,11359.75,11229.7998046875,11322.4501953125,413200,0.1716792858483035,0.3057439574472911,0.5225767567044054,-0.1340646715989876,-0.5273121293252303
2019-07-25,11252.150390625,11361.400390625,11239.349609375,11290.400390625,553700,0.2723073265193689,0.4027037209945602,0.3249889524860708,-0.1303963944751912,-0.16989534831232112
2019-07-26,11284.2998046875,11307.599609375,11210.0498046875,11247.4501953125,522700,0.0183906765474667,0.6725072626736491,0.3091020607788841,-0.6541165861261824,0.28571795564771296
2019-07-29,11189.2001953125,11310.9501953125,11152.400390625,11307.5,482900,0.5765164755142536,0.1332099241366287,0.2902736003491177,0.4433065513776248,-0.8427603929443195
2019-07-30,11085.400390625,11267.4501953125,11072.650390625,11213.7001953125,479100,0.274055220687206,0.6323962564655086,0.0935485228472854,-0.3583410357783025,-0.9276785013729971
2019-07-31,11118.0,11145.2998046875,10999.400390625,11034.0498046875,536700,0.5541780025157934,0.1283258621887645,0.3174961352954421,0.4258521403270289,0.294076968140633
2019-08-01,10980.0,11076.75,10881.0,11060.2001953125,499900,0.6514203883518642,0.5784925082293301,0.0,0.0729278801225341,-1.2412304371289817
2019-08-02,10997.349609375,11080.150390625,10848.9501953125,10930.2998046875,547400,0.8297418037072016,0.693422128056309,0.0,0.1363196756508926,0.15801101434427256
2019-08-05,10862.599609375,10895.7998046875,10782.599609375,10895.7998046875,506600,0.1368856300688072,0.8728594215656645,0.0,-0.7359737914968573,-1.225295228271439
2019-08-06,10948.25,11018.5498046875,10813.7998046875,10815.400390625,517900,0.9000186418481051,0.4999589919647884,0.0,0.4000596498833166,0.7884888857643269
2019-08-07,10855.5,10975.650390625,10835.900390625,10958.099609375,548500,0.8738900775625152,0.7302491895295712,0.0,0.143640888032944,-0.847167355513434
2019-08-08,11032.4501953125,11058.0498046875,10842.9501953125,10899.2001953125,482500,0.5974131021703083,0.6191727353658367,0.0,-0.0217596331955284,1.6300510829763803
2019-08-09,11109.650390625,11181.4501953125,11062.7998046875,11087.900390625,538100,0.6005168604336534,0.1866399397976825,0.212843199768664,0.4138769206359708,0.6997556657477588
2019-08-13,10925.849609375,11145.900390625,10901.599609375,11139.400390625,624600,0.4187705248920731,0.6171059444286563,0.0,-0.1983354195365831,-1.654424529912324
2019-08-14,11029.400390625,11078.150390625,10935.599609375,11003.25,511500,0.3831385282494974,0.8499593305032054,0.0,-0.4668208022537079,0.9477595331455646
2019-08-16,11047.7998046875,11068.650390625,10924.2998046875,11043.650390625,470900,0.046965966775055,0.1255497898984771,0.8274842433264679,-0.078583823123422,0.16682152620135504
2019-08-19,11053.900390625,11146.900390625,11037.849609375,11094.7998046875,369500,0.0827986679251264,0.4784910701071891,0.4387102619676843,-0.3956924021820627,0.055219917498061655
2019-08-20,11017.0,11076.2998046875,10985.2998046875,11063.900390625,444700,0.6031521094663882,0.5855637287933019,0.0,0.0175883806730863,-0.33382235519596737
2019-08-21,10918.7001953125,11034.2001953125,10906.650390625,11018.150390625,557900,0.2453491096813209,0.5413744209074383,0.2132764694112408,-0.2960253112261173,-0.8922556475220111
2019-08-22,10741.349609375,10908.25,10718.2998046875,10905.2998046875,668200,0.3892956140419765,0.0860321570329432,0.5246722289250803,0.3032634570090333,-1.6242829527789215
2019-08-23,10829.349609375,10862.5498046875,10637.150390625,10699.599609375,667100,0.2886937367706998,0.0570269140036193,0.6542793492256808,0.2316668227670805,0.8192639025843995
2019-08-26,11057.849609375,11070.2998046875,10756.5498046875,11000.2998046875,684100,0.297121715623175,0.5443448876343211,0.1585333967425038,-0.247223172011146,2.1100066785376237
2019-08-27,11105.349609375,11141.75,11049.5,11106.5498046875,685600,0.5664046402968972,0.2337407920367442,0.1998545676663585,0.3326638482601529,0.42955910667956676
2019-08-28,11046.099609375,11129.650390625,10987.650390625,11101.2998046875,550000,0.4760504021990996,0.6377741418455916,0.0,-0.1617237396464919,-0.5335266523260329
2019-08-29,10948.2998046875,11021.099609375,10922.400390625,10996.0498046875,649900,0.6636711653626481,0.8200675020556494,0.0,-0.1563963366930012,-0.8853786236410199
2019-08-30,11023.25,11042.599609375,10874.7998046875,10987.7998046875,628200,0.936829739324758,0.0415789598465937,0.0215913008286482,0.8952507794781642,0.6845829640179435
2019-09-03,10797.900390625,10967.5,10772.7001953125,10960.9501953125,483000,0.2622640442998251,0.3077709052931491,0.4299650504070258,-0.045506860993324,-2.044311880570615
2019-09-04,10844.650390625,10858.75,10746.349609375,10790.400390625,508800,0.5950779307002548,0.6136379029893838,0.0,-0.0185599722891289,0.43295454031591074
2019-09-05,10847.900390625,10920.099609375,10816.0,10860.9501953125,595700,0.0514258134842503,0.8979352934437369,0.0506388930720127,-0.8465094799594866,0.029968693161475102
2019-09-06,10946.2001953125,10957.0498046875,10867.4501953125,10883.7998046875,497200,0.4963662472012363,0.8099244203028994,0.0,-0.313558173101663,0.9061643373168504
2019-09-09,11003.0498046875,11028.849609375,10889.7998046875,10936.7001953125,412500,0.7709122037458219,0.3648224702077987,0.0,0.4060897335380232,0.5193547382711383
2019-09-11,11035.7001953125,11054.7998046875,11011.650390625,11028.5,687100,0.0751377817358087,0.4661815911275569,0.4586806271366342,-0.3910438093917482,0.29673946046386845
2019-09-12,10982.7998046875,11081.75,10964.9501953125,11058.2998046875,551400,0.7281887562036033,0.1899361364575609,0.0818751073388357,0.5382526197460424,-0.479356902496042
2019-09-13,11075.900390625,11084.4501953125,10945.75,10986.7998046875,624300,0.4954913162061984,0.7017382738772572,0.0,-0.2062469576710587,0.8476944640087414
2019-09-16,11003.5,11052.7001953125,10968.2001953125,10994.849609375,434500,0.2464020332391068,0.9113391900786308,0.0,-0.6649371568395239,-0.6536749886833726
2019-09-17,10817.599609375,11000.099609375,10796.5,11000.099609375,482000,0.8191023176741997,0.0209341178267332,0.159963564499067,0.7981681998474665,-1.689465993774708
2019-09-18,10840.650390625,10885.150390625,10804.849609375,10872.7998046875,519200,0.7994158789689793,0.315773151249496,0.0,0.4836427277194832,0.21308591630644358
2019-09-19,10704.7998046875,10845.2001953125,10670.25,10845.2001953125,642600,0.6946964708544268,0.0568813977776465,0.2484221313679266,0.6378150730767802,-1.2531589991591652
2019-09-20,11274.2001953125,11381.900390625,10691.0,10746.7998046875,1356800,0.2721451372299627,0.7665273162216272,0.0,-0.4943821789916645,5.319112930777714
2019-09-23,11600.2001953125,11694.849609375,11471.349609375,11542.7001953125,882800,0.0915820733266341,0.675662902207073,0.2327550244662928,-0.5840808288804389,2.8915576657539077
2019-09-24,11588.2001953125,11655.0498046875,11539.2001953125,11590.7001953125,651700,0.9173135754622428,0.3959372261959498,0.0,0.521376349266293,-0.10344649056013289
2019-09-25,11440.2001953125,11564.9501953125,11416.099609375,11564.849609375,629100,0.1368186309189614,0.7562537914224343,0.1069275776586042,-0.6194351605034729,-1.2771612287114875
2019-09-26,11571.2001953125,11610.849609375,11466.349609375,11469.849609375,844500,0.9502373538208024,0.4541836627367061,0.0,0.4960536910840963,1.145084856589107
2019-09-27,11512.400390625,11593.599609375,11499.75,11556.349609375,650000,0.4460057729579557,0.4122797278316655,0.1417144992103787,0.0337260451262901,-0.5081564893442914
2019-09-30,11474.4501953125,11508.25,11390.7998046875,11491.150390625,756800,0.8729458358764083,0.1204473399965654,0.0066068241270262,0.7524984958798429,-0.3296462425282254
2019-10-01,11359.900390625,11554.2001953125,11247.900390625,11515.400390625,1305400,0.7322248864095612,0.5845431132594582,0.0,0.147681773150103,-0.9983032105041145
2019-10-03,11314.0,11370.400390625,11257.349609375,11322.25,1017500,0.6587833667107174,0.3778392137271866,0.0,0.2809441529835307,-0.4040562773145462
2019-10-04,11174.75,11400.2998046875,11158.349609375,11388.4501953125,928500,0.6922765645178525,0.0620367636287815,0.245686671853366,0.630239800889071,-1.2307760296977222
2019-10-07,11126.400390625,11233.849609375,11112.650390625,11196.2001953125,733200,0.4894249636431405,0.1619230066322137,0.3486520297246458,0.3275019570109267,-0.43266837625002275
2019-10-09,11313.2998046875,11321.599609375,11090.150390625,11152.9501953125,741100,0.987668007996647,0.9977493890102006,0.0,-0.0100813810135536,1.679783285706482
2019-10-10,11234.5498046875,11293.349609375,11208.5498046875,11280.5,562000,0.9440593396866132,0.4517394759814438,0.0,0.4923198637051694,-0.6960833829169011
2019-10-11,11305.0498046875,11362.900390625,11189.400390625,11257.7001953125,737800,0.0394268113685059,0.3547285567302126,0.6058446319012815,-0.3153017453617067,0.6275284833450412
2019-10-14,11341.150390625,11420.4501953125,11290.0498046875,11335.900390625,587600,0.1805753451273335,0.8832736014262238,0.0,-0.7026982562988903,0.3193315072573366
2019-10-15,11428.2998046875,11462.349609375,11342.099609375,11360.849609375,527400,0.5679452305526295,0.414825655521352,0.0172291139260185,0.1531195750312775,0.7684353972992053
2019-10-16,11464.0,11481.0498046875,11411.099609375,11464.9501953125,533500,0.9154882975880418,0.3872744114248413,0.0,0.5282138861632005,0.3123841334461419
2019-10-17,11586.349609375,11599.099609375,11439.650390625,11466.2998046875,797600,0.0339459785857988,0.6596902729304743,0.3063637484837268,-0.6257442943446755,1.0672506051552677
2019-10-18,11661.849609375,11684.7001953125,11553.150390625,11580.2998046875,853400,0.6974202672468399,0.4420334209311235,0.0,0.2553868463157164,0.6516288783389612
2019-10-22,11588.349609375,11714.349609375,11573.650390625,11657.150390625,867600,0.944266489113434,0.9405039528794026,0.0,0.0037625362340313,-0.6302602285396697
2019-10-23,11604.099609375,11651.599609375,11554.400390625,11596.2001953125,664200,0.4742142166574637,0.648765386159386,0.0,-0.1745511695019221,0.1359123648397631
2019-10-24,11582.599609375,11679.599609375,11534.650390625,11661.650390625,700500,0.8620426509893134,0.9545659288588108,0.0,-0.0925232778694973,-0.18527934715960592
2019-10-25,11583.900390625,11646.900390625,11490.75,11646.150390625,812000,0.8445493985350704,0.1514323143699633,0.0040182870949663,0.6931170841651071,0.011230477560042473
2019-10-29,11786.849609375,11809.400390625,11627.349609375,11643.9501953125,951700,0.596269878482053,0.4014617790890432,0.0022683424289037,0.1948080993930098,1.7519938181983052
2019-10-30,11844.099609375,11883.9501953125,11784.4501953125,11883.900390625,725200,0.230008837287703,0.3380844093662614,0.4319067533460355,-0.1080755720785583,0.4857107869982835
2019-10-31,11877.4501953125,11945.0,11855.099609375,11890.4501953125,1414800,0.1205668857772788,0.1268240225504188,0.7526090916723024,-0.0062571367731399,0.2815797488827432
2019-11-01,11890.599609375,11918.2998046875,11843.349609375,11886.599609375,855300,0.0769532016292091,0.3917424505622782,0.5313043478085127,-0.314789248933069,0.11070906504571099
2019-11-04,11941.2998046875,11989.150390625,11905.349609375,11928.900390625,823100,0.7247667715287615,0.2088309354945899,0.0664022929766485,0.5159358360341715,0.42638888683566023
2019-11-05,11917.2001953125,11978.9501953125,11861.900390625,11974.599609375,632000,0.0653563407989423,0.0585653052845338,0.8760783539165238,0.0067910355144085,-0.2018173043904281
2019-11-06,11966.0498046875,12002.900390625,11850.25,11911.5,603400,0.3152903378306103,0.5523661378172343,0.1323435243521553,-0.2370757999866239,0.4099084396871566
2019-11-07,12012.0498046875,12021.400390625,11946.849609375,12021.099609375,563000,0.5394912923753372,0.5952297327194016,0.0,-0.0557384403440643,0.3844209304726398
2019-11-08,11908.150390625,12034.150390625,11888.75,11987.150390625,789300,0.7907231648389635,0.8719130612805055,0.0,-0.0811898964415419,-0.8649599006986697
2019-11-11,11913.4501953125,11932.650390625,11853.9501953125,11879.2001953125,549000,0.8859777482361871,0.8030118815263205,0.0,0.0829658667098666,0.04450569159482054
2019-11-13,11840.4501953125,11946.7998046875,11823.2001953125,11908.2998046875,659000,0.2329594747536337,0.0792802846311917,0.6877602406151745,0.153679190122442,-0.6127528029514329
2019-11-14,11872.099609375,11895.650390625,11802.650390625,11858.75,559500,0.024400781556538,0.5658505603132467,0.4097486581302153,-0.5414497787567086,0.2672990768123773
2019-11-15,11895.4501953125,11973.650390625,11879.25,11904.2001953125,580200,0.8700988739009299,0.9080185454216624,0.0,-0.0379196715207325,0.1966845520657623
2019-11-18,11884.5,11946.2001953125,11867.599609375,11915.150390625,514400,0.528937134027212,0.14346945701802,0.3275934089547679,0.3854676770091919,-0.09205364347466549
2019-11-19,11940.099609375,11958.849609375,11881.75,11919.4501953125,613900,0.9390676985128962,0.1514455219353573,0.0,0.7876221765775389,0.46783297046573136
2019-11-20,11999.099609375,12038.599609375,11966.0498046875,12004.75,646700,0.7987832357736654,0.4327714843418189,0.0,0.3660117514318465,0.4941332311304558
2019-11-21,11968.400390625,12028.2001953125,11956.900390625,12025.650390625,557700,0.9979341105333376,0.5956798241615295,0.0,0.4022542863718079,-0.2558460196964596
2019-11-22,11914.400390625,11968.099609375,11883.5,11967.2998046875,486800,0.3507118154517101,0.0806154051696017,0.5686727793786881,0.2700964102821084,-0.45118811401312353
2019-11-25,12073.75,12084.5,11919.75,11922.4501953125,534300,0.4798756203039088,0.5866239182836627,0.0,-0.1067482979797538,1.3374538722098483
2019-11-26,12037.7001953125,12132.4501953125,12006.349609375,12110.2001953125,1201300,0.6275054632183701,0.8284386709389908,0.0,-0.2009332077206207,-0.29858001604721185
2019-11-27,12100.7001953125,12114.900390625,12055.150390625,12068.5,584200,0.8736771141863388,0.0801867568121132,0.0461361290015479,0.7934903573742255,0.5233557820665036
2019-11-28,12151.150390625,12158.7998046875,12099.9501953125,12132.099609375,620500,0.9840834691992952,0.4768388777331244,0.0,0.5072445914661707,0.4169196368656758
2019-11-29,12056.0498046875,12147.400390625,12017.400390625,12146.2001953125,804400,0.7682734138645182,0.6300931268616634,0.0,0.1381802870028547,-0.7826467690735917
2019-12-02,12048.2001953125,12137.150390625,12023.7001953125,12137.0498046875,720900,0.7375823015888915,0.2770692497133996,0.0,0.4605130518754918,-0.06510929783939412
2019-12-03,11994.2001953125,12068.599609375,11956.400390625,12067.650390625,605800,0.2387771457683023,0.9408801695592044,0.0,-0.702103023790902,-0.4481997238144242
2019-12-04,12043.2001953125,12054.7001953125,11935.2998046875,11969.9501953125,747200,0.1104741131313946,0.1243458414308703,0.765180045437735,-0.0138717282994756,0.4085307832292884
2019-12-05,12018.400390625,12081.2001953125,11998.75,12071.25,562200,0.3546221576407765,0.8751336186211521,0.0,-0.5205114609803756,-0.20592371035360602
2019-12-06,11921.5,12057.0498046875,11888.849609375,12047.349609375,609200,0.2872389916540817,0.9709402496046186,0.0,-0.6837012579505368,-0.8062669529681155
2019-12-09,11937.5,11981.9501953125,11888.0498046875,11939.099609375,599100,0.0420931896363618,0.0402855187779984,0.9176212915856397,0.0018076708583634,0.1342112989137334
2019-12-10,11856.7998046875,11953.2001953125,11844.7001953125,11950.5,650200,0.0178739347334138,0.4054228251391549,0.5767032401274312,-0.3875488904057411,-0.6760225785340301
2019-12-11,11910.150390625,11923.2001953125,11832.2998046875,11867.349609375,997700,0.9877223897360315,0.516283299197674,0.0,0.4714390905383575,0.44995771891509495
2019-12-12,11971.7998046875,12005.5,11934.0,11944.2998046875,752600,0.4277731337358623,0.5806452259096341,0.0,-0.1528720921737717,0.5176207859728388
2019-12-13,12086.7001953125,12098.849609375,12023.599609375,12026.400390625,597700,0.3843266471596817,0.9359372482485596,0.0,-0.5516106010888778,0.9597587037832866
2019-12-16,12053.9501953125,12134.650390625,12046.2998046875,12131.349609375,437700,0.9499611839502252,0.8096750362658893,0.0,0.140286147684336,-0.27095898360001147
2019-12-17,12165.0,12182.75,12070.349609375,12082.4501953125,499600,0.786345014415552,0.9505328209544088,0.0,-0.1641878065388569,0.9212731336046609
2019-12-18,12221.650390625,12237.7001953125,12163.4501953125,12197.0,518900,0.0894110023122595,0.0220661486822908,0.8885228490054496,0.0673448536299686,0.46568344122481786
2019-12-19,12259.7001953125,12268.349609375,12191.150390625,12223.400390625,623100,0.4175807757849283,0.9825212722560388,0.0,-0.5649404964711103,0.3113311498149862
2019-12-20,12271.7998046875,12293.900390625,12252.75,12266.4501953125,810700,0.8791183075621647,0.0861321390636803,0.0347495533741549,0.7929861684984844,0.09869417018555371
2019-12-23,12262.75,12287.150390625,12213.25,12235.4501953125,604800,0.6134113892107077,0.1321796577538717,0.2544089530354205,0.4812317314568359,-0.07374472230261553
2019-12-24,12214.5498046875,12283.7001953125,12202.099609375,12269.25,470300,0.1670339460920752,0.4398556397138349,0.3931104141940899,-0.2728216936217597,-0.39306187692401684
2019-12-26,12126.5498046875,12221.5498046875,12118.849609375,12211.849609375,520300,0.2316717013834434,0.380951845023475,0.3873764535930816,-0.1492801436400316,-0.7204522590446127
2019-12-27,12245.7998046875,12258.4501953125,12157.900390625,12172.900390625,383800,0.9427317741351257,0.0545654082826989,0.0027028175821753,0.8881663658524267,0.9833794601157297
2019-12-30,12255.849609375,12286.4501953125,12213.7998046875,12274.900390625,411100,0.5126885110165086,0.3832153659472517,0.1040961230362397,0.1294731450692569,0.08206736062803532
2019-12-31,12168.4501953125,12247.099609375,12151.7998046875,12247.099609375,426900,0.2306698117177587,0.216332777630827,0.5529974106514143,0.0143370340869316,-0.7131240742024536
2020-01-01,12182.5,12222.2001953125,12165.2998046875,12202.150390625,304100,0.1765280320055082,0.4425773459328154,0.3808946220616763,-0.2660493139273071,0.1154609211690083
2020-01-02,12282.2001953125,12289.900390625,12195.25,12198.5498046875,407700,0.2204862090701753,0.0483627110487808,0.7311510798810438,0.1721234980213944,0.8183886337984836
2020-01-03,12226.650390625,12265.599609375,12191.349609375,12261.099609375,428800,0.1864382621442545,0.8204875844802748,0.0,-0.6340493223360203,-0.4522789386603554
2020-01-06,11993.0498046875,12179.099609375,11974.2001953125,12170.599609375,396500,0.0578426765633963,0.3531028889383895,0.5890544344982142,-0.2952602123749931,-1.9105853072941215
2020-01-07,12052.9501953125,12152.150390625,12005.349609375,12079.099609375,447800,0.9691026301408112,0.7997833644457834,0.0,0.1693192656950279,0.4994592001242859
2020-01-08,12025.349609375,12044.9501953125,11929.599609375,11939.099609375,446000,0.8837858849634257,0.5546870247883672,0.0,0.3290988601750585,-0.22899444111396106
2020-01-09,12215.900390625,12224.0498046875,12132.5498046875,12153.150390625,477500,0.927752283195213,0.8259323085500162,0.0,0.1018199746451967,1.5845758122611686
2020-01-10,12256.7998046875,12311.2001953125,12213.2001953125,12271.0,660600,0.9949078226464352,0.6314587925830206,0.0,0.3634490300634146,0.33480474426501594
2020-01-13,12329.5498046875,12337.75,12285.7998046875,12296.7001953125,501000,0.7582384757040913,0.4141410682156662,0.0,0.3440974074884251,0.5935480807329307
2020-01-14,12362.2998046875,12374.25,12308.7001953125,12333.099609375,616300,0.6960206180537922,0.9579458599261376,0.0,-0.2619252418723453,0.2656220260982112
2020-01-15,12343.2998046875,12355.150390625,12278.75,12349.400390625,684400,0.153895906339855,0.5411138248788447,0.3049902687813002,-0.3872179185389897,-0.15369308543056182
2020-01-16,12355.5,12389.0498046875,12315.7998046875,12347.099609375,395700,0.8158331249906178,0.6050895185405384,0.0,0.2107436064500794,0.09884063018437139
2020-01-17,12352.349609375,12385.4501953125,12321.400390625,12328.400390625,502100,0.2244405718366606,0.2204876394147492,0.5550717887485901,0.0039529324219114,-0.0254978804985595
2020-01-20,12224.5498046875,12430.5,12216.900390625,12430.5,491600,0.5929399348417032,0.1848383979470249,0.2222216672112719,0.4081015368946782,-1.0346193941151438
2020-01-21,12169.849609375,12230.0498046875,12162.2998046875,12195.2998046875,400,0.5800862078378112,0.0595870973531437,0.3603266948090451,0.5204991104846675,-0.4474618385662321
2020-01-22,12106.900390625,12225.0498046875,12087.900390625,12218.349609375,500,0.0914868373977548,0.6043593197147711,0.304153842887474,-0.5128724823170162,-0.5172555189302153
2020-01-23,12180.349609375,12189.0,12094.099609375,12123.75,867700,0.8774608626303804,0.7636922693503205,0.0,0.1137685932800598,0.606672363529781
2020-01-24,12248.25,12272.150390625,12149.650390625,12174.5498046875,593200,0.265600042588706,0.5234013709220082,0.2109985864892857,-0.2578013283333021,0.5574584704263197
2020-01-27,12119.0,12216.599609375,12107.0,12197.099609375,441200,0.9556514982297534,0.0801057266096022,0.0,0.8755457716201511,-1.0552527912150667
2020-01-28,12055.7998046875,12163.5498046875,12024.5,12148.099609375,478500,0.8621276172654506,0.4418337048019546,0.0,0.420293912463496,-0.5214967844912932
2020-01-29,12129.5,12169.599609375,12103.7998046875,12114.900390625,514400,0.8095160747248781,0.1633667583984202,0.0271171668767017,0.6461493163264579,0.6113256399948197
2020-01-30,12035.7998046875,12150.2998046875,12010.599609375,12147.75,538100,0.6552419806390217,0.1844590510598833,0.1602989683010949,0.4707829295791383,-0.7724984155365044
2020-01-31,11962.099609375,12103.5498046875,11945.849609375,12100.400390625,771300,0.5508573706091393,0.2022939491582036,0.246848680232657,0.3485634214509356,-0.6123414854723341
2020-02-03,11707.900390625,11749.849609375,11614.5,11627.4501953125,669800,0.372688517012314,0.3977934409290982,0.2295180420585878,-0.0251049239167842,-2.1250384719316173
2020-02-04,11979.650390625,11986.150390625,11783.400390625,11786.25,560400,0.2597537837603262,0.5117074471147008,0.2285387691249729,-0.2519536633543746,2.321082268667074
2020-02-05,12089.150390625,12098.150390625,11953.349609375,12005.849609375,758000,0.7234201136885849,0.4832942849663252,0.0,0.2401258287222597,0.9140500467834434
2020-02-06,12137.9501953125,12160.599609375,12084.650390625,12120.0,565100,0.4958757350787708,0.3827841004030405,0.1213401645181886,0.1130916346757302,0.40366612301674376
2020-02-07,12098.349609375,12154.7001953125,12073.9501953125,12151.150390625,473500,0.0810462159076479,0.8391466080707525,0.0798071760215995,-0.7581003921631045,-0.32625431230384194
2020-02-10,12031.5,12103.5498046875,11990.75,12102.349609375,524700,0.0761308594903001,0.0620414169565542,0.8618277235531455,0.0140894425337458,-0.5525514763038308
2020-02-11,12107.900390625,12172.2998046875,12099.0,12108.400390625,480000,0.8512069140487687,0.0711556788779097,0.0776374070733215,0.780051235170859,0.6350030388978967
2020-02-12,12201.2001953125,12231.75,12144.2998046875,12151.0,411700,0.4951465270139743,0.5738658496770963,0.0,-0.0787193226631219,0.7705696419483266
2020-02-13,12174.650390625,12225.650390625,12139.7998046875,12219.5498046875,501200,0.480586577326648,0.566018424887821,0.0,-0.0854318475611729,-0.21759994314084485
2020-02-14,12113.4501953125,12246.7001953125,12091.2001953125,12190.150390625,622800,0.5924077846595176,0.878033512844457,0.0,-0.2856257281849393,-0.5026854435148831
2020-02-17,12045.7998046875,12159.599609375,12037.0,12131.7998046875,0,0.6780161525590636,0.0486948483999297,0.2732889990410067,0.6293213041591338,-0.558473346026378
2020-02-18,11992.5,12030.75,11908.0498046875,12028.25,676900,0.5657319639957911,0.098007684780741,0.3362603512234678,0.46772427921505,-0.44247626186481037
2020-02-19,12125.900390625,12134.7001953125,12042.099609375,12090.599609375,513600,0.2670282701694213,0.0440658615703813,0.6889058682601973,0.2229624085990399,1.112365150093808
2020-02-20,12080.849609375,12152.0,12071.4501953125,12119.0,502600,0.878629986355158,0.18527685033354,0.0,0.693353136021618,-0.3715252459506435
2020-02-24,11829.400390625,12012.5498046875,11813.400390625,12012.5498046875,490800,0.8672942009598024,0.9459708898455992,0.0,-0.0786766888857969,-2.081386879900149
2020-02-25,11797.900390625,11883.0498046875,11779.900390625,11877.5,461000,0.7083629767150348,0.842165376650381,0.0,-0.1338023999353462,-0.2662856861702312
2020-02-26,11678.5,11783.25,11639.599609375,11738.5498046875,567600,0.837013328363672,0.2966124821570931,0.0,0.5404008462065789,-1.0120477938589723
2020-02-27,11633.2998046875,11663.849609375,11536.7001953125,11661.25,608600,0.6974714616692836,0.0771875302264679,0.2253410081042484,0.6202839314428157,-0.3870376787472707
2020-02-28,11201.75,11384.7998046875,11175.0498046875,11382.0,809900,0.6801407717603004,0.1698870732190572,0.1499721550206423,0.5102536985412431,-3.709607866493836
2020-03-02,11132.75,11433.0,11036.25,11387.349609375,680800,0.1586051052930737,0.5185616886657339,0.3228332060411923,-0.3599565833726602,-0.6159751824491688
2020-03-03,11303.2998046875,11342.25,11152.5498046875,11217.5498046875,696500,0.8808707591989284,0.2458474424934003,0.0,0.6350233167055281,1.5319647408546855
2020-03-04,11251.0,11356.599609375,11082.150390625,11351.349609375,797700,0.871843527745232,0.3581397165291444,0.0,0.5137038112160875,-0.46269501465237006
2020-03-05,11269.0,11389.5,11244.599609375,11306.0498046875,1352500,0.0292472830345591,0.9895053333843224,0.0,-0.9602580503497632,0.15998577904186018
2020-03-06,10989.4501953125,11035.099609375,10827.400390625,10942.650390625,1811000,0.8258167505647627,0.6843142489253448,0.0,0.1415025016394179,-2.4806975302821943
2020-03-09,10451.4501953125,10751.5498046875,10294.4501953125,10742.0498046875,1565500,0.7435082562916078,0.3821394748325692,0.0,0.3613687814590385,-4.895604333595161
2020-03-11,10458.400390625,10545.099609375,10334.0,10334.2998046875,1218500,0.8179670241190622,0.076758061888738,0.1052749139921997,0.7412089622303242,0.06649981756232659
2020-03-12,9590.150390625,10040.75,9508.0,10039.9501953125,1343500,0.8321341779577419,0.0041874436279578,0.1636783784143002,0.827946734329784,-8.301938801064711
2020-03-13,9955.2001953125,10159.400390625,8555.150390625,9107.599609375,1388000,0.5074677337608362,0.6704343337969175,0.0,-0.1629666000360813,3.8065076126893693
2020-03-16,9197.400390625,9602.2001953125,9165.099609375,9587.7998046875,897700,0.6169269183757422,0.4896440760320326,0.0,0.1272828423437095,-7.612100106679087
2020-03-17,8967.0498046875,9403.7998046875,8915.599609375,9285.400390625,935600,0.9811861780274236,0.4154430005920896,0.0,0.5657431774353339,-2.504518409052825
2020-03-18,8468.7998046875,9127.5498046875,8407.0498046875,9088.4501953125,1516600,0.6318135270166684,0.0240050448448888,0.3441814281384427,0.6078084821717795,-5.556454027271506
2020-03-19,8263.4501953125,8575.4501953125,7832.5498046875,8063.2998046875,925700,0.2598035810641598,0.3353716062174624,0.4048248127183778,-0.0755680251533026,-2.4247781753128472
2020-03-20,8745.4501953125,8883.0,8178.2001953125,8284.4501953125,1071500,0.6340057030996114,0.1770822553972898,0.1889120415030988,0.4569234477023215,5.832914685846569
2020-03-23,7610.25,8159.25,7583.60009765625,7945.7001953125,653500,0.1069806388269584,0.5993597250421656,0.293659636130876,-0.4923790862152072,-12.980466070471241
2020-03-24,7801.0498046875,8036.9501953125,7511.10009765625,7848.2998046875,738400,0.761027902502028,0.7286562842366027,0.0,0.0323716182654253,2.507142402516349
2020-03-25,8317.849609375,8376.75,7714.75,7735.14990234375,736900,0.5412665786761103,0.3153637432661175,0.1433696780577722,0.2259028354099927,6.624746894667499
2020-03-26,8641.4501953125,8749.0498046875,8304.900390625,8451.0,865600,0.9629920038589946,0.3931471294940152,0.0,0.5698448743649794,3.8904356430389475
2020-03-27,8660.25,9038.900390625,8522.900390625,8949.099609375,801500,0.3418721660386861,0.2369239938967234,0.4212038400645904,0.1049481721419626,0.21755381634551707
2020-03-30,8281.099609375,8576.0,8244.0,8385.9501953125,593300,0.1025097279906792,0.7975140452964858,0.0999762267128349,-0.6950043173058066,-4.378053643081891
2020-03-31,8597.75,8678.2998046875,8358.0,8529.349609375,712700,0.9372284872364512,0.6775458051837758,0.0,0.2596826820526753,3.8237722713360567
2020-04-01,8253.7998046875,8588.099609375,8198.349609375,8584.099609375,506300,0.6878857223008134,0.5469288759854769,0.0,0.1409568463153364,-4.000467509668226
2020-04-03,8083.7998046875,8356.5498046875,8055.7998046875,8356.5498046875,697000,0.3009635669468162,0.9224342836561245,0.0,-0.6214707167093082,-2.0596574186770744
2020-04-07,8792.2001953125,8819.400390625,8360.9501953125,8446.2998046875,814200,0.3458830569529567,0.7824258122127878,0.0,-0.4365427552598311,8.763210467115034
2020-04-08,8748.75,9131.7001953125,8653.900390625,8688.900390625,896500,0.6209155177674771,0.9925146201619712,0.0,-0.3715991023944942,-0.4941902407507137
2020-04-09,9111.900390625,9128.349609375,8904.5498046875,8973.0498046875,742100,0.0457420338125128,0.240670514757153,0.7135874514303341,-0.1949284809446402,4.150883161880259
2020-04-13,8993.849609375,9112.0498046875,8912.400390625,9103.9501953125,644000,0.7496518317429247,0.3993325801992226,0.0,0.3503192515437021,-1.295567073707915
2020-04-15,8925.2998046875,9261.2001953125,8874.099609375,9196.400390625,879100,0.7582631959290226,0.9782206685265584,0.0,-0.2199574725975357,-0.7621853562688519
2020-04-16,8992.7998046875,9053.75,8821.900390625,8851.25,719400,0.0245869164588015,0.1808919013788983,0.7945211821623002,-0.1563049849200968,0.7562771164790316
2020-04-17,9266.75,9324.0,9091.349609375,9323.4501953125,684200,0.0221235515289972,0.799157971104782,0.1787184773662207,-0.7770344195757848,3.046328187687486
2020-04-20,9261.849609375,9390.849609375,9230.7998046875,9390.2001953125,726400,0.7704074178077932,0.4200110042956628,0.0,0.3503964135121303,-0.05288143766692954
2020-04-21,8981.4501953125,9044.400390625,8909.400390625,9016.9501953125,655100,0.6832953766065052,0.57835976311654,0.0,0.1049356134899651,-3.0274667144095657
2020-04-22,9187.2998046875,9209.75,8946.25,9026.75,734400,0.4459027063767483,0.8326117733261311,0.0,-0.3867090669493828,2.291941778872575
2020-04-23,9313.900390625,9343.599609375,9170.150390625,9232.349609375,666700,0.2736266662816659,0.8041655649838841,0.0,-0.5305388987022183,1.377995587701486
2020-04-24,9154.400390625,9296.900390625,9141.2998046875,9163.900390625,659400,0.9971245001577111,0.8664231835397002,0.0,0.130701316618011,-1.7124941572334906
2020-04-27,9282.2998046875,9377.099609375,9250.349609375,9259.7001953125,512800,0.1636238211916691,0.1399873767217628,0.696388802086568,0.0236364444699063,1.3971358975458648
2020-04-28,9380.900390625,9404.400390625,9260.0,9389.7998046875,614500,0.7948095487499294,0.415818568018411,0.0,0.3789909807315184,1.0622430648890235
2020-04-29,9553.349609375,9599.849609375,9392.349609375,9408.599609375,653000,0.6936822257814886,0.5485884150546885,0.0,0.1450938107268001,1.8383013524196468
2020-04-30,9859.900390625,9889.0498046875,9731.5,9753.5,931200,0.2207696127887604,0.4027394847468307,0.3764909024644088,-0.1819698719580703,3.208830345213909
2020-05-04,9293.5,9533.5,9266.9501953125,9533.5,687500,0.2732595269982093,0.6754560453364256,0.0512844276653651,-0.4021965183382162,-5.744483901313502
2020-05-05,9205.599609375,9450.900390625,9190.75,9429.400390625,725200,0.9508635622504104,0.3960009663856152,0.0,0.5548625958647951,-0.9458265521601117
2020-05-06,9270.900390625,9346.900390625,9116.5,9226.7998046875,722200,0.1510578917809002,0.1330097989073287,0.715932309311771,0.0180480928735714,0.7093593467121684
2020-05-07,9199.0498046875,9277.849609375,9175.900390625,9234.0498046875,708700,0.4323348010426019,0.1587367633743095,0.4089284355830885,0.2735980376682924,-0.7750119504051356
2020-05-08,9251.5,9382.650390625,9238.2001953125,9376.9501953125,609100,0.9436159201675988,0.9492731062456168,0.0,-0.005657186078018,0.5701697069383505
2020-05-11,9239.2001953125,9439.900390625,9219.9501953125,9348.150390625,704600,0.3975943979627943,0.9915327758273864,0.0,-0.5939383778645922,-0.13294930214019507
2020-05-12,9196.5498046875,9240.849609375,9043.9501953125,9168.849609375,805500,0.27421520234867,0.2083153900085179,0.517469407642812,0.065899812340152,-0.4616242718351149
2020-05-13,9383.5498046875,9584.5,9351.099609375,9584.2001953125,846400,0.9839776479598282,0.3554393373640617,0.0,0.6285383105957665,2.033371253039773
2020-05-14,9142.75,9281.099609375,9119.75,9213.9501953125,602600,0.409334006315043,0.6692190299248667,0.0,-0.2598850236098237,-2.5661909373274727
2020-05-15,9136.849609375,9182.400390625,9050.0,9182.400390625,575900,0.8940992036791344,0.4838025398606472,0.0,0.4102966638184872,-0.06453627874545287
2020-05-18,8823.25,9158.2998046875,8806.75,9158.2998046875,773000,0.0311340828845113,0.5937806319434522,0.3750852851720364,-0.5626465490589408,-3.4322509703259896
2020-05-19,8879.099609375,9030.349609375,8855.2998046875,8961.7001953125,762200,0.651666825375885,0.575593428640082,0.0,0.076073396735803,0.632982284022332
2020-05-20,9066.5498046875,9093.7998046875,8875.349609375,8889.150390625,622300,0.3685263437237611,0.16145783406424,0.4700158222119988,0.207068509659521,2.1111396826158035
2020-05-21,9106.25,9178.5498046875,9056.099609375,9079.4501953125,631500,0.864358249839637,0.471739837518439,0.0,0.392618412321198,0.4378754451001221
2020-05-22,9039.25,9149.599609375,8968.5498046875,9067.900390625,675800,0.4732099066915571,0.5534717762098499,0.0,-0.0802618695182927,-0.735758407687026
2020-05-26,9029.0498046875,9161.650390625,8996.650390625,9099.75,655000,0.7765968527917417,0.0251990948210696,0.1982040523871886,0.7513977579706721,-0.11284338094974533
2020-05-27,9314.9501953125,9334.0,9004.25,9082.2001953125,763500,0.770921844644052,0.3548318555431626,0.0,0.4160899891008893,3.1664504771761637
2020-05-28,9490.099609375,9511.25,9336.5,9364.9501953125,837900,0.8447832281168877,0.7802126485356335,0.0,0.0645705795812541,1.8803043536468778
2020-05-29,9580.2998046875,9598.849609375,9376.900390625,9422.2001953125,967000,0.7610239909429989,0.5638929210554023,0.0,0.1971310698875965,0.9504662651105722
2020-06-01,9826.150390625,9931.599609375,9706.9501953125,9726.849609375,794200,0.0325261794912519,0.5673909441560734,0.4000828763526747,-0.5348647646648215,2.5662097319460564
2020-06-02,9979.099609375,9995.599609375,9824.0498046875,9880.849609375,770200,0.9208478478156868,0.7962436094563872,0.0,0.1246042383592996,1.5565527970742954
2020-06-03,10061.5498046875,10176.2001953125,10035.5498046875,10108.2998046875,794700,0.616650314520738,0.7350251861898234,0.0,-0.1183748716690853,0.8262288035990828
2020-06-04,10029.099609375,10123.849609375,9944.25,10054.25,775100,0.7965372909761763,0.6101079220362347,0.0,0.1864293689399416,-0.3225168681009971
2020-06-05,10142.150390625,10177.7998046875,10040.75,10093.7998046875,987100,0.4815223515125501,0.488177675310814,0.0302999731766359,-0.0066553237982639,1.1272276241460544
2020-06-08,10167.4501953125,10328.5,10120.25,10326.75,936500,0.6855652872289714,0.4190994729170852,0.0,0.2664658143118861,0.24945207587225848
2020-06-09,10046.650390625,10291.150390625,10021.4501953125,10181.150390625,754200,0.4303058948994627,0.5992992870063887,0.0,-0.168993392106926,-1.1881032349997822
2020-06-10,10116.150390625,10148.75,10036.849609375,10072.599609375,632400,0.2005247267003367,0.5137078552153048,0.2857674180843584,-0.3131831285149681,0.6917728526201428
2020-06-11,9902.0,10112.0498046875,9885.0498046875,10094.099609375,715500,0.4915945467414369,0.2881845259595295,0.2202209272990336,0.2034100207819074,-2.116915846006606
2020-06-12,9972.900390625,9996.0498046875,9544.349609375,9544.9501953125,796300,0.064208937075134,0.0064643577897105,0.9293267051351554,0.0577445792854235,0.716020911179549
2020-06-15,9813.7001953125,9943.349609375,9726.349609375,9919.349609375,716100,0.7975591006371882,0.7346083007105351,0.0,0.062950799926653,-1.5963279394844432
2020-06-16,9914.0,10046.150390625,9728.5,10014.7998046875,899900,0.3103619589235737,0.0239462652704834,0.6656917758059427,0.2864156936530903,1.022038606145803
2020-06-17,9881.150390625,10003.599609375,9833.7998046875,9876.7001953125,685400,0.4552201490818012,0.5848278113057909,0.0,-0.1296076622239896,-0.3313456664817416
2020-06-18,10091.650390625,10111.2001953125,9845.0498046875,9863.25,622900,0.0116205399081006,0.9414742375060654,0.0469052225858339,-0.9298536975979648,2.130318755189853
2020-06-19,10244.400390625,10272.400390625,10072.650390625,10119.0,892100,0.0724468877945588,0.1744092671114995,0.7531438450939416,-0.1019623793169406,1.5136275444292302
2020-06-22,10311.2001953125,10393.650390625,10277.599609375,10318.75,685400,0.6000205481193037,0.6256819122613526,0.0,-0.0256613641420488,0.6520616350433883
2020-06-23,10471.0,10484.7001953125,10301.75,10347.9501953125,669200,0.2916625787093032,0.5505316805962256,0.1578057406944711,-0.2588691018869223,1.5497691991291696
2020-06-24,10305.2998046875,10553.150390625,10281.9501953125,10529.25,854800,0.6949818861265425,0.4073655242128323,0.0,0.2876163619137102,-1.5824677233549855
2020-06-25,10288.900390625,10361.7998046875,10194.5,10235.5498046875,994200,0.8601223971892046,0.5213770214737412,0.0,0.3387453757154633,-0.1591357298992957
2020-06-26,10383.0,10409.849609375,10311.25,10378.900390625,671900,0.7798509888933498,0.8965746584690102,0.0,-0.1167236695756603,0.914574014738645
2020-06-29,10312.400390625,10337.9501953125,10223.599609375,10311.9501953125,574500,0.1049301784181748,0.861664884699101,0.0334049368827241,-0.7567347062809261,-0.6799538608783573
2020-06-30,10302.099609375,10401.0498046875,10267.349609375,10382.599609375,556200,0.2420450158625274,0.5771170823879065,0.180837901749566,-0.335072066525379,-0.09988732845714887
2020-07-01,10430.0498046875,10447.0498046875,10299.599609375,10323.7998046875,573600,0.9866625932671464,0.8906584554618424,0.0,0.096004137805304,1.2419817334717198
2020-07-02,10551.7001953125,10598.2001953125,10485.5498046875,10493.0498046875,597400,0.1424955429015132,0.5969452234131726,0.2605592336853142,-0.4544496805116593,1.1663452514898642
2020-07-03,10607.349609375,10631.2998046875,10562.650390625,10614.9501953125,525200,0.498888153451356,0.8101610899597025,0.0,-0.3112729365083464,0.5273976044848361
2020-07-06,10763.650390625,10811.400390625,10695.099609375,10723.849609375,571200,0.5596486834869141,0.913041466889856,0.0,-0.3533927834029419,1.4735139974255018
2020-07-07,10799.650390625,10813.7998046875,10689.7001953125,10802.849609375,636800,0.0097708474191836,0.5721229637222063,0.41810618885861,-0.5623521163030226,0.3344590235981215
2020-07-08,10705.75,10847.849609375,10676.5498046875,10818.650390625,767900,0.3264613082439919,0.1807851505623795,0.4927535411936286,0.1456761576816123,-0.8694762073642059
2020-07-09,10813.4501953125,10836.849609375,10733.0,10755.5498046875,618700,0.5177116433847114,0.2687976150301981,0.2134907415850904,0.2489140283545132,1.0060032721901813
2020-07-10,10768.0498046875,10819.400390625,10713.0,10764.099609375,590700,0.0878664991448333,0.1986445768974057,0.7134889239577609,-0.1107780777525724,-0.4198511095439339
2020-07-13,10802.7001953125,10894.0498046875,10756.0498046875,10851.849609375,554100,0.0785784971550207,0.5551337867531885,0.3662877160917908,-0.4765552895981677,0.3217889149241815
2020-07-14,10607.349609375,10755.650390625,10562.900390625,10750.849609375,532400,0.396923276201596,0.5879916294638328,0.0150850943345711,-0.1910683532622367,-1.808349601540049
2020-07-15,10618.2001953125,10827.4501953125,10577.75,10701.0,715900,0.1327157540430603,0.4264997472418611,0.4407844987150785,-0.2937839931988008,0.10229309240368245
2020-07-16,10739.9501953125,10755.2998046875,10595.2001953125,10706.2001953125,694400,0.5675408482615582,0.6154207798208354,0.0,-0.0478799315592772,1.1466161662100571
2020-07-17,10901.7001953125,10933.4501953125,10749.650390625,10752.0,676900,0.6894649691372657,0.0815749256113659,0.2289601052513683,0.6078900435258998,1.506059125586967
2020-07-20,11022.2001953125,11037.900390625,10953.0,10999.4501953125,554300,0.1674825822590697,0.5180774980403448,0.3144399197005855,-0.350594915781275,1.1053321760931656
2020-07-21,11162.25,11179.5498046875,11113.25,11126.099609375,772000,0.1045678403344002,0.2139946786983135,0.6814374809672862,-0.1094268383639133,1.2706156865764484
2020-07-22,11132.599609375,11238.099609375,11056.5498046875,11231.2001953125,765100,0.6364302495436367,0.2832844034925773,0.0802853469637859,0.3531458460510593,-0.2656309491813946
2020-07-23,11215.4501953125,11239.7998046875,11103.150390625,11135.0,621600,0.7064757264869012,0.400312836172994,0.0,0.3061628903139071,0.7442159858846331
2020-07-24,11194.150390625,11225.400390625,11090.2998046875,11149.9501953125,678900,0.031586144825642,0.8118661240103798,0.1565477311639781,-0.7802799791847378,-0.18991484351116306
2020-07-27,11131.7998046875,11225.0,11087.849609375,11225.0,588100,0.5412963353010705,0.6688765310406853,0.0,-0.1275801957396148,-0.5569925698846956
2020-07-28,11300.5498046875,11317.75,11151.400390625,11154.099609375,683900,0.7090605194509164,0.7986557803566365,0.0,-0.0895952609057201,1.51592736988444
2020-07-29,11202.849609375,11341.400390625,11149.75,11276.900390625,600700,0.8709691237460856,0.9327529390603132,0.0,-0.0617838153142276,-0.8645614328603224
2020-07-30,11102.150390625,11299.9501953125,11084.9501953125,11254.2998046875,677800,0.7140869321324278,0.0201378489492898,0.2657752189182824,0.693949083183138,-0.8988714680747911
2020-07-31,11073.4501953125,11150.400390625,11026.650390625,11139.5,642600,0.8017280830697918,0.1537837055132161,0.0444882114169919,0.6479443775565756,-0.2585102372305803
2020-08-03,10891.599609375,11058.0498046875,10882.25,11057.5498046875,680900,0.0801148463846751,0.5645906389334635,0.3552945146818613,-0.4844757925487883,-1.6422215545293994
2020-08-04,11095.25,11112.25,10908.099609375,10946.650390625,625700,0.8948166560605276,0.6630272037231474,0.0,0.2317894523373802,1.8697932161379383
2020-08-05,11101.650390625,11225.650390625,11064.0498046875,11155.75,667600,0.5475923761537362,0.6790666044956374,0.0,-0.1314742283419011,0.05768586219327965
2020-08-06,11200.150390625,11256.7998046875,11127.2998046875,11185.7001953125,600400,0.8172977699624937,0.9317404033165082,0.0,-0.1144426333540145,0.8872554668374333
2020-08-07,11214.0498046875,11231.900390625,11142.0498046875,11186.650390625,452600,0.4523182845183001,0.9969494174116696,0.0,-0.5446311328933695,0.12410024488720417
2020-08-10,11270.150390625,11337.2998046875,11238.0,11270.25,492000,0.7315895217553319,0.8797524022943436,0.0,-0.1481628805390117,0.5002705259437024
2020-08-11,11322.5,11373.599609375,11299.150390625,11322.25,586100,0.0816299820305895,0.0492209145407616,0.8691491034286488,0.0324090674898279,0.4644978776729314
2020-08-12,11308.400390625,11322.0,11242.650390625,11289.0,609900,0.0603520839905638,0.2310808528744962,0.70856706313494,-0.1707287688839324,-0.12452735151247118
2020-08-13,11300.4501953125,11359.2998046875,11269.9501953125,11334.849609375,562400,0.2471032340101464,0.8973857174637149,0.0,-0.6502824834535684,-0.07030344733010008
2020-08-14,11178.400390625,11366.25,11111.4501953125,11353.2998046875,645100,0.1595446801131883,0.2561915144393549,0.5842638054474567,-0.0966468343261666,-1.0800437378868932
2020-08-17,11247.099609375,11267.099609375,11144.5,11248.900390625,634000,0.9758652558191312,0.8591117576469165,0.0,0.1167534981722148,0.6145711045349112
2020-08-18,11385.349609375,11401.7001953125,11253.150390625,11259.7998046875,579200,0.3368957917711068,0.5000582591910867,0.1630459490378064,-0.1631624674199798,1.2292057935075373
2020-08-19,11408.400390625,11460.349609375,11394.099609375,11452.150390625,626200,0.1821179156886992,0.6748932030541548,0.1429888812571459,-0.4927752873654555,0.2024600213507588
2020-08-20,11312.2001953125,11361.4501953125,11289.7998046875,11317.4501953125,791600,0.7896985071424791,0.2390663840750296,0.0,0.5506321230674495,-0.8432399987605033
2020-08-21,11371.599609375,11418.5,11362.2001953125,11409.650390625,668700,0.6587077755008761,0.7580404210112165,0.0,-0.0993326455103403,0.5250916093857194
2020-08-24,11466.4501953125,11497.25,11410.650390625,11412.0,532900,0.7192017782722638,0.4106826330102828,0.0,0.308519145261981,0.8341006471886514
2020-08-25,11472.25,11525.900390625,11423.349609375,11513.099609375,638200,0.2284547413312987,0.2096902774302008,0.5618549812385004,0.0187644639010978,0.05058064691958464
2020-08-26,11549.599609375,11561.75,11461.849609375,11512.849609375,743400,0.996333916056742,0.9765610233229044,0.0,0.0197728927338376,0.67423225064831
2020-08-27,11559.25,11617.349609375,11540.599609375,11609.2998046875,719800,0.9747931621467832,0.6456025770584116,0.0,0.3291905850883715,0.08355606212675504
2020-08-28,11647.599609375,11686.0498046875,11589.400390625,11602.9501953125,807000,0.6503256863469369,0.9345438807155156,0.0,-0.2842181943685786,0.7643195654994939
2020-08-31,11387.5,11794.25,11325.849609375,11777.5498046875,1371800,0.0721984089791758,0.765858643884742,0.1619429471360821,-0.6936602349055662,-2.2330747801946216
2020-09-01,11470.25,11553.5498046875,11366.900390625,11464.2998046875,783800,0.030652502205806,0.6916556518665415,0.2776918459276524,-0.6610031496607355,0.7266739846322645
2020-09-02,11535.0,11554.75,11430.400390625,11478.5498046875,593500,0.2576828885112137,0.9656389752668004,0.0,-0.7079560867555867,0.5645038251127943
2020-09-03,11527.4501953125,11584.9501953125,11507.650390625,11566.2001953125,607100,0.4626229567393163,0.3935553361063155,0.1438217071543681,0.0690676206330007,-0.06545127600779965
2020-09-04,11333.849609375,11452.0498046875,11303.650390625,11354.400390625,681300,0.8682725054083805,0.1307173235897573,0.0010101710018621,0.7375551818186232,-1.6794744948559814
2020-09-07,11355.0498046875,11381.150390625,11251.7001953125,11359.599609375,560300,0.4254933344480753,0.5750605734588147,0.0,-0.1495672390107393,0.18705202595032944
2020-09-08,11317.349609375,11437.25,11290.4501953125,11378.5498046875,572200,0.3459349925469629,0.2068178931333962,0.4472471143196408,0.1391170994135666,-0.33201259317187093
2020-09-09,11278.0,11298.150390625,11185.150390625,11218.599609375,728900,0.3710387629846027,0.5044559416693554,0.1245052953460419,-0.1334171786847526,-0.3476927967516641
2020-09-10,11449.25,11464.0498046875,11327.400390625,11363.2998046875,679400,0.9876495637360578,0.3121897365691294,0.0,0.6754598271669284,1.5184429863450921
2020-09-11,11464.4501953125,11493.5,11419.900390625,11447.7998046875,554800,0.0401091914124824,0.427466528166689,0.5324242804208285,-0.3873573367542066,0.13276149365679668
2020-09-14,11440.0498046875,11568.900390625,11383.5498046875,11540.150390625,642300,0.4386154191895904,0.2322246909013431,0.3291598899090664,0.2063907282882473,-0.21283524468515003
2020-09-15,11521.7998046875,11535.9501953125,11442.25,11487.2001953125,506700,0.7252576604151365,0.4053253606469533,0.0,0.3199322997681831,0.7145947910690342
2020-09-16,11604.5498046875,11618.099609375,11516.75,11538.4501953125,527800,0.4866689414247028,0.2691615709916292,0.2441694875836679,0.2175073704330736,0.71820376506051
2020-09-17,11516.099609375,11587.2001953125,11498.5,11539.400390625,0,0.8734232380816606,0.1986316138618691,0.0,0.6747916242197914,-0.7622027291120936
2020-09-18,11504.9501953125,11584.099609375,11446.099609375,11584.099609375,764200,0.9007018640112585,0.7833872199958384,0.0,0.1173146440154201,-0.09681588767627147
2020-09-21,11250.5498046875,11535.25,11218.5,11503.7998046875,602900,0.5923503285933622,0.7512789243737669,0.0,-0.1589285957804046,-2.211225483867385
2020-09-22,11153.650390625,11302.2001953125,11084.650390625,11301.75,672200,0.912363345616691,0.8969952893644111,0.0,0.0153680562522798,-0.861286032635733
2020-09-23,11131.849609375,11259.5498046875,11024.400390625,11258.75,714900,0.2106621890056665,0.8461242105302316,0.0,-0.635462021524565,-0.19545871070447696
2020-09-24,10805.5498046875,11015.2998046875,10790.2001953125,11011.0,706100,0.6229665835634828,0.1828133885392259,0.1942200278972913,0.4401531950242568,-2.9312272096516434
2020-09-25,11050.25,11072.599609375,10854.849609375,10910.400390625,559600,0.6315602200925206,0.9562918815133612,0.0,-0.3247316614208407,2.2645788482354545
2020-09-28,11227.5498046875,11239.349609375,11099.849609375,11140.849609375,472800,0.7158249646820886,0.0624313272777803,0.2217437080401311,0.6533936374043082,1.6044868187371275
2020-09-29,11222.400390625,11305.400390625,11181.0,11288.599609375,498300,0.909032520665641,0.486173654104883,0.0,0.422858866560758,-0.04586409458945395
2020-09-30,11247.5498046875,11295.400390625,11184.5498046875,11244.4501953125,499300,0.1796831088702419,0.1090136156409287,0.7113032754888293,0.0706694932293132,0.2241001317642377
2020-10-01,11416.9501953125,11428.599609375,11347.0498046875,11364.4501953125,447700,0.2375433249238776,0.248539820927426,0.5139168541486964,-0.0109964960035483,1.5061092732783665
2020-10-05,11503.349609375,11578.0498046875,11452.2998046875,11487.7998046875,530600,0.4922778564480348,0.3024663174614697,0.2052558260904955,0.1898115389865651,0.7567643949079716
2020-10-06,11662.400390625,11680.2998046875,11564.2998046875,11603.4501953125,561400,0.247231074403177,0.8586981212445739,0.0,-0.6114670468413969,1.3826475474619793
2020-10-07,11738.849609375,11763.0498046875,11629.349609375,11679.25,513400,0.8707499012725114,0.8572309373697911,0.0,0.0135189639027203,0.6555187284725372
2020-10-08,11834.599609375,11905.7001953125,11791.150390625,11835.400390625,608800,0.4453052550026655,0.7646509503848735,0.0,-0.319345695382208,0.8156676606839941
2020-10-09,11914.2001953125,11938.599609375,11805.2001953125,11852.0498046875,611100,0.5148173539296902,0.1466951140151815,0.3384875320551282,0.3681222399145086,0.672609032539162
2020-10-12,11930.9501953125,12022.0498046875,11867.2001953125,11973.5498046875,522600,0.1635238725850227,0.6825404787671571,0.1539356486478201,-0.5190166061821343,0.14058853909966196
2020-10-13,11934.5,11988.2001953125,11888.900390625,11934.650390625,458300,0.3910815366517607,0.3316168491078339,0.2773016142404053,0.0594646875439267,0.029752908438873682
2020-10-14,11971.0498046875,11997.2001953125,11822.150390625,11917.400390625,569200,0.9694123223352876,0.5005793174308313,0.0,0.4688330049044562,0.3062533385353339
2020-10-15,11680.349609375,12025.4501953125,11661.2998046875,12023.4501953125,608900,0.2581334327011275,0.6457250433510536,0.0961415239478188,-0.3875916106499261,-2.428360085835335
2020-10-16,11762.4501953125,11789.75,11667.849609375,11727.400390625,555800,0.6567366645412922,0.5105704087285036,0.0,0.1461662558127886,0.7028949362235082
2020-10-19,11873.0498046875,11898.25,11820.400390625,11879.2001953125,541400,0.1308736607183498,0.8023960305536325,0.0667303087280176,-0.6715223698352827,0.9402769621849272
2020-10-20,11896.7998046875,11949.25,11837.25,11861.0,453600,0.9698210450785448,0.8614180460955174,0.0,0.1084029989830273,0.2000328507897331
2020-10-21,11937.650390625,12018.650390625,11775.75,11958.5498046875,623700,0.4537895413836392,0.1373000327155702,0.4089104259007905,0.316489508668069,0.34337457642519276
2020-10-22,11896.4501953125,11939.5498046875,11823.4501953125,11890.0,544900,0.2360504633464639,0.9523867523987246,0.0,-0.7163362890522607,-0.34512817819539743
2020-10-23,11930.349609375,11974.5498046875,11908.75,11957.900390625,502300,0.0734967473300126,0.3288226178486093,0.597680634821378,-0.2553258705185967,0.28495402835257977
2020-10-26,11767.75,11942.849609375,11711.7001953125,11937.400390625,519800,0.3370031764312863,0.8119462346378834,0.0,-0.4749430582065971,-1.3629073304543216
2020-10-27,11889.400390625,11899.0498046875,11723.0,11807.099609375,616300,0.8288833658826095,0.94574970222593,0.0,-0.1168663363433206,1.0337608346965288
2020-10-28,11729.599609375,11929.400390625,11684.849609375,11922.599609375,704000,0.4308875236618059,0.3129195480288226,0.2561929283093714,0.1179679756329833,-1.34406089457636
2020-10-29,11670.7998046875,11744.150390625,11606.4501953125,11633.2998046875,555000,0.2487142725876299,0.8585064545515545,0.0,-0.6097921819639246,-0.5012942184360991
2020-10-30,11642.400390625,11748.9501953125,11535.4501953125,11678.4501953125,553700,0.61714498660403,0.131686903436207,0.2511681099597629,0.485458083167823,-0.24333734223676018
2020-11-02,11669.150390625,11725.650390625,11557.400390625,11697.349609375,568400,0.1676192162883176,0.6777232412013204,0.1546575425103619,-0.5101040249130028,0.2297636149117599
2020-11-03,11813.5,11836.2001953125,11723.2998046875,11734.4501953125,674300,0.0366714269335429,0.252314736135153,0.711013836931304,-0.21564330920161,1.237019016319918
2020-11-04,11908.5,11929.650390625,11756.400390625,11783.349609375,667300,0.7364020150656405,0.8730431470152034,0.0,-0.1366411319495628,0.8041647267956087
2020-11-05,12120.2998046875,12131.099609375,12027.599609375,12062.400390625,632500,0.6638045276218051,0.168858463370395,0.1673370090077999,0.4949460642514101,1.7785598915690537
2020-11-06,12263.5498046875,12280.400390625,12131.849609375,12156.650390625,576800,0.4746308757498139,0.0536347915208308,0.4717343327293553,0.420996084228983,1.1819014571289532
2020-11-09,12461.0498046875,12474.0498046875,12367.349609375,12399.400390625,553400,0.5853543643967521,0.8490980199586761,0.0,-0.2637436555619239,1.6104635537461442
2020-11-10,12631.099609375,12643.900390625,12475.25,12556.400390625,847500,0.8682712805132586,0.3833971410582589,0.0,0.4848741394549997,1.364650710436388
2020-11-11,12749.150390625,12769.75,12571.099609375,12680.599609375,880500,0.2058412100367682,0.1682785885077128,0.6258802014555189,0.0375626215290554,0.9346041508720315
2020-11-12,12690.7998046875,12741.150390625,12624.849609375,12702.150390625,622000,0.1119196193977278,0.8364421924698697,0.0516381881324023,-0.7245225730721419,-0.45768215253314537
2020-11-13,12719.9501953125,12735.9501953125,12607.7001953125,12659.7001953125,513900,0.2697496115169896,0.5489096316400717,0.1813407568429387,-0.279160020123082,0.2296970330761372
2020-11-17,12874.2001953125,12934.0498046875,12797.099609375,12932.5,707700,0.0393435406685096,0.6043129822403198,0.3563434770911705,-0.5649694415718102,1.2126619808373373
2020-11-18,12938.25,12948.849609375,12819.349609375,12860.099609375,731300,0.1221099140100268,0.4608983382065819,0.4169917477833913,-0.3387884241965551,0.4975051165572175
2020-11-19,12771.7001953125,12963.0,12745.75,12839.5,768800,0.4521990282834353,0.8287089838180064,0.0,-0.3765099555345711,-1.287266861341374
2020-11-20,12859.0498046875,12892.4501953125,12730.25,12813.400390625,664000,0.9338750175279048,0.8295627156830498,0.0,0.104312301844855,0.683930941371913
2020-11-23,12926.4501953125,12968.849609375,12825.7001953125,12960.2998046875,633100,0.0415728590503921,0.8388538619040689,0.119573279045539,-0.7972810028536768,0.5241475198302092
2020-11-24,13055.150390625,13079.099609375,12978.0,13002.599609375,571900,0.1483432009620888,0.6710129805329098,0.1806438185050013,-0.522669779570821,0.9956344809897599
2020-11-25,12858.400390625,13145.849609375,12833.650390625,13130.0,679000,0.9866301229588468,0.6970241660042995,0.0,0.2896059569545474,-1.5070680468092346
2020-11-26,12987.0,13018.0,12790.400390625,12906.4501953125,549800,0.9651186964360456,0.3629828404038716,0.0,0.6021358560321739,1.0001213639976747
2020-11-27,12968.9501953125,13035.2998046875,12914.2998046875,13012.0498046875,1162400,0.0049399809344096,0.8792795561570067,0.1157804629085836,-0.8743395752225971,-0.1389836350773832
2020-12-01,13109.0498046875,13128.400390625,12962.7998046875,13062.2001953125,583600,0.4547398556338591,0.8863803619601417,0.0,-0.4316405063262826,1.0802694687318537
2020-12-02,13113.75,13128.5,12983.5498046875,13121.400390625,717700,0.5155960285792502,0.0471967016973789,0.4372072697233707,0.4683993268818712,0.03585458429504751
2020-12-03,13133.900390625,13216.599609375,13107.900390625,13215.2998046875,713700,0.4888465802569202,0.9614166196420496,0.0,-0.4725700393851293,0.15365849299400214
2020-12-04,13258.5498046875,13280.0498046875,13152.849609375,13177.400390625,640500,0.6668642575461043,0.6791625683195628,0.0,-0.0122983107734584,0.9490662358873525
2020-12-07,13355.75,13366.650390625,13241.9501953125,13264.849609375,591700,0.3079299415911909,0.248791788739177,0.443278269669632,0.0591381528520138,0.7331133249439903
2020-12-08,13392.9501953125,13435.4501953125,13311.0498046875,13393.849609375,543200,0.7046807627366467,0.9420582194885956,0.0,-0.2373774567519487,0.2785331809333158
2020-12-09,13529.099609375,13548.900390625,13449.599609375,13458.099609375,502600,0.2018534521229483,0.2982724542341227,0.4998740936429289,-0.0964190021111743,1.0165752285866914
2020-12-10,13478.2998046875,13503.5498046875,13399.2998046875,13488.5,553400,0.6734324333249173,0.7755052967189994,0.0,-0.102072863394082,-0.37548548058806697
2020-12-11,13513.849609375,13579.349609375,13402.849609375,13512.2998046875,787700,0.9699120461072704,0.3931217982070791,0.0,0.5767902479001913,0.2637558535026452
2020-12-14,13558.150390625,13597.5,13472.4501953125,13571.4501953125,558400,0.4437502193045711,0.5442573370152508,0.011992443680178,-0.1005071177106796,0.32781762806703973
2020-12-15,13567.849609375,13589.650390625,13447.0498046875,13547.2001953125,497600,0.8681422543775054,0.9757788185489328,0.0,-0.1076365641714273,0.07153791977927426
2020-12-16,13682.7001953125,13692.349609375,13606.4501953125,13663.099609375,462200,0.1771497894473859,0.3691361938092045,0.4537140167434096,-0.1919864043618185,0.8464907059269056
2020-12-17,13740.7001953125,13773.25,13673.5498046875,13713.5498046875,416000,0.6926259522261645,0.3571923339930448,0.0,0.3354336182331197,0.4238929390550483
2020-12-18,13760.5498046875,13772.849609375,13658.599609375,13764.400390625,519400,0.8381152896481102,0.3440916178494421,0.0,0.4940236717986681,0.1444584998788523
2020-12-21,13328.400390625,13777.5,13131.4501953125,13741.900390625,687300,0.4971747640084273,0.8799146267270145,0.0,-0.3827398627185872,-3.14049525779333
2020-12-22,13466.2998046875,13492.0498046875,13192.900390625,13373.650390625,696200,0.6178472402012138,0.5055207917234903,0.0,0.1123264484777235,1.0346283876607965
2020-12-23,13601.099609375,13619.4501953125,13432.2001953125,13473.5,458700,0.8689049844787182,0.5077578381885688,0.0,0.3611471462901494,1.0010159185716239
2020-12-24,13749.25,13771.75,13626.900390625,13672.150390625,471400,0.5706097466388297,0.1383715947205566,0.2910186586406137,0.4322381519182731,1.089253037474136
2020-12-28,13873.2001953125,13885.2998046875,13811.5498046875,13815.150390625,403600,0.6765133857772465,0.6631462489752088,0.0,0.0133671368020377,0.9015051389166695
2020-12-29,13932.599609375,13967.599609375,13859.900390625,13910.349609375,439600,0.2156751523977171,0.5953663701568727,0.1889584774454101,-0.3796912177591555,0.4281594241144937
2020-12-30,13981.9501953125,13997.0,13864.9501953125,13980.900390625,380700,0.6588854702326572,0.4151456539927457,0.0,0.2437398162399114,0.3542094606974411
2020-12-31,13981.75,14024.849609375,13936.4501953125,13970.0,452400,0.3938644056541585,0.422192233880678,0.1839433604651634,-0.0283278282265195,-0.0014318125132972703
2021-01-01,14018.5,14049.849609375,13991.349609375,13996.099609375,358100,0.6512329770414921,0.7850639210464312,0.0,-0.1338309440049391,0.26284263414808606
2021-01-04,14132.900390625,14147.9501953125,13953.75,14104.349609375,495000,0.9994137257706666,0.6487471138950182,0.0,0.3506666118756484,0.8160672727110629
2021-01-05,14199.5,14215.599609375,14048.150390625,14075.150390625,492500,0.048212038860556,0.4189697737795244,0.5328181873599196,-0.3707577349189683,0.47123808655142874
2021-01-06,14146.25,14244.150390625,14039.900390625,14240.9501953125,632300,0.9771741842213172,0.4580286165838686,0.0,0.5191455676374487,-0.37501320469031096
2021-01-07,14137.349609375,14256.25,14123.099609375,14253.75,559200,0.4069079607228706,0.2566472071860958,0.3364448320910336,0.1502607535367748,-0.06291696120880319
2021-01-08,14347.25,14367.2998046875,14221.650390625,14258.400390625,613500,0.8707534503372591,0.7521143326969748,0.0,0.1186391176402843,1.4847223590326086
2021-01-11,14484.75,14498.2001953125,14383.099609375,14474.0498046875,672900,0.7384492092513265,0.5960501157609502,0.0,0.1423990934903762,0.9583718134137165
2021-01-12,14563.4501953125,14590.650390625,14432.849609375,14473.7998046875,929600,0.8785155613013479,0.995734452051323,0.0,-0.1172188907499751,0.5433314024232416
2021-01-13,14564.849609375,14653.349609375,14435.7001953125,14639.7998046875,874000,0.404140321651033,0.4352622796565538,0.1605973986924131,-0.0311219580055208,0.009609083312889233
2021-01-14,14595.599609375,14617.7998046875,14471.5,14550.0498046875,620200,0.3270331615632387,0.9206914007786196,0.0,-0.5936582392153809,0.21112473403230858
2021-01-15,14433.7001953125,14617.4501953125,14357.849609375,14594.349609375,789600,0.6675933855635847,0.3450168399245661,0.0,0.3225765456390186,-1.1092344158201595
2021-01-18,14281.2998046875,14459.150390625,14222.7998046875,14453.2998046875,762000,0.7978136488586345,0.4186951433276842,0.0,0.3791185055309503,-1.0558650142566628
2021-01-19,14521.150390625,14546.0498046875,14350.849609375,14371.650390625,546100,0.435583314812933,0.219634928594569,0.344781756592498,0.2159483862183639,1.6794730817062842
2021-01-20,14644.7001953125,14666.4501953125,14517.5498046875,14538.2998046875,623100,0.8178342161750216,0.0002270382182555,0.1819387456067228,0.8176071779567661,0.8508265623863087
2021-01-21,14590.349609375,14753.5498046875,14517.25,14730.9501953125,704600,0.1202090553706084,0.9150015377475272,0.0,-0.7947924823769188,-0.37112802046228577
2021-01-22,14371.900390625,14619.900390625,14357.75,14583.400390625,776800,0.5444890979608495,0.843879411230929,0.0,-0.2993903132700795,-1.4972171647596122
2021-01-25,14238.900390625,14491.099609375,14218.599609375,14477.7998046875,618600,0.3664615348713979,0.120363576209986,0.5131748889186161,0.2460979586614118,-0.9254169343308138
2021-01-27,13967.5,14237.9501953125,13929.2998046875,14237.9501953125,660700,0.6954672066898622,0.7240291887729212,0.0,-0.028561982083059,-1.9060488041877988
2021-01-28,13817.5498046875,13898.25,13713.25,13810.400390625,637900,0.3885581012703457,0.9288079606878852,0.0,-0.5402498594175396,-1.0735650281904374
2021-01-29,13634.599609375,13966.849609375,13596.75,13946.599609375,753200,0.4486936226225306,0.430535820913037,0.1207705564644323,0.0181578017094936,-1.3240422354072856
2021-02-01,14281.2001953125,14336.349609375,13661.75,13758.599609375,870500,0.2272696272631514,0.3488319074586301,0.4238984652782184,-0.1215622801954786,4.742351110133836
2021-02-02,14647.849609375,14731.7001953125,14469.150390625,14481.099609375,915000,0.0731959237684436,0.3748249243499977,0.5519791518815587,-0.301629000581554,2.567357148195737
2021-02-03,14789.9501953125,14868.849609375,14574.150390625,14754.900390625,869500,0.6034485933813779,0.6213306241557073,0.0,-0.0178820307743293,0.9701122671723184
2021-02-04,14895.650390625,14913.7001953125,14714.75,14789.0498046875,884700,0.6682127985550163,0.7187181132622024,0.0,-0.0505053147071861,0.7146758029381362
2021-02-05,14924.25,15014.650390625,14864.75,14952.599609375,935600,0.6194903460096145,0.1106035988731608,0.2699060551172246,0.5088867471364537,0.19199973566108586
2021-02-08,15115.7998046875,15159.900390625,15041.0498046875,15064.2998046875,671200,0.8633336495718252,0.2327283489155518,0.0,0.6306053006562734,1.283480273296811
2021-02-09,15109.2998046875,15257.099609375,15064.2998046875,15164.150390625,713300,0.519081785136218,0.053830524908459,0.4270876899553228,0.465251260227759,-0.04300136336804483
2021-02-10,15106.5,15168.25,14977.2001953125,15119.0498046875,624800,0.4791818776297309,0.1898753290959199,0.330942793274349,0.289306548533811,-0.018530340410816137
2021-02-11,15173.2998046875,15188.5,15065.400390625,15073.25,500100,0.0256420658064356,0.0389578463484642,0.9354000878451,-0.0133157805420285,0.4421924647502795
2021-02-12,15163.2998046875,15243.5,15081.0,15186.2001953125,571800,0.3412478276261563,0.3918108946171716,0.266941277756672,-0.0505630669910153,-0.06590524229219685
2021-02-15,15314.7001953125,15340.150390625,15243.400390625,15270.2998046875,456000,0.5801723692273323,0.4441834068783665,0.0,0.1359889623489657,0.9984659841533849
2021-02-16,15313.4501953125,15431.75,15242.2001953125,15371.4501953125,648500,0.5336025467268785,0.6755867735674388,0.0,-0.1419842268405603,-0.008162092525865194
2021-02-17,15208.900390625,15314.2998046875,15170.75,15279.900390625,504800,0.6079050927934446,0.5088940700698802,0.0,0.0990110227235644,-0.6827318687430917
2021-02-18,15118.9501953125,15250.75,15078.0498046875,15238.7001953125,770600,0.7648832615421283,0.8614456860213242,0.0,-0.0965624244791959,-0.5914312869584326
2021-02-19,14981.75,15144.0498046875,14898.2001953125,15074.7998046875,712200,0.8129857387160935,0.8660356750457565,0.0,-0.053049936329663,-0.9074717063029758
2021-02-22,14675.7001953125,15010.099609375,14635.0498046875,14999.0498046875,609900,0.0182325826763616,0.4607336002416738,0.5210338170819645,-0.4425010175653122,-2.042817459158641
2021-02-23,14707.7998046875,14854.5,14651.849609375,14782.25,744100,0.1957779856835461,0.9888405413036632,0.0,-0.793062555620117,0.21872625461001327
2021-02-24,14982.0,15008.7998046875,14504.5,14729.150390625,403800,0.0075628749781421,0.4832320758754351,0.5092050491464227,-0.475669200897293,1.864318245786234
2021-02-25,15097.349609375,15176.5,15065.349609375,15079.849609375,803900,0.647474714154603,0.9868959453882976,0.0,-0.3394212312336945,0.7699213013950157
2021-02-26,14529.150390625,14919.4501953125,14467.75,14888.599609375,1103600,0.8980305489499869,0.7545693612057366,0.0,0.1434611877442503,-3.7635693247585977
2021-03-01,14761.5498046875,14806.7998046875,14638.5498046875,14702.5,507300,0.0602673902895608,0.9921356394785829,0.0,-0.931868249189022,1.5995389118723446
2021-03-02,14919.099609375,14959.099609375,14760.7998046875,14865.2998046875,621700,0.9344360268055144,0.8575306077519237,0.0,0.0769054190535906,1.0672985341787733
2021-03-03,15245.599609375,15273.150390625,14995.7998046875,15064.400390625,544200,0.3516226872396344,0.0973668937912211,0.5510104189691445,0.2542557934484133,2.1884698711632122
2021-03-04,15080.75,15202.349609375,14980.2001953125,15026.75,534900,0.1014208284492165,0.7063719968099961,0.1922071747407874,-0.6049511683607796,-1.0812930524138231
2021-03-05,14938.099609375,15092.349609375,14862.099609375,14977.9501953125,640700,0.4858717591863256,0.345579585870813,0.1685486549428613,0.1402921733155125,-0.9459104528952489
2021-03-08,14956.2001953125,15111.150390625,14919.900390625,15002.4501953125,0,0.3072899649262866,0.2347544217249713,0.4579556133487421,0.0725355432013152,0.12117060677612201
2021-03-09,15098.400390625,15126.849609375,14925.4501953125,15049.900390625,675300,0.8030258978326634,0.8188692705204715,0.0,-0.0158433726878081,0.9507775601791391
2021-03-10,15174.7998046875,15218.4501953125,15100.849609375,15202.150390625,404600,0.5391612766752545,0.3373306088457655,0.12350811447898,0.201830667829489,0.5060099883821945
2021-03-12,15030.9501953125,15336.2998046875,14953.599609375,15321.150390625,493200,0.6103337833109184,0.0005979388347953,0.3890682778542863,0.6097358444761231,-0.9479506235763657
2021-03-15,14929.5,15048.400390625,14745.849609375,15048.400390625,467500,0.4135491015253515,0.2335673610686109,0.3528835374060375,0.1799817404567405,-0.6749419963093084
2021-03-16,14910.4501953125,15051.599609375,14890.650390625,14996.099609375,100,0.1218860933369475,0.0681866197654627,0.8099272868975897,0.0536994735714848,-0.1275984104457617
2021-03-17,14721.2998046875,14956.5498046875,14696.0498046875,14946.5498046875,100,0.1811493495346803,0.1871242704105017,0.631726380054818,-0.0059749208758214,-1.2685759862868795
2021-03-18,14557.849609375,14875.2001953125,14478.599609375,14855.5,542200,0.6811178539649828,0.5555495698856199,0.0,0.1255682840793629,-1.1102973071742905
2021-03-19,14744.0,14788.25,14350.099609375,14471.150390625,919200,0.1814383476956269,0.2913610728377445,0.5272005794666286,-0.1099227251421175,1.2786942826028547
2021-03-22,14736.400390625,14763.900390625,14597.849609375,14736.2998046875,459000,0.1068769230947438,0.8759049249998946,0.0172181519053615,-0.7690280019051507,-0.0515437423697751
2021-03-23,14814.75,14878.599609375,14707.0,14768.5498046875,474200,0.5673122196289035,0.9052989990105156,0.0,-0.3379867793816119,0.531673999743143
2021-03-24,14549.400390625,14752.349609375,14535.0,14712.4501953125,456400,0.2565627837013637,0.49295697165586,0.2504802446427762,-0.2363941879544963,-1.7911176994211853
2021-03-25,14324.900390625,14575.599609375,14264.400390625,14570.900390625,606800,0.9629268752375798,0.3301559503156044,0.0,0.6327709249219754,-1.5430189146808937
2021-03-26,14507.2998046875,14572.900390625,14414.25,14506.2998046875,481000,0.4835456467199247,0.1068007040023636,0.4096536492777116,0.3767449427175611,1.2733031929623273
2021-03-30,14845.099609375,14876.2998046875,14617.599609375,14628.5,594500,0.6331513755940223,0.2980662011700041,0.0687824232359735,0.3350851744240182,2.328481586755049
2021-03-31,14690.7001953125,14813.75,14670.25,14811.849609375,463900,0.951403342206657,0.3204012861402149,0.0,0.6310020560664421,-1.0400699094332388
2021-04-01,14867.349609375,14883.2001953125,14692.4501953125,14798.400390625,445000,0.6016118201463312,0.1642868432724092,0.2341013365812595,0.4373249768739219,1.202457416691849
2021-04-05,14637.7998046875,14849.849609375,14459.5,14837.7001953125,509700,0.2120448399082266,0.1238460267058174,0.6641091333859559,0.0881988132024091,-1.543986054802604
2021-04-06,14683.5,14779.099609375,14573.900390625,14737.0,475300,0.6109809888509917,0.0705356375929565,0.3184833735560517,0.5404453512580352,0.3122067245233451
2021-04-07,14819.0498046875,14879.7998046875,14649.849609375,14716.4501953125,0,0.4110284698067047,0.9094295036858764,0.0,-0.4984010338791718,0.9231436965811968
2021-04-08,14873.7998046875,14984.150390625,14821.099609375,14875.650390625,514800,0.8398613028667203,0.1901287663187056,0.0,0.6497325365480147,0.36945688638336804
2021-04-09,14834.849609375,14918.4501953125,14785.650390625,14882.650390625,504100,0.9000231233980112,0.8212501545597043,0.0,0.0787729688383068,-0.26187118170183377
2021-04-12,14310.7998046875,14652.5,14248.7001953125,14644.650390625,650200,0.7805255152438618,0.9554481914380676,0.0,-0.1749226761942056,-3.5325589304007643
2021-04-13,14504.7998046875,14528.900390625,14274.900390625,14364.900390625,605100,0.2748060355481361,0.2469611669918925,0.4782327974599714,0.0278448685562435,1.3556195506029933
2021-04-15,14581.4501953125,14597.5498046875,14353.2001953125,14522.400390625,568000,0.4237382536487628,0.1688100057845641,0.407451740566673,0.2549282478641986,0.5284484560774683
2021-04-16,14617.849609375,14697.7001953125,14559.0,14599.599609375,577200,0.6675498992914705,0.8539428821418529,0.0,-0.1863929828503824,0.2496282165007191
2021-04-19,14359.4501953125,14382.2998046875,14191.400390625,14306.599609375,512300,0.4517676787372291,0.7694425794215568,0.0,-0.3176749006843277,-1.7676978554819645
2021-04-20,14296.400390625,14526.9501953125,14207.2998046875,14526.7001953125,467400,0.5866084631754741,0.9347955174927832,0.0,-0.3481870543173092,-0.43908230349990474
2021-04-22,14406.150390625,14424.75,14151.400390625,14219.150390625,524600,0.7368737449441821,0.8196248695476449,0.0,-0.0827511246034627,0.7676757575422188
2021-04-23,14341.349609375,14461.150390625,14273.2998046875,14326.349609375,498100,0.8627970775432285,0.8881913496613041,0.0,-0.0253942721180755,-0.44981330537942066
2021-04-26,14485.0,14557.5,14421.2998046875,14449.4501953125,452700,0.0236385860463363,0.2889685249210585,0.6873928890326051,-0.2653299388747221,1.0016518287169873
2021-04-27,14653.0498046875,14667.5498046875,14484.849609375,14493.7998046875,451800,0.641971500443266,0.3770539310016988,0.0,0.2649175694415672,1.1601643402658013
2021-04-28,14864.5498046875,14890.25,14694.9501953125,14710.5,457000,0.6070940360887808,0.3933206703851887,0.0,0.213773365703592,1.4433855260107098
2021-04-29,14894.900390625,15044.349609375,14814.4501953125,14979.0,517500,0.54669741271407,0.5445553246546755,0.0,0.0021420880593945,0.20418099664161193
2021-04-30,14631.099609375,14855.4501953125,14601.7001953125,14747.349609375,613900,0.2319470961159754,0.1598797633664413,0.6081731405175832,0.072067332749534,-1.7710812045177438
2021-05-03,14634.150390625,14673.849609375,14416.25,14481.0498046875,448900,0.4967668588591694,0.3103084821045475,0.192924659036283,0.1864583767546218,0.02085134632017205
2021-05-04,14496.5,14723.400390625,14461.5,14687.25,503400,0.9877855202148872,0.503345130606154,0.0,0.4844403896087332,-0.940610742344028
2021-05-05,14617.849609375,14637.900390625,14506.599609375,14604.150390625,455900,0.1364397525567331,0.7964405615234773,0.0671196859197895,-0.6600008089667442,0.8370959153933599
2021-05-06,14724.7998046875,14743.900390625,14611.5,14668.349609375,467800,0.6951445540475938,0.7394692332387273,0.0,-0.0443246791911334,0.73164109749706
2021-05-07,14823.150390625,14863.0498046875,14765.5,14816.849609375,488000,0.4043187681042921,0.6455343564105223,0.0,-0.2412155883062301,0.6679247748155426
2021-05-10,14942.349609375,14966.900390625,14892.5,14928.25,522000,0.6924361513243696,0.0874465017998854,0.2201173468757449,0.6049896495244842,0.8041422748121585
2021-05-11,14850.75,14900.0,14771.400390625,14789.7001953125,647400,0.9912559937021884,0.3773631767966507,0.0,0.6138928169055375,-0.6130201191218876
2021-05-12,14696.5,14824.0498046875,14649.7001953125,14823.5498046875,643800,0.1283942894541252,0.4135165302899591,0.4580891802559156,-0.2851222408358339,-1.03866808073666
2021-05-14,14677.7998046875,14749.650390625,14591.900390625,14749.400390625,620700,0.7243388171287412,0.2739880994699718,0.001673083401287,0.4503507176587693,-0.12724250884564858
2021-05-17,14923.150390625,14938.0,14725.349609375,14756.25,546400,0.0794193689889866,0.3523270542525393,0.5682535767584741,-0.2729076852635527,1.6715760481972541
2021-05-18,15108.099609375,15137.25,15043.7001953125,15067.2001953125,583900,0.0856582495964305,0.043100108948324,0.8712416414552454,0.0425581406481064,1.2393443335275034
2021-05-19,15030.150390625,15133.400390625,15008.849609375,15058.599609375,569100,0.8941908746641183,0.1790949393281815,0.0,0.7150959353359367,-0.5159432408138875
2021-05-20,14906.0498046875,15069.7998046875,14884.900390625,15042.599609375,480300,0.1918673247187429,0.3922177934335401,0.4159148818477169,-0.2003504687147972,-0.8256776060930671
2021-05-21,15175.2998046875,15190.0,14985.849609375,14987.7998046875,572900,0.3233715621155207,0.9477796979692298,0.0,-0.624408135853709,1.806313567497475
2021-05-24,15197.7001953125,15256.25,15145.4501953125,15211.349609375,579800,0.0694238427460933,0.108682539374692,0.8218936178792146,-0.0392586966285987,0.1476108604989923
2021-05-25,15208.4501953125,15293.849609375,15163.400390625,15291.75,441500,0.5190597909082704,0.9812575773912768,0.0,-0.4621977864830064,0.07073438653115716
2021-05-26,15301.4501953125,15319.900390625,15194.9501953125,15257.0498046875,384000,0.0676125635922149,0.381616499109135,0.5507709372986501,-0.3140039355169201,0.6115021504864648
2021-05-27,15337.849609375,15384.5498046875,15272.5,15323.9501953125,0,0.8003565078223616,0.775234538899056,0.0,0.0251219689233055,0.2378821196545866
2021-05-28,15435.650390625,15469.650390625,15394.75,15421.2001953125,468100,0.233712081910433,0.3425910828111318,0.4236968352784351,-0.1088790009006988,0.6376433707514062
2021-05-31,15582.7998046875,15606.349609375,15374.0,15437.75,436000,0.6508773690471942,0.1460210192969625,0.2031016116558432,0.5048563497502316,0.9533088035724946
2021-06-01,15574.849609375,15660.75,15528.2998046875,15629.650390625,409600,0.5329577865513353,0.9380641395681312,0.0,-0.405106353016796,-0.05101904286871628
2021-06-02,15576.2001953125,15597.4501953125,15459.849609375,15520.349609375,428600,0.3243337531153756,0.9176472779044336,0.0,-0.5933135247890579,0.00867158252806366
2021-06-03,15690.349609375,15705.099609375,15611.0,15655.5498046875,410200,0.3330019130581979,0.8874689402128824,0.0,-0.5544670271546844,0.7328450625387672
2021-06-04,15670.25,15733.599609375,15622.349609375,15712.5,414200,0.6694869551981901,0.6254334501665935,0.0,0.0440535050315966,-0.1281017305247989
2021-06-07,15751.650390625,15773.4501953125,15678.099609375,15725.099609375,394000,0.5577834173700249,0.3347890418906791,0.1074275407392959,0.2229943754793457,0.519458149199914
2021-06-08,15740.099609375,15778.7998046875,15680.0,15773.900390625,378200,0.7306505102392461,0.3137031247571562,0.0,0.4169473854820898,-0.07333060957773752
2021-06-09,15635.349609375,15800.4501953125,15566.900390625,15766.2998046875,457900,0.4652056122837181,0.6356453219526133,0.0,-0.1704397096688951,-0.6654976944212576
2021-06-10,15737.75,15751.25,15648.5,15692.099609375,298300,0.0601423426007852,0.3559577734706405,0.5838998839285743,-0.2958154308698553,0.6549286916079033
2021-06-11,15799.349609375,15835.5498046875,15749.7998046875,15796.4501953125,363000,0.5622968158779098,0.1485067816436808,0.2891964024784094,0.413790034234229,0.3914130633349666
2021-06-14,15811.849609375,15823.0498046875,15606.5,15791.400390625,392900,0.6900048908206657,0.3821234944599732,0.0,0.3078813963606925,0.07911718082738162
2021-06-15,15869.25,15901.599609375,15842.400390625,15866.9501953125,323300,0.2009336886590564,0.1322687150984817,0.6667975962424618,0.0686649735605747,0.3630213545097627
2021-06-16,15767.5498046875,15880.849609375,15742.599609375,15847.5,340200,0.5358276844730813,0.196688197312823,0.2674841182140957,0.3391394871602582,-0.6408632752808119
2021-06-17,15691.400390625,15769.349609375,15616.75,15648.2998046875,357600,0.0966764496467196,0.2374833051693839,0.6658402451838964,-0.1408068555226643,-0.48295020472909345
2021-06-18,15683.349609375,15761.5,15450.900390625,15756.5,640800,0.4503709362581851,0.2998975929945362,0.2497314707472786,0.1504733432636489,-0.0513069646403852
2021-06-21,15746.5,15765.150390625,15505.650390625,15525.849609375,351500,0.664911724487218,0.6960798615670392,0.0,-0.0311681370798211,0.40265882096546246
2021-06-22,15772.75,15895.75,15752.099609375,15840.5,322200,0.7954499607897292,0.3625019845315131,0.0,0.432947976258216,0.16670371193598932
2021-06-23,15686.9501953125,15862.9501953125,15673.9501953125,15862.7998046875,287500,0.9271778194794528,0.8239976518799783,0.0,0.1031801675994743,-0.5439749231269109
2021-06-24,15790.4501953125,15821.400390625,15702.7001953125,15737.2998046875,316700,0.2346420818554535,0.2040876611557602,0.5612702569887862,0.0305544206996932,0.6597840798329813
2021-06-25,15860.349609375,15870.7998046875,15772.2998046875,15839.349609375,314600,0.3993159158093081,0.4690407475181539,0.1316433366725379,-0.0697248317088458,0.44266891189239654
2021-06-28,15814.7001953125,15915.650390625,15792.150390625,15915.349609375,255100,0.9270009679242952,0.1098631137407829,0.0,0.8171378541835124,-0.28782098242977616
2021-06-29,15748.4501953125,15835.900390625,15724.0498046875,15807.5,360300,0.5399571302805596,0.8836839676879897,0.0,-0.3437268374074301,-0.41891404314852165
2021-06-30,15721.5,15839.099609375,15708.75,15776.900390625,262400,0.8420332943764213,0.3429296627591959,0.0,0.4991036316172254,-0.17112919035373597
2021-07-01,15680.0,15755.5498046875,15667.0498046875,15755.0498046875,224900,0.5209579772720422,0.683870124909032,0.0,-0.1629121476369898,-0.2639697229908089
2021-07-02,15722.2001953125,15738.349609375,15635.9501953125,15705.849609375,254800,0.6235856880027597,0.0253486042639384,0.3510657077333018,0.5982370837388212,0.2691338986766656
2021-07-05,15834.349609375,15845.9501953125,15762.0498046875,15793.400390625,207000,0.1277134836352348,0.0557408535874417,0.8165456627773234,0.071972630047793,0.7133188273225066
2021-07-06,15818.25,15914.2001953125,15801.0,15813.75,391400,0.8260676302525284,0.609812761548117,0.0,0.2162548687044113,-0.10167521731027085
2021-07-07,15879.650390625,15893.5498046875,15779.7001953125,15819.599609375,329300,0.7820280876703859,0.2408038160731732,0.0,0.5412242715972126,0.3881617158977724
2021-07-08,15727.900390625,15885.75,15682.900390625,15855.400390625,307900,0.7087446977429764,0.38680724205188,0.0,0.3219374556910964,-0.95562557277451
2021-07-09,15689.7998046875,15730.849609375,15632.75,15688.25,243200,0.0361603805247621,0.0805808122865135,0.8832588071887243,-0.0444204317617514,-0.24224839292732447
2021-07-12,15692.599609375,15789.2001953125,15644.75,15766.7998046875,216300,0.3601364074715191,0.0897595005601571,0.5501040919683238,0.2703769069113619,0.017844744498685117
2021-07-13,15812.349609375,15820.7998046875,15744.599609375,15794.0,246700,0.0876427467638385,0.9108262646863152,0.0015309885498462,-0.8231835179224767,0.7630985495128417
2021-07-14,15853.9501953125,15877.349609375,15764.2001953125,15808.7001953125,0,0.9369578230310628,0.0060470431839784,0.0569951337849587,0.9309107798470844,0.26308921169333477
2021-07-15,15924.2001953125,15952.349609375,15855.0,15872.150390625,284900,0.5538022407123763,0.4838602188643114,0.0,0.0699420218480648,0.4431072328003882
2021-07-16,15923.400390625,15962.25,15882.599609375,15958.349609375,276300,0.3055243106580235,0.1232474581325514,0.571228231209425,0.1822768525254721,-0.0050225736783704455
2021-07-19,15752.400390625,15836.900390625,15707.5,15754.5,242100,0.6005943333606173,0.1616945532739868,0.2377111133653958,0.4388997800866304,-1.0738912280361723
2021-07-20,15632.099609375,15728.4501953125,15578.5498046875,15703.9501953125,274300,0.5156794276964978,0.9658323197183326,0.0,-0.4501528920218348,-0.76369809214345
2021-07-22,15824.0498046875,15834.7998046875,15726.400390625,15736.599609375,265300,0.4969634829058302,0.7415661084668296,0.0,-0.2446026255609993,1.2279233123449584
2021-07-23,15856.0498046875,15899.7998046875,15768.400390625,15856.7998046875,294100,0.9921580148233128,0.5466772648973117,0.0,0.4454807499260009,0.2022238326785386
2021-07-26,15824.4501953125,15893.349609375,15797.0,15849.2998046875,267100,0.9305952146439164,0.5345592191563087,0.0,0.3960359954876076,-0.19929055322251976
2021-07-27,15746.4501953125,15881.5498046875,15701.0,15860.5,311000,0.116366397885476,0.1954580003683999,0.688175601746124,-0.0790916024829238,-0.4929081202650898
2021-07-28,15709.400390625,15767.5,15513.4501953125,15761.5498046875,318600,0.8174497084911916,0.1662293620516587,0.0163209294571496,0.6512203464395329,-0.2352898858342667
2021-07-29,15778.4501953125,15817.349609375,15737.7998046875,15762.7001953125,401600,0.3806232934765801,0.9164891511155142,0.0,-0.5358658576389341,0.4395444954646832
2021-07-30,15763.0498046875,15862.7998046875,15744.849609375,15800.599609375,400000,0.8779743204450695,0.327838198850034,0.0,0.5501361215950354,-0.0976039499086867
2021-08-02,15885.150390625,15892.900390625,15834.650390625,15874.900390625,244800,0.7900304363070614,0.3388234824228073,0.0,0.451206953884254,0.7746000136419795
2021-08-03,16130.75,16146.900390625,15914.349609375,15951.5498046875,341300,0.3046791390980408,0.9520624466390027,0.0,-0.647383307540962,1.5460955882416139
2021-08-04,16258.7998046875,16290.2001953125,16176.150390625,16195.25,427300,0.0809192830512521,0.7379277689988003,0.1811529479499475,-0.6570084859475481,0.7938242467802281
2021-08-05,16294.599609375,16349.4501953125,16210.2998046875,16288.9501953125,418200,0.4029801787651614,0.59742924257342,0.0,-0.1944490638082585,0.22018725316477195
2021-08-06,16238.2001953125,16336.75,16223.2998046875,16304.400390625,320100,0.1735245149865086,0.8808951605447525,0.0,-0.7073706455582438,-0.3461233501561467
2021-08-09,16258.25,16320.75,16179.0498046875,16281.349609375,240500,0.9756102008599148,0.4650363342209099,0.0,0.510573866639005,0.12347307242392969
2021-08-10,16280.099609375,16359.25,16202.25,16274.7998046875,288000,0.640972077345332,0.226978539471521,0.1320493831831469,0.413993537873811,0.13439090538649445
2021-08-11,16282.25,16338.75,16162.5498046875,16327.2998046875,277900,0.822480563634361,0.7439051873021519,0.0,0.078575376332209,0.013208706805212245
2021-08-12,16364.400390625,16375.5,16286.900390625,16303.650390625,280200,0.1325246727418484,0.9192080310537252,0.0,-0.7866833583118767,0.5045395484346349
2021-08-13,16529.099609375,16543.599609375,16376.2998046875,16385.69921875,321900,0.8620144822726226,0.4237701199309234,0.0,0.4382443623416991,1.0064482340847336
2021-08-16,16563.05078125,16589.400390625,16480.75,16518.400390625,254000,0.6062529377509774,0.4448524328275408,0.0,0.1614005049234366,0.2054024277023725
2021-08-17,16614.599609375,16628.55078125,16495.400390625,16545.25,297400,0.7648098009029954,0.4890484004492832,0.0,0.2757614004537122,0.31122785775283823
2021-08-18,16568.849609375,16701.849609375,16535.849609375,16691.94921875,251800,0.1748386272604125,0.3516498723419053,0.4735115003976821,-0.1768112450814928,-0.275360231817956
2021-08-20,16450.5,16509.55078125,16376.0498046875,16382.5,350800,0.3986630277723131,0.5689554832818507,0.0323814889458361,-0.1702924555095376,-0.7142898400624986
2021-08-23,16496.44921875,16592.5,16395.69921875,16592.25,275600,0.0681723093854935,0.3418490419172582,0.5899786486972483,-0.2736767325317646,0.27931806783987323
2021-08-24,16624.599609375,16647.099609375,16495.30078125,16561.400390625,275400,0.0258119069494869,0.43369433132038,0.540493761730133,-0.407882424370893,0.7768362083601765
2021-08-25,16634.650390625,16712.44921875,16617.5,16654.0,265900,0.1351662891548227,0.8484717744062646,0.0163619364389125,-0.7133054852514419,0.06045728309951315
2021-08-26,16636.900390625,16683.69921875,16603.400390625,16627.94921875,253500,0.9631151115891738,0.3632553516758102,0.0,0.5998597599133636,0.013525983096518424
2021-08-27,16705.19921875,16722.05078125,16565.599609375,16642.55078125,217400,0.549529535895017,0.7939351334518513,0.0,-0.2444055975568343,0.41052615884800137
2021-08-30,16931.05078125,16951.5,16764.849609375,16775.849609375,283500,0.3118161330852596,0.7416272874518889,0.0,-0.4298111543666293,1.3519836521704187
2021-08-31,17132.19921875,17153.5,16915.849609375,16947.5,464400,0.5061418628402441,0.8050973120411349,0.0,-0.2989554492008908,1.1880446175423387
2021-09-01,17076.25,17225.75,17055.05078125,17185.599609375,301900,0.4395116886329101,0.8450396488966425,0.0,-0.4055279602637324,-0.326573477436376
2021-09-02,17234.150390625,17245.5,17059.69921875,17095.400390625,242400,0.1056646842617439,0.3950533378567959,0.4992819778814601,-0.289388653595052,0.9246783727399066
2021-09-03,17323.599609375,17340.099609375,17212.19921875,17262.44921875,261400,0.6408263146902062,0.0512634591759981,0.3079102261337956,0.5895628555142081,0.5190230833697296
2021-09-06,17377.80078125,17429.55078125,17345.55078125,17399.349609375,228000,0.6502010923981534,0.4503503857807928,0.0,0.1998507066173606,0.31287476677577253
2021-09-07,17362.099609375,17436.5,17287.0,17401.55078125,243400,0.1520248531286481,0.7489631508603986,0.0990119960109533,-0.5969382977317504,-0.09035189246697772
2021-09-08,17353.5,17383.400390625,17254.19921875,17375.75,252700,0.0613496271106681,0.3569824294686639,0.581667943420668,-0.2956328023579957,-0.049530929832686255
2021-09-09,17369.25,17379.650390625,17302.69921875,17312.849609375,241500,0.7807615860684398,0.6347441411040295,0.0,0.1460174449644102,0.09075978909154347
2021-09-13,17355.30078125,17378.349609375,17269.150390625,17363.55078125,241100,0.0577805609963666,0.2040643885466005,0.7381550504570328,-0.1462838275502339,-0.0803098507419775
2021-09-14,17380.0,17438.55078125,17367.05078125,17420.349609375,230400,0.6950352288585532,0.2919111734978072,0.0130535976436395,0.4031240553607459,0.1423151293159064
2021-09-15,17519.44921875,17532.69921875,17386.900390625,17387.650390625,388200,0.9836789252634136,0.7486087085818324,0.0,0.2350702166815812,0.802354538262362
2021-09-16,17629.5,17644.599609375,17510.44921875,17539.19921875,503300,0.2391801042159256,0.4826012356615207,0.2782186601225537,-0.243421131445595,0.6281634763507293
2021-09-17,17585.150390625,17792.94921875,17537.650390625,17709.650390625,508300,0.1422493686871961,0.2160314403930722,0.6417191909197316,-0.073782071705876,-0.2515647600612625
2021-09-20,17396.900390625,17622.75,17361.80078125,17443.849609375,339100,0.1010458110106466,0.957134832539796,0.0,-0.8560890215291495,-1.0705054879733056
2021-09-21,17562.0,17578.349609375,17326.099609375,17450.5,363600,0.6921613416941319,0.4271050453603432,0.0,0.2650562963337887,0.949017386246398
2021-09-22,17546.650390625,17610.44921875,17524.0,17580.900390625,295200,0.0622917981300626,0.4751003406917204,0.4626078611782168,-0.4128085425616578,-0.08740239935656202
2021-09-23,17822.94921875,17843.900390625,17646.55078125,17670.849609375,320500,0.5094221281497897,0.8979552161850192,0.0,-0.3885330880352294,1.5746528367181822
2021-09-24,17853.19921875,17947.650390625,17819.400390625,17897.44921875,360100,0.9966968538529768,0.5250493402453846,0.0,0.4716475136075921,0.16972499684944076
2021-09-27,17855.099609375,17943.5,17802.900390625,17932.19921875,295700,0.3062536207866116,0.4467264687026405,0.2470199105107478,-0.1404728479160288,0.010644538279747096
2021-09-28,17748.599609375,17912.849609375,17576.099609375,17906.44921875,398000,0.6238958362916385,0.1234498658103551,0.2526542978980064,0.5004459704812834,-0.596468249015425
2021-09-29,17711.30078125,17781.75,17608.150390625,17657.94921875,562200,0.5270414639116516,0.2059800358769616,0.2669785002113867,0.3210614280346899,-0.21015082285871234
2021-09-30,17618.150390625,17742.150390625,17585.349609375,17718.900390625,378600,0.4260833838903715,0.000943415267631,0.5729732008419974,0.4251399686227404,-0.5259376020738893
2021-10-01,17532.05078125,17557.150390625,17452.900390625,17531.900390625,305800,0.1307103767401994,0.0392650516486602,0.8300245716111403,0.0914453250915392,-0.48869834497958786
2021-10-04,17691.25,17750.900390625,17581.349609375,17615.55078125,295800,0.194622511820765,0.663310709504002,0.1420667786752329,-0.4686881976832369,0.9080467581137563
2021-10-05,17822.30078125,17833.44921875,17640.900390625,17661.349609375,427000,0.3677593508772896,0.8390996987996115,0.0,-0.4713403479223219,0.7407660919946268
2021-10-06,17646.0,17884.599609375,17613.150390625,17861.5,395800,0.414129752528927,0.5506604592365643,0.0352097882345087,-0.1365307067076372,-0.9892144870289554
2021-10-07,17790.349609375,17857.55078125,17763.80078125,17810.55078125,419900,0.8275378955668743,0.1531445000839562,0.0193176043491695,0.6743933954829181,0.8180302016037588
2021-10-08,17895.19921875,17941.849609375,17840.349609375,17886.849609375,324100,0.733614380561402,0.7281164373361664,0.0,0.0054979432252356,0.5893622760496431
2021-10-11,17945.94921875,18041.94921875,17839.099609375,17867.55078125,375800,0.4161539981797615,0.7697466228570872,0.0,-0.3535926246773256,0.28359561343596074
2021-10-12,17991.94921875,18008.650390625,17864.94921875,17915.80078125,355600,0.4813441516353236,0.9754103676847452,0.0,-0.4940662160494214,0.25632525445875576
2021-10-13,18161.75,18197.80078125,18050.75,18097.849609375,506700,0.0191922768230566,0.57356328002671,0.4072444431502333,-0.5543710032036533,0.943759784921161
2021-10-14,18338.55078125,18350.75,18248.69921875,18272.849609375,538700,0.2598132087450342,0.3416411126906018,0.3985456785643639,-0.0818279039455676,0.9734787740718787
2021-10-18,18477.05078125,18543.150390625,18445.30078125,18500.099609375,469900,0.2152018720172375,0.1193810113381967,0.6654171166445657,0.0958208606790407,0.7552396132719963
2021-10-19,18418.75,18604.44921875,18377.69921875,18602.349609375,368200,0.0121207746438932,0.3278428378858182,0.6600363874702885,-0.315722063241925,-0.3155307734996393
2021-10-20,18266.599609375,18458.30078125,18209.349609375,18439.900390625,371300,0.2412014575995414,0.8157453806261209,0.0,-0.5745439230265794,-0.8260625212080042
2021-10-21,18178.099609375,18384.19921875,18048.0,18382.69921875,365900,0.9758737549100538,0.5973123783307118,0.0,0.3785613765793419,-0.4844908296702255
2021-10-22,18114.900390625,18314.25,18034.349609375,18230.69921875,324700,0.8015371118829896,0.3936355202774421,0.0,0.4079015916055475,-0.3476668084567369
2021-10-25,18125.400390625,18241.400390625,17968.5,18229.5,418700,0.1097361986775035,0.3400043860598921,0.5502594152626044,-0.2302681873823886,0.0579633328010587
2021-10-26,18268.400390625,18310.44921875,18099.30078125,18154.5,341400,0.547959488973693,0.8696496848121713,0.0,-0.3216901958384783,0.7889480889700096
2021-10-27,18210.94921875,18342.05078125,18167.900390625,18295.849609375,335200,0.4543773345599609,0.0881344309766914,0.4574882344633476,0.3662429035832694,-0.31448386638428527
2021-10-28,17857.25,18190.69921875,17799.44921875,18187.650390625,374200,0.844357082739616,0.7767984372086307,0.0,0.0675586455309852,-1.94223384240636
2021-10-29,17671.650390625,17915.849609375,17613.099609375,17833.05078125,336500,0.0980825807842445,0.8475476330547363,0.054369786161019,-0.7494650522704918,-1.0393515763905459
2021-11-01,17929.650390625,17954.099609375,17697.099609375,17783.150390625,281200,0.32467592689006,0.1654997746636556,0.5098242984462844,0.1591761522264043,1.459965505750782
2021-11-02,17888.94921875,18012.25,17847.599609375,17970.900390625,296400,0.7373570773877997,0.7066041289942178,0.0,0.0307529483935818,-0.22700482713416958
2021-11-03,17829.19921875,17988.75,17757.94921875,17947.94921875,331000,0.4760181293687665,0.5353477680616567,0.0,-0.0593296386928902,-0.33400508475575075
2021-11-04,17916.80078125,17947.55078125,17900.599609375,17935.05078125,48500,0.3758882851457693,0.635323346708321,0.0,-0.2594350615625517,0.4913376165984751
2021-11-08,18068.55078125,18087.80078125,17836.099609375,18040.19921875,338900,0.8920846889402344,0.3220675351957297,0.0,0.5700171537445047,0.8469704042186388
2021-11-09,18044.25,18112.599609375,17983.05078125,18084.349609375,270200,0.9553346865039284,0.559744661333675,0.0,0.3955900251702533,-0.1344921435271762
2021-11-10,18017.19921875,18061.25,17915.0,17973.44921875,261400,0.7869033862552951,0.8579349139973288,0.0,-0.0710315277420337,-0.14991358050348014
2021-11-11,17873.599609375,17971.349609375,17798.19921875,17967.44921875,232100,0.3154068957480127,0.6669274474586807,0.0176656567933065,-0.351520551710668,-0.7970140510272006
2021-11-12,18102.75,18123.0,17905.900390625,17977.599609375,249100,0.6881347060865421,0.4353963233997514,0.0,0.2527383826867907,1.2820606684330382
2021-11-15,18109.44921875,18210.150390625,18071.30078125,18140.94921875,280400,0.8408715794259226,0.93016520286255,0.0,-0.0892936234366273,0.03700663573213969
2021-11-16,17999.19921875,18132.650390625,17958.80078125,18127.05078125,267400,0.0384263489623249,0.5275879732721657,0.4339856777655093,-0.4891616243098406,-0.6087981951756416
2021-11-17,17898.650390625,18022.650390625,17879.25,17939.349609375,295700,0.9017619921354236,0.2589042747931396,0.0,0.6428577173422839,-0.5586294529162039
2021-11-18,17764.80078125,17945.599609375,17688.5,17890.55078125,278400,0.4614774646247341,0.0528266863647219,0.4856958490105438,0.4086507782600121,-0.7478195643460861
2021-11-22,17416.55078125,17805.25,17280.44921875,17796.25,356400,0.6366696821672073,0.5324709078838974,0.0,0.1041987742833099,-1.9603372100156835
2021-11-23,17503.349609375,17553.69921875,17216.099609375,17281.75,308800,0.6139335847600618,0.5644165877797477,0.0,0.049516996980314,0.49836979327988473
2021-11-24,17415.05078125,17600.599609375,17354.0,17550.05078125,298100,0.0666520405606899,0.600583196987136,0.332764762452174,-0.5339311564264461,-0.5044681737814694
2021-11-25,17536.25,17564.349609375,17351.69921875,17417.30078125,255900,0.5184080219452041,0.1662553303497006,0.3153366477050953,0.3521526915955034,0.6959452503032093
2021-11-26,17026.44921875,17355.400390625,16985.69921875,17338.75,356300,0.1501690008170416,0.3797374048216487,0.4700935943613096,-0.2295684040046071,-2.9071254187753914
2021-11-29,17053.94921875,17160.69921875,16782.400390625,17055.80078125,348900,0.6802277792083533,0.7276311376996887,0.0,-0.0474033584913353,0.16151341742889347
2021-11-30,16983.19921875,17324.650390625,16931.400390625,17051.150390625,498000,0.0416729006023842,0.9226037570939578,0.0357233423036579,-0.8809308564915735,-0.41485991949720136
2021-12-01,17166.900390625,17213.05078125,17064.25,17104.400390625,295500,0.0847920160458032,0.762212058314177,0.1529959256400197,-0.6774200422683738,1.081664117042136
2021-12-02,17401.650390625,17420.349609375,17149.30078125,17183.19921875,279900,0.7163233880626823,0.5917169688924004,0.0,0.1246064191702818,1.3674571102433752
2021-12-03,17196.69921875,17489.80078125,17180.80078125,17424.900390625,292500,0.0720843359986733,0.1920233691363445,0.7358922948649821,-0.1199390331376711,-1.177768586739425
2021-12-06,16912.25,17216.75,16891.69921875,17209.05078125,231700,0.95650139829948,0.6024691704572664,0.0,0.3540322278422136,-1.654091957599968
2021-12-07,17176.69921875,17251.650390625,16987.75,17044.099609375,254100,0.737508359459007,0.4897858679882407,0.0,0.2477224914707662,1.5636548581649423
2021-12-08,17469.75,17484.599609375,17308.94921875,17315.25,257800,0.3532514085020641,0.5286566039892756,0.1180919875086602,-0.1754051954872114,1.7060948527881648
2021-12-09,17516.849609375,17543.25,17379.599609375,17524.400390625,237200,0.2965355812876552,0.334442527118104,0.3690218915942407,-0.0379069458304488,0.2696066593683266
2021-12-10,17511.30078125,17534.349609375,17405.25,17476.05078125,204500,0.3497032297458495,0.5193126926423032,0.1309840776118472,-0.1696094628964536,-0.031677089480919296
2021-12-13,17368.25,17639.5,17355.94921875,17619.099609375,256600,0.1851955678674679,0.1857769546987078,0.6290274774338243,-0.0005813868312398,-0.8169055116863166
2021-12-14,17324.900390625,17376.19921875,17225.80078125,17283.19921875,271000,0.1741093353340843,0.0849662898894664,0.7409243747764492,0.0891430454446179,-0.24959111813221968
2021-12-15,17221.400390625,17351.19921875,17192.19921875,17323.650390625,215000,0.0983956497133973,0.4362460263571573,0.4653583239294453,-0.33785037664376,-0.5974060321640162
2021-12-16,17248.400390625,17379.349609375,17184.94921875,17373.0,219500,0.6603027197013381,0.6583074395060619,0.0,0.0019952801952762,0.1567816750529749
2021-12-17,16985.19921875,17298.150390625,16966.44921875,17276.0,354600,0.7643726622217359,0.4377168249335413,0.0,0.3266558372881946,-1.525945397337003
2021-12-20,16614.19921875,16840.099609375,16410.19921875,16824.25,330600,0.0821716674764273,0.3470023354121999,0.5708259971113727,-0.2648306679357726,-2.1842546279377872
2021-12-21,16770.849609375,16936.400390625,16688.25,16773.150390625,241000,0.9678600348450304,0.9328676901266332,0.0,0.0349923447183974,0.942870544420904
2021-12-22,16955.44921875,16971.0,16819.5,16865.55078125,207900,0.2954447774774202,0.922645139603572,0.0,-0.6272003621261518,1.1007170994593363
2021-12-23,17072.599609375,17118.650390625,17015.55078125,17066.80078125,197000,0.7692231478381336,0.5023718199720955,0.0,0.2668513278660381,0.6909306212627531
2021-12-24,17003.75,17155.599609375,16909.599609375,17149.5,182600,0.6246635688542638,0.3278839940182585,0.0474524371274777,0.2967795748360052,-0.40327548791804224
2021-12-27,17086.25,17112.05078125,16833.19921875,16937.75,144800,0.1213864181594064,0.4747690060436512,0.4038445757969423,-0.3533825878842448,0.4851870910828504
2021-12-28,17233.25,17250.25,17161.150390625,17177.599609375,176000,0.6150129680388666,0.3363233942703335,0.0486636376907998,0.2786895737685331,0.8603409174043453
2021-12-29,17213.599609375,17285.94921875,17176.650390625,17220.099609375,161700,0.774633780637788,0.9205358851025548,0.0,-0.1459021044647667,-0.11402602889762914
2021-12-30,17203.94921875,17264.05078125,17146.349609375,17201.44921875,320800,0.6439042535411307,0.0120030272726825,0.3440927191861868,0.6319012262684481,-0.05606259494814747
2021-12-31,17354.05078125,17400.80078125,17238.5,17244.5,167000,0.5303021332491583,0.5528148757183491,0.0,-0.0225127424691907,0.8724831757606522
2022-01-03,17625.69921875,17646.650390625,17383.30078125,17387.150390625,200500,0.7987141916545746,0.0854030301627216,0.1158827781827037,0.7133111614918529,1.5653315812207858
2022-01-04,17805.25,17827.599609375,17593.55078125,17681.400390625,247400,0.2928220367009647,0.9724613900279022,0.0,-0.6796393533269375,1.018687423526421
2022-01-05,17925.25,17944.69921875,17748.849609375,17820.099609375,251500,0.9799703293588506,0.5180104313760979,0.0,0.4619598979827527,0.6739585234692091
2022-01-06,17745.900390625,17797.94921875,17655.55078125,17768.5,236500,0.6018815896363221,0.6141862443190114,0.0,-0.0123046546826892,-1.0005417462796928
2022-01-07,17812.69921875,17905.0,17704.55078125,17797.599609375,239300,0.5824226582072465,0.2366097827075073,0.1809675590852462,0.3458128754997391,0.3764183651131514
2022-01-10,18003.30078125,18017.44921875,17879.150390625,17913.30078125,232400,0.6564786073315027,0.0748958420019837,0.2686255506665136,0.5815827653295189,1.0700318921871732
2022-01-11,18055.75,18081.25,17964.400390625,17997.75,220200,0.1280957463662,0.1061603535474672,0.7657439000863328,0.0219353928187328,0.2913311252602302
2022-01-12,18212.349609375,18227.94921875,18128.80078125,18170.400390625,245000,0.3382675059944984,0.8374725196187746,0.0,-0.4992050136242761,0.8673115731830494
2022-01-13,18257.80078125,18272.25,18163.80078125,18257.0,303700,0.9280836403260496,0.2398199522065902,0.0,0.6882636881194595,0.24956237305924223
2022-01-14,18255.75,18286.94921875,18119.650390625,18185.0,229500,0.2246156118438519,0.1949582714986305,0.5804261166575175,0.0296573403452213,-0.011232356375068253
2022-01-17,18308.099609375,18321.55078125,18228.75,18235.650390625,266700,0.4394049896944522,0.0619465185789879,0.4986484917265599,0.3774584711154642,0.28675682661627455
2022-01-18,18113.05078125,18350.94921875,18085.900390625,18337.19921875,227500,0.6129395824945255,0.5768079196382558,0.0,0.0361316628562696,-1.0653690567923424
2022-01-19,17938.400390625,18129.19921875,17884.900390625,18129.19921875,276700,0.9430758377447076,0.1192104428405733,0.0,0.8238653949041342,-0.964224043394124
2022-01-20,17757.0,17943.69921875,17648.44921875,17921.0,258100,0.2406927118325049,0.0364610508256184,0.7228462373418766,0.2042316610068865,-1.0112406160797005
2022-01-21,17617.150390625,17707.599609375,17485.849609375,17613.69921875,277600,0.121501376300918,0.0527439521622173,0.8257546715368645,0.0687574241387006,-0.7875745304668613
2022-01-24,17149.099609375,17599.400390625,16997.849609375,17575.150390625,323800,0.645810812655206,0.0451513644122919,0.309037822932502,0.6006594482429141,-2.656790518738339
2022-01-25,17277.94921875,17309.150390625,16836.80078125,17001.55078125,326500,0.2859067892391601,0.4378998871429123,0.2761933236179276,-0.1519930979037521,0.7513491221694313
2022-01-27,17110.150390625,17182.5,16866.75,17062.0,395600,0.861369996363436,0.2624083764893019,0.0,0.5989616198741341,-0.971173291462768
2022-01-28,17101.94921875,17373.5,17077.099609375,17208.30078125,355300,0.846514338690278,0.4217126175259164,0.0,0.4248017211643616,-0.04793161771092791
2022-01-31,17339.849609375,17410.0,17264.150390625,17301.05078125,321700,0.7550419287462783,0.5776130806371337,0.0,0.1774288481091446,1.39107178709299
2022-02-01,17576.849609375,17622.400390625,17244.55078125,17529.44921875,386400,0.46053949727414,0.5709070537521448,0.0,-0.1103675564780047,1.3667938611870323
2022-02-02,17780.0,17794.599609375,17674.80078125,17706.19921875,271200,0.8419985528900615,0.3324266921743651,0.0,0.5095718607156964,1.1557838585399605
2022-02-03,17560.19921875,17781.150390625,17511.150390625,17767.75,226600,0.7284906771616132,0.3155331806631355,0.0,0.4129574964984777,-1.2362248664229525
2022-02-04,17516.30078125,17617.80078125,17462.55078125,17590.19921875,261400,0.7764474464997246,0.1066236189365978,0.1169289345636774,0.6698238275631268,-0.24998826581151823
2022-02-07,17213.599609375,17536.75,17119.400390625,17456.30078125,265000,0.5450269188969383,0.7665959447120516,0.0,-0.2215690258151132,-1.7281112927623465
2022-02-08,17266.75,17306.44921875,17043.650390625,17279.849609375,268500,0.9846697395245082,0.966274297748186,0.0,0.0183954417763223,0.30876976246183574
2022-02-09,17463.80078125,17477.150390625,17339.0,17370.099609375,236400,0.9373880664971188,0.9700744566667068,0.0,-0.0326863901695879,1.141215233034587
2022-02-10,17605.849609375,17639.44921875,17427.150390625,17554.099609375,273600,0.0431737357970116,0.8650710993753938,0.0917551648275945,-0.8218973635783822,0.8133901085124018
2022-02-11,17374.75,17454.75,17303.0,17451.0,253100,0.1648148157294371,0.6007921493396191,0.2343930349309437,-0.435977333610182,-1.312629691281364
2022-02-14,16842.80078125,17099.5,16809.650390625,17076.150390625,305500,0.8177853298569451,0.6307704201726206,0.0,0.1870149096843244,-3.061622289529342
2022-02-15,17352.44921875,17375.0,16839.25,16933.25,298700,0.2135113663106719,0.4556495494398774,0.3308390842494506,-0.2421381831292055,3.025912638397754
2022-02-16,17322.19921875,17490.599609375,17257.69921875,17408.44921875,244500,0.505852692951829,0.4820173397769325,0.0121299672712384,0.0238353531748964,-0.17432697608654735
2022-02-17,17304.599609375,17442.900390625,17235.849609375,17396.55078125,232100,0.8407030280112,0.757776560375158,0.0,0.082926467636042,-0.1016014719190439
2022-02-18,17276.30078125,17380.80078125,17219.19921875,17236.05078125,189600,0.7328015447662506,0.2819183555972516,0.0,0.4508831891689989,-0.16353356196504576
2022-02-21,17206.650390625,17351.05078125,17070.69921875,17192.25,215200,0.50836054691628,0.0562242948509722,0.4354151582327478,0.4521362520653077,-0.40315569581070854
2022-02-22,17092.19921875,17148.55078125,16843.80078125,16847.94921875,300100,0.2975484513188206,0.4856342984133404,0.216817250267839,-0.1880858470945198,-0.6651566067580439
2022-02-23,17063.25,17220.69921875,17027.849609375,17194.5,200200,0.5650219928590161,0.9128008004078616,0.0,-0.3477788075488456,-0.16937094155936583
2022-02-24,16247.9501953125,16705.25,16203.25,16548.900390625,458000,0.6888853020500907,0.610363007818157,0.0,0.0785222942319336,-4.778103847083647
2022-02-25,16658.400390625,16748.80078125,16478.30078125,16515.650390625,329800,0.8733229158608077,0.5464070742121321,0.0,0.3269158416486756,2.5261660109649586
2022-02-28,16793.900390625,16815.900390625,16356.2998046875,16481.599609375,404200,0.160071634954573,0.8520484158046929,0.0,-0.6919767808501199,0.8134034290366632
2022-03-02,16605.94921875,16678.5,16478.650390625,16593.099609375,517700,0.0093316198270932,0.5147421937567799,0.4759261864161268,-0.5054105739296866,-1.1191633122935585
2022-03-03,16498.05078125,16768.94921875,16442.94921875,16723.19921875,442100,0.246678864521623,0.0995797135400289,0.653741421938348,0.1470991509815941,-0.649757722841704
2022-03-04,16245.349609375,16456.0,16133.7998046875,16339.4501953125,456100,0.7264617151130048,0.0160281564551231,0.257510128431872,0.7104335586578817,-1.5317032007332254
2022-03-07,15863.150390625,15944.599609375,15711.4501953125,15867.9501953125,585400,0.4014943158612882,0.6032130620995043,0.0,-0.201718746238216,-2.352668473994779
2022-03-08,16013.4501953125,16028.75,15671.4501953125,15747.75,543600,0.8000709686991595,0.0797150731872849,0.1202139581135555,0.7203558955118745,0.9474776509483585
2022-03-09,16345.349609375,16418.05078125,15990.0,16078.0,462200,0.2040356346288988,0.6831142857230466,0.1128500796480546,-0.4790786510941477,2.0726290088294297
2022-03-10,16594.900390625,16757.30078125,16447.900390625,16757.099609375,486400,0.5550849493022862,0.9325667087059608,0.0,-0.3774817594036747,1.526738719047449
2022-03-11,16630.44921875,16694.400390625,16470.900390625,16528.80078125,343700,0.7330712960296748,0.5756652529974197,0.0,0.1574060430322551,0.21421537513466316
2022-03-14,16871.30078125,16887.94921875,16606.5,16633.69921875,314700,0.3553845686857394,0.7663472131046524,0.0,-0.4109626444189129,1.4482565042708062
2022-03-15,16663.0,16927.75,16555.0,16900.650390625,381600,0.7837917844853972,0.4064165365740186,0.0,0.3773752479113785,-1.234645650331223
2022-03-16,16975.349609375,16987.900390625,16837.849609375,16876.650390625,260000,0.5542265141320166,0.8798377479414679,0.0,-0.3256112338094512,1.8745100484606647
2022-03-17,17287.05078125,17344.599609375,17175.75,17202.900390625,448300,0.0052296135429127,0.6486829533573645,0.3460874330997228,-0.6434533398144517,1.8361988356508263
2022-03-21,17117.599609375,17353.349609375,17096.400390625,17329.5,285500,0.2024805601652374,0.3096917111051891,0.4878277287295735,-0.1072111509399517,-0.9802202470463706
2022-03-22,17315.5,17334.400390625,17006.30078125,17120.400390625,338300,0.9580734801193802,0.2017949482524569,0.0,0.7562785318669233,1.1561223252155806
2022-03-23,17245.650390625,17442.400390625,17199.599609375,17405.05078125,292100,0.3679407513020845,0.9088264977168624,0.0,-0.5408857464147778,-0.40339354552280104
2022-03-24,17222.75,17291.75,17091.150390625,17094.94921875,290300,0.3269316163380791,0.7604000672874827,0.0,-0.4334684509494035,-0.1327893706893679
2022-03-25,17153.0,17294.900390625,17076.55078125,17289.0,237100,0.1488880503324446,0.676398368910006,0.1747135807575492,-0.5275103185775614,-0.4049875890900112
2022-03-28,17222.0,17235.099609375,17003.900390625,17181.849609375,253200,0.9963343376272472,0.7564510879889118,0.0,0.2398832496383355,0.4022619949862971
2022-03-29,17325.30078125,17343.650390625,17235.69921875,17297.19921875,235100,0.3683095305068483,0.4741579458790796,0.157532523614072,-0.1058484153722313,0.5998187274997013
2022-03-30,17498.25,17522.5,17387.19921875,17468.150390625,505000,0.4486106309545425,0.2257895521506291,0.3255998168948283,0.2228210788039134,0.9982465582194733
2022-03-31,17464.75,17559.80078125,17435.19921875,17519.19921875,281100,0.722070938202737,0.6166219781652751,0.0,0.1054489600374619,-0.1914477162001882
2022-04-01,17670.44921875,17703.69921875,17422.69921875,17436.900390625,291800,0.8861957804650745,0.0403338521384519,0.0734703673964735,0.8458619283266225,1.1777965258592316
2022-04-04,18053.400390625,18114.650390625,17791.400390625,17809.099609375,345500,0.4126218408486237,0.1479583341094058,0.4394198250419704,0.2646635067392179,2.1671841339984343
2022-04-05,17957.400390625,18095.44921875,17921.55078125,18080.599609375,283500,0.6956181464968069,0.9846544775908396,0.0,-0.2890363310940327,-0.5317557796472028
2022-04-06,17807.650390625,17901.0,17779.849609375,17842.75,328800,0.0032182636042786,0.2090973645896142,0.7876843718061071,-0.2058791009853355,-0.8339180323571727
2022-04-07,17639.55078125,17787.5,17623.69921875,17723.30078125,308800,0.6195893374598407,0.1303531300432655,0.2500575324968938,0.4892362074165751,-0.943974110495216
2022-04-08,17784.349609375,17842.75,17600.55078125,17698.150390625,274400,0.3554930104413574,0.2035348738868964,0.4409721156717462,0.151958136554461,0.8208759390795572
2022-04-11,17674.94921875,17779.05078125,17650.94921875,17740.900390625,251700,0.5882022669483905,0.565415939752538,0.0,0.0227863271958524,-0.6151497975913078
2022-04-12,17530.30078125,17595.30078125,17442.349609375,17584.849609375,266000,0.4809728898861237,0.0210091569863607,0.4980179531275155,0.459963732899763,-0.8183810641252287
2022-04-13,17475.650390625,17663.650390625,17457.400390625,17599.900390625,245100,0.6423255259052274,0.0344313085733145,0.323243165521458,0.6078942173319128,-0.3117481628350238
2022-04-18,17173.650390625,17237.75,17067.849609375,17183.44921875,376100,0.6034876665964548,0.5383631021010228,0.0,0.065124564495432,-1.7281188010147552
2022-04-19,16958.650390625,17275.650390625,16824.69921875,17258.94921875,401400,0.6764679372263622,0.9132296862792704,0.0,-0.2367617490529082,-1.2519178806467801
2022-04-20,17136.55078125,17186.900390625,16978.94921875,17045.25,286100,0.8049889996807698,0.3879727543978863,0.0,0.4170162452828834,1.0490244596548015
2022-04-21,17392.599609375,17414.69921875,17215.5,17234.599609375,285200,0.2698207201282143,0.8295658314283686,0.0,-0.5597451113001543,1.4941678252146096
2022-04-22,17171.94921875,17315.30078125,17149.19921875,17242.75,262700,0.8250494101800621,0.1336956543994362,0.0412549354205017,0.6913537557806259,-1.2686452605167986
2022-04-25,16953.94921875,17054.30078125,16888.69921875,17009.05078125,275700,0.0585509292439792,0.9413343927869016,0.0001146779691191,-0.8827834635429225,-1.2695122564301942
2022-04-26,17200.80078125,17223.849609375,17064.44921875,17121.30078125,261100,0.3342383186960608,0.6766172335525065,0.0,-0.3423789148564456,1.4560121616207233
2022-04-27,17038.400390625,17110.69921875,16958.44921875,17073.349609375,265100,0.7848969771114676,0.363403931999427,0.0,0.4214930451120405,-0.9441443610115341
2022-04-28,17245.05078125,17322.5,17071.05078125,17189.5,312900,0.7076809347409158,0.9381811725247224,0.0,-0.2305002377838066,1.2128508890934642
2022-04-29,17102.55078125,17377.650390625,17053.25,17329.25,336200,0.7886149646724064,0.2755667763091785,0.0,0.513048188363228,-0.8263240381694681
2022-05-02,17069.099609375,17092.25,16917.25,16924.44921875,278200,0.1474525267062839,0.7653162995253863,0.0872311737683297,-0.6178637728191023,-0.19559171203674675
2022-05-04,16677.599609375,17132.849609375,16623.94921875,17096.599609375,310600,0.4340193661738752,0.2048024090562095,0.3611782247699152,0.2292169571176657,-2.2936183451936376
2022-05-05,16682.650390625,16945.69921875,16651.849609375,16854.75,265800,0.0886004296796172,0.797998035219224,0.1134015351011588,-0.7093976055396067,0.030284821366977077
2022-05-06,16411.25,16484.19921875,16340.900390625,16415.55078125,300500,0.2206119527112112,0.7385460533969634,0.0408419938918253,-0.5179341006857522,-1.62684216398562
2022-05-09,16301.849609375,16403.69921875,16142.099609375,16227.7001953125,288400,0.9983475113929496,0.2827654570600986,0.0,0.715582054332851,-0.6666182687180999
2022-05-10,16240.0498046875,16404.55078125,16197.2998046875,16248.900390625,283100,0.9331133313435576,0.3044904243540304,0.0,0.6286229069895273,-0.3790968888092272
2022-05-11,16167.099609375,16318.75,15992.599609375,16270.0498046875,284300,0.6425651995351915,0.9829468795547008,0.0,-0.3403816800195093,-0.44919933245182175
2022-05-12,15808.0,16041.9501953125,15735.75,16021.099609375,314900,0.421248053294072,0.6427774134799279,0.0,-0.2215293601858559,-2.2211752141785834
2022-05-13,15782.150390625,16083.599609375,15740.849609375,15977.0,369100,0.6361773647082327,0.7176761577934996,0.0,-0.0814987930852668,-0.16352232651188903
2022-05-16,15842.2998046875,15977.9501953125,15739.650390625,15845.099609375,217600,0.4099048896962882,0.8018401684528059,0.0,-0.3919352787565177,0.3811230572117186
2022-05-17,16259.2998046875,16284.25,15900.7998046875,15912.599609375,295700,0.8398022856356172,0.4345309633044953,0.0,0.4052713223311218,2.6321935902047233
2022-05-18,16240.2998046875,16399.80078125,16211.2001953125,16318.150390625,290400,0.383832951933044,0.8695336718149798,0.0,-0.4857007198819357,-0.11685620062508173
2022-05-19,15809.400390625,15984.75,15775.2001953125,15917.400390625,313900,0.5718722712271865,0.1806575413113031,0.2474701874615102,0.3912147299158833,-2.6532725334179386
2022-05-20,16266.150390625,16283.0498046875,16003.849609375,16043.7998046875,252400,0.5877693608621982,0.9476861770642796,0.0,-0.3599168162020814,2.8891038794289337
2022-05-23,16214.7001953125,16414.69921875,16185.75,16290.9501953125,293800,0.3345112887419321,0.7561922341067805,0.0,-0.4216809453648483,-0.31630222318707046
2022-05-24,16125.150390625,16262.7998046875,16078.599609375,16225.5498046875,249800,0.0261967085320647,0.3937551415654067,0.5800481499025285,-0.3675584330333419,-0.5522754266735541
2022-05-25,16025.7998046875,16223.349609375,16006.9501953125,16196.349609375,243300,0.0241917638913552,0.6082113767664467,0.3675968593421981,-0.5840196128750914,-0.6161219184365629
2022-05-26,16170.150390625,16204.4501953125,15903.7001953125,16105.0,314300,0.8316970436757735,0.4445735010694285,0.0,0.3871235426063449,0.9007387318995308
2022-05-27,16352.4501953125,16370.599609375,16221.9501953125,16296.599609375,274100,0.2730708099728124,0.7423699370897818,0.0,-0.4692991271169694,1.1273847198922216
2022-05-30,16661.400390625,16695.5,16506.150390625,16527.900390625,251400,0.9406792451153404,0.2999293974730662,0.0,0.6407498476422743,1.8893205092962884
2022-05-31,16584.55078125,16690.75,16521.900390625,16578.44921875,651600,0.2592967588657737,0.4743086648684302,0.266394576265796,-0.2150119060026565,-0.4612433983534836
2022-06-01,16522.75,16649.19921875,16438.849609375,16594.400390625,249600,0.4296568127389351,0.1680200521926785,0.4023231350683863,0.2616367605462565,-0.37264067061659745
2022-06-02,16628.0,16646.400390625,16443.05078125,16481.650390625,236000,0.8727302504846018,0.3547972896563887,0.0,0.5179329608282132,0.6370004993115463
2022-06-03,16584.30078125,16793.849609375,16567.900390625,16761.650390625,245500,0.8419335667918086,0.3999830182935685,0.0,0.4419505484982401,-0.2628050201467391
2022-06-06,16569.55078125,16610.94921875,16444.55078125,16530.69921875,233600,0.4581868867378926,0.8843434279712875,0.0,-0.4261565412333948,-0.08893953501298846
2022-06-07,16416.349609375,16487.25,16347.099609375,16469.599609375,233800,0.4829688720853552,0.1517429129530524,0.3652882149615923,0.3312259591323028,-0.9245946006475991
2022-06-08,16356.25,16514.30078125,16293.349609375,16474.94921875,243500,0.1334799724159437,0.597808013401514,0.2687120141825422,-0.4643280409855702,-0.36609606157923524
2022-06-09,16478.099609375,16492.80078125,16243.849609375,16263.849609375,205000,0.0806015137571246,0.6647392049108463,0.2546592813320291,-0.5841376911537216,0.744972774168895
2022-06-10,16201.7998046875,16324.7001953125,16172.599609375,16283.9501953125,189700,0.7279393069737652,0.4193346804192883,0.0,0.3086046265544768,-1.6767698414100085
2022-06-13,15774.400390625,15886.150390625,15684.0,15877.5498046875,225500,0.7295082286523967,0.5046372879774349,0.0,0.2248709406749618,-2.637974911520913
2022-06-14,15732.099609375,15858.0,15659.4501953125,15674.25,225400,0.7655128989911097,0.0073530445544269,0.2271340564544632,0.7581598544366828,-0.268160945598539
2022-06-15,15692.150390625,15783.650390625,15678.900390625,15729.25,183000,0.1589081676693535,0.6917201141346888,0.1493717181959576,-0.5328119464653353,-0.2539344381356057
2022-06-16,15360.599609375,15863.150390625,15335.099609375,15832.25,264700,0.6102251494776413,0.6613426789447244,0.0,-0.0511175294670831,-2.1128447854290244
2022-06-17,15293.5,15400.400390625,15183.400390625,15272.650390625,342600,0.1353540822776855,0.0384008773263445,0.8262450403959699,0.0969532049513409,-0.43682936266399297
2022-06-20,15350.150390625,15382.5,15191.099609375,15334.5,260000,0.956614621083458,0.4207365625686168,0.0,0.5358780585148412,0.37042135956451006
2022-06-21,15638.7998046875,15707.25,15419.849609375,15455.9501953125,262800,0.0689580163564211,0.5019454051318417,0.4290965785117371,-0.4329873887754205,1.8804337854487096
2022-06-22,15413.2998046875,15565.400390625,15385.9501953125,15545.650390625,220900,0.0570547211512543,0.9099301581597186,0.0330151206890271,-0.8528754370084642,-1.4419265085317434
2022-06-23,15556.650390625,15628.4501953125,15367.5,15451.5498046875,259200,0.2821870746932001,0.7172618758657564,0.0005510494410434,-0.4350748011725562,0.9300447519609234
2022-06-24,15699.25,15749.25,15619.4501953125,15657.400390625,219600,0.2617056837359059,0.5820701311242236,0.1562241851398704,-0.3203644473883176,0.9166472588529428
2022-06-27,15832.0498046875,15927.4501953125,15815.5,15926.2001953125,210900,0.2495461998495061,0.4568880717372668,0.293565728413227,-0.2073418718877607,0.8458990377725017
2022-06-28,15850.2001953125,15892.099609375,15710.150390625,15757.4501953125,251900,0.271949726128631,0.4751083649318354,0.2529419089395336,-0.2031586388032044,0.11464333961117568
2022-06-29,15799.099609375,15861.599609375,15687.7998046875,15701.7001953125,444900,0.7593982624179637,0.3860509356518358,0.0,0.3733473267661279,-0.32239710103227903
2022-06-30,15780.25,15890.0,15728.849609375,15774.5,306000,0.44973984245054,0.9667061400184606,0.0,-0.5169662975679206,-0.11930812414028269
2022-07-01,15752.0498046875,15793.9501953125,15511.0498046875,15703.7001953125,364100,0.7767105569551812,0.6971662542903504,0.0,0.0795443026648308,-0.17870563085186086
2022-07-04,15835.349609375,15852.349609375,15661.7998046875,15710.5,304300,0.0336136001832826,0.4805599408362681,0.4858264589804493,-0.4469463406529854,0.5288188249805481
2022-07-05,15810.849609375,16025.75,15785.4501953125,15909.150390625,254200,0.0626532034553545,0.0687539064224874,0.868592890122158,-0.0061007029671329,-0.15471713984448465
2022-07-06,15989.7998046875,16011.349609375,15800.900390625,15818.2001953125,288400,0.906437453344411,0.549717255163311,0.0,0.3567201981810999,1.1318189707300252
2022-07-07,16132.900390625,16150.5,16045.9501953125,16113.75,264600,0.1392453711175951,0.4171642789757021,0.4435903499067027,-0.2779189078581069,0.894949203151052
2022-07-08,16220.599609375,16275.5,16157.900390625,16273.650390625,281100,0.5324206822752171,0.8777494048626249,0.0,-0.3453287225874077,0.5436047866567373
2022-07-11,16216.0,16248.5498046875,16115.5,16136.150390625,255900,0.8998333456872725,0.5576886911854527,0.0,0.3421446545018197,-0.028356592763323363
2022-07-12,16058.2998046875,16158.75,16031.150390625,16126.2001953125,208600,0.0218233967754895,0.054610303213469,0.9235663000110416,-0.0327869064379795,-0.97249750439381
2022-07-13,15966.650390625,16140.0,15950.150390625,16128.2001953125,233300,0.6637896861755891,0.9718453013254846,0.0,-0.3080556151498955,-0.5707292501522909
2022-07-14,15938.650390625,16070.849609375,15858.2001953125,16018.849609375,228600,0.9633944342135504,0.5126152441031999,0.0,0.4507791901103505,-0.1753655232310969
2022-07-15,16049.2001953125,16066.9501953125,15927.2998046875,16010.7998046875,205800,0.5601681834618419,0.2908768542315825,0.1489549623065755,0.2692913292302594,0.6935957686387662
2022-07-18,16278.5,16287.9501953125,16142.2001953125,16151.400390625,227700,0.4187933190741614,0.3049031243850635,0.2763035565407751,0.1138901946890978,1.4287304158276504
2022-07-19,16340.5498046875,16359.5,16187.0498046875,16187.0498046875,222600,0.2601577909620511,0.1926763964867003,0.5471658125512485,0.0674813944753508,0.3811764271124396
2022-07-20,16520.849609375,16588.0,16490.94921875,16562.80078125,284400,0.7308209649807298,0.1290712469308814,0.1401077880883887,0.6017497180498483,1.103388850696918
2022-07-21,16605.25,16626.94921875,16483.900390625,16523.55078125,243600,0.9812970904972468,0.2978593983902112,0.0,0.6834376921070354,0.5108719746296009
2022-07-22,16719.44921875,16752.25,16610.900390625,16661.25,190900,0.2565300624442478,0.7800480870400435,0.0,-0.5235180245957957,0.6877295960614926
2022-07-25,16631.0,16706.05078125,16564.25,16662.55078125,211400,0.5653302545716099,0.1661849996097492,0.2684847458186409,0.3991452549618607,-0.5290199311757782
2022-07-26,16483.849609375,16636.099609375,16463.30078125,16632.900390625,208200,0.4639324866883362,0.3327294765103791,0.2033380368012847,0.1312030101779571,-0.884795806776506
2022-07-27,16641.80078125,16653.44921875,16438.75,16475.349609375,185200,0.9720053296315372,0.9399243728857088,0.0,0.0320809567458282,0.9582177441437301
2022-07-28,16929.599609375,16947.650390625,16746.25,16774.849609375,376300,0.6085272726964666,0.3430267125900244,0.048446014713509,0.2655005601064422,1.7293731123692924
2022-07-29,17158.25,17172.80078125,17018.150390625,17079.5,436100,0.3495063720868188,0.9881240759546354,0.0,-0.6386177038678166,1.3505953826479233
2022-08-01,17340.05078125,17356.25,17154.80078125,17243.19921875,381500,0.2253169299512351,0.8911400917935094,0.0,-0.6658231618422743,1.0595531668439406
2022-08-02,17345.44921875,17390.150390625,17215.849609375,17310.150390625,333600,0.250966661340298,0.4603553731348269,0.2886779655248751,-0.2093887117945289,0.0311327663805816
2022-08-03,17388.150390625,17407.5,17225.849609375,17349.25,285400,0.8506160578411378,0.7096713435045244,0.0,0.1409447143366133,0.24618083588656692
2022-08-04,17382.0,17490.69921875,17161.25,17463.099609375,325000,0.5612227882825249,0.9837115832091518,0.0,-0.4224887949266268,-0.03537116074355806
2022-08-05,17397.5,17474.400390625,17348.75,17423.650390625,355300,0.5233909113743664,0.050175350319974,0.4264337383056595,0.4732155610543924,0.08917270739845495
2022-08-08,17525.099609375,17548.80078125,17359.75,17401.5,257000,0.7228143032084837,0.281825003295472,0.0,0.4409892999130117,0.7334364671648164
2022-08-10,17534.75,17566.099609375,17442.80078125,17566.099609375,312700,0.7078350972297687,0.0393618798197294,0.2528030229505018,0.6684732174100392,0.05506610997998429
2022-08-11,17659.0,17719.30078125,17631.94921875,17711.650390625,311200,0.5435382173426461,0.0218467119862018,0.4346150706711521,0.5216915053564443,0.7085929368824795
2022-08-12,17698.150390625,17724.650390625,17597.849609375,17659.650390625,303900,0.0817253457467782,0.7744856031197909,0.1437890511334308,-0.6927602573730126,0.22170219505635025
2022-08-16,17825.25,17839.099609375,17764.05078125,17797.19921875,0,0.9456981470002824,0.4283518005688462,0.0,0.5173463464314361,0.7181519343531395
2022-08-17,17944.25,17965.94921875,17833.349609375,17868.150390625,262800,0.8499753714806619,0.0271066523362331,0.1229179761831049,0.8228687191444288,0.6675923198833145
2022-08-18,17956.5,17968.44921875,17852.05078125,17898.650390625,263900,0.6690223373291083,0.7835015025879088,0.0,-0.1144791652588005,0.06826699360520383
2022-08-19,17758.44921875,17992.19921875,17710.75,17966.55078125,295600,0.4622955610006072,0.0105132245416534,0.5271912144577393,0.4517823364589537,-1.1029475746944017
2022-08-22,17490.69921875,17690.05078125,17467.349609375,17682.900390625,287600,0.5454318694069055,0.4328399210571723,0.0217282095359222,0.1125919483497331,-1.50773300473388
2022-08-23,17577.5,17625.55078125,17345.19921875,17357.349609375,285600,0.0622731058818856,0.5355424730977982,0.4021844210203161,-0.4732693672159126,0.49626821755044404
2022-08-24,17604.94921875,17623.650390625,17499.25,17525.44921875,262000,0.5125026487703317,0.4769833926176537,0.0105139586120145,0.0355192561526779,0.1561611079505143
2022-08-25,17522.44921875,17726.5,17487.44921875,17679.0,230200,0.8064036172328395,0.3892086186234388,0.0,0.4171949986094007,-0.46861822192667546
2022-08-26,17558.900390625,17685.849609375,17519.349609375,17619.30078125,266600,0.459239877596958,0.8874245353703603,0.0,-0.4281846577734022,0.2080255529346653
2022-08-29,17312.900390625,17380.150390625,17166.19921875,17188.650390625,244900,0.2013637821359744,0.615069754014698,0.1835664638493276,-0.4137059718787236,-1.4009988924553851
2022-08-30,17759.30078125,17777.650390625,17401.5,17414.94921875,324700,0.2586208348880388,0.926907562145864,0.0,-0.6682867272578253,2.578426378902554
2022-09-01,17542.80078125,17695.599609375,17468.44921875,17485.69921875,308500,0.3302150648714975,0.5089590404220475,0.1608258947064549,-0.17874397555055,-1.2190795272107646
2022-09-02,17539.44921875,17643.849609375,17476.44921875,17598.400390625,256300,0.756751505688635,0.4528248052843268,0.0,0.3039267004043082,-0.01910505934481499
2022-09-05,17665.80078125,17683.150390625,17540.349609375,17546.44921875,230300,0.8778300781520408,0.1428143044728673,0.0,0.7350157736791735,0.7203850071011875
2022-09-06,17655.599609375,17764.650390625,17587.650390625,17695.69921875,251200,0.8795818549515292,0.579829576047725,0.0,0.2997522789038042,-0.05774531254664206
2022-09-07,17624.400390625,17650.75,17484.30078125,17519.400390625,354100,0.8705784250460069,0.2825502675186389,0.0,0.588028157527368,-0.17671004916441913
2022-09-08,17798.75,17807.650390625,17691.94921875,17748.150390625,279800,0.2387962113815392,0.2790082903477966,0.4821954982706641,-0.0402120789662573,0.9892512965589573
2022-09-09,17833.349609375,17925.94921875,17786.0,17923.349609375,270300,0.4512393441809881,0.4049685873761884,0.1437920684428234,0.0462707568047996,0.19439347917691308
2022-09-12,17936.349609375,17980.55078125,17889.150390625,17890.849609375,228200,0.0271674212255598,0.5785418182035315,0.3942907605709087,-0.5513743969779716,0.5775695663245095
2022-09-13,18070.05078125,18088.30078125,18015.44921875,18044.44921875,259900,0.065204591260492,0.0825721580352771,0.8522232507042308,-0.0173675667747851,0.7454201929980142
2022-09-14,18003.75,18091.55078125,17771.150390625,17771.150390625,365900,0.4639313768123327,0.1545208299905189,0.3815477931971482,0.3094105468218138,-0.3669097671756161
2022-09-15,17877.400390625,18096.150390625,17861.5,18046.349609375,289600,0.9092202058615602,0.4395629417728987,0.0,0.4696572640886615,-0.7017960667916379
2022-09-16,17530.849609375,17820.05078125,17497.25,17796.80078125,468500,0.5387017979527142,0.5104601313464413,0.0,0.0282416666062729,-1.9384853148544656
2022-09-19,17622.25,17667.19921875,17429.69921875,17540.650390625,258300,0.656780104724294,0.086967020255933,0.2562528750197729,0.569813084468361,0.521368859248672
2022-09-20,17816.25,17919.30078125,17744.400390625,17770.400390625,263100,0.8221031606002255,0.3032197838442505,0.0,0.518883376755975,1.1008809885230342
2022-09-21,17718.349609375,17838.69921875,17663.599609375,17766.349609375,245500,0.3804200075075623,0.966558439380544,0.0,-0.5861384318729818,-0.5495005437451739
2022-09-22,17629.80078125,17722.75,17532.44921875,17609.650390625,284100,0.7756118509253275,0.9447073816724816,0.0,-0.1690955307471542,-0.4997577656902563
2022-09-23,17327.349609375,17642.150390625,17291.650390625,17593.849609375,390800,0.9644766539008116,0.334878290136985,0.0,0.6295983637638266,-1.7155677232420508
2022-09-26,17016.30078125,17196.400390625,16978.30078125,17156.30078125,492000,0.2871379580845755,0.0061838226408966,0.7066782192745278,0.2809541354436788,-1.7951321762256445
2022-09-27,17007.400390625,17176.44921875,16942.349609375,17110.900390625,359900,0.7928544190338394,0.8106835703375919,0.0,-0.0178291513037525,-0.052305085220449854
2022-09-28,16858.599609375,17037.599609375,16820.400390625,16870.55078125,323900,0.5775933658811575,0.948369552788919,0.0,-0.3707761869077615,-0.874917846539458
2022-09-29,16818.099609375,17026.05078125,16788.599609375,16993.599609375,340000,0.6345824175503038,0.091325734333557,0.2740918481161392,0.5432566832167467,-0.24023347691036756
2022-09-30,17094.349609375,17187.099609375,16747.69921875,16798.05078125,376100,0.7979141596158941,0.161447686032921,0.0406381543511848,0.636466473582973,1.642575596626905
2022-10-03,16887.349609375,17114.650390625,16855.55078125,17102.099609375,278400,0.53302886724614,0.0141966344717237,0.4527744982821363,0.5188322327744163,-1.2109264448790458
2022-10-04,17274.30078125,17287.30078125,17117.30078125,17147.44921875,226000,0.157954822835348,0.2576319987635291,0.5844131784011228,-0.0996771759281811,2.291367093271912
2022-10-06,17331.80078125,17428.80078125,17315.650390625,17379.25,265500,0.7932613504382544,0.6929089110247677,0.0,0.1003524394134867,0.33286441360573793
2022-10-07,17314.650390625,17337.349609375,17216.94921875,17287.19921875,216300,0.3167616770675266,0.7331603781367996,0.0,-0.4163987010692729,-0.09895331040011834
2022-10-10,17241.0,17280.150390625,17064.69921875,17094.349609375,234000,0.2769044873778089,0.5382201018684752,0.1848754107537158,-0.2613156144906663,-0.425364584114718
2022-10-11,16983.55078125,17261.80078125,16950.30078125,17256.05078125,282600,0.983521472715222,0.533323547859605,0.0,0.450197924855617,-1.49323831999304
2022-10-12,17123.599609375,17142.349609375,16960.05078125,17025.55078125,256000,0.1407115280487584,0.4056452594472375,0.4536432125040041,-0.2649337313984791,0.8246145339619648
2022-10-13,17014.349609375,17112.349609375,16956.94921875,17087.349609375,266400,0.2020156684024899,0.1691618938424202,0.6288224377550898,0.0328537745600697,-0.6380083772817624
2022-10-14,17185.69921875,17348.55078125,17169.75,17322.30078125,227000,0.1842248392380261,0.9774565631838426,0.0,-0.7932317239458164,1.0070888003887335
2022-10-17,17311.80078125,17328.55078125,17098.55078125,17144.80078125,212200,0.1521042832222728,0.6032454226840298,0.2446502940936973,-0.4511411394617569,0.7337586960815656
2022-10-18,17486.94921875,17527.80078125,17434.05078125,17438.75,239500,0.440323418368349,0.2272610535596623,0.3324155280719887,0.2130623648086866,1.0117285874136073
2022-10-19,17512.25,17607.599609375,17472.849609375,17568.150390625,210500,0.615298025069802,0.5437870703917469,0.0,0.0715109546780551,0.14468379208691928
2022-10-20,17563.94921875,17584.150390625,17421.0,17423.099609375,249600,0.0834640849893832,0.6949701331214758,0.2215657818891409,-0.6115060481320925,0.2952174549244013
2022-10-21,17576.30078125,17670.150390625,17520.75,17622.849609375,277700,0.8824163684073387,0.5151670283865888,0.0,0.3672493400207499,0.07032337856462956
2022-10-24,17730.75,17777.55078125,17707.400390625,17736.349609375,45000,0.9671266152591704,0.370973712592169,0.0,0.5961529026670014,0.8787356376761757
2022-10-25,17656.349609375,17811.5,17637.0,17808.30078125,251400,0.4177609792750997,0.7721520276158381,0.0,-0.3543910483407384,-0.41961220267050514
2022-10-27,17736.94921875,17783.900390625,17654.5,17771.400390625,324600,0.6679199988036271,0.3845158137062665,0.0,0.2834041850973605,0.45649078749665506
2022-10-28,17786.80078125,17838.900390625,17723.69921875,17756.400390625,250000,0.6346712732539415,0.3469589503775858,0.0183697763684727,0.2877123228763556,0.2810605244745412
2022-10-31,18012.19921875,18022.80078125,17899.900390625,17910.19921875,227200,0.4274896879206151,0.4841730321634074,0.0883372799159774,-0.0566833442427923,1.26722303955642
2022-11-01,18145.400390625,18175.80078125,18060.150390625,18130.69921875,349900,0.1622334057824793,0.7940144502659627,0.0437521439515579,-0.6317810444834834,0.7395053222392978
2022-11-02,18082.849609375,18178.75,18048.650390625,18177.900390625,270900,0.012607519975759,0.5764889031398659,0.410903576884375,-0.5638813831641069,-0.3447197631545107
2022-11-03,18052.69921875,18106.30078125,17959.19921875,17968.349609375,213000,0.5597556836383826,0.3420694346575553,0.098174881704062,0.2176862489808272,-0.16673473084335422
2022-11-04,18117.150390625,18135.099609375,18017.150390625,18053.400390625,267900,0.5273996221226763,0.8099787436834724,0.0,-0.2825791215607961,0.3570168155688336
2022-11-07,18202.80078125,18255.5,18064.75,18211.75,314800,0.0794065846430295,0.5045029240548358,0.4160904913021347,-0.4250963394118062,0.4727586225111935
2022-11-09,18157.0,18296.400390625,18117.5,18288.25,307200,0.1874119440975822,0.0090870349512163,0.8035010209512015,0.1783249091463659,-0.2516139235956394
2022-11-10,18028.19921875,18103.099609375,17969.400390625,18044.349609375,256500,0.858177053157164,0.6482975272988015,0.0,0.2098795258583624,-0.7093725904609771
2022-11-11,18349.69921875,18362.30078125,18259.349609375,18272.349609375,378500,0.8190635138616561,0.511093821472398,0.0,0.3079696923892581,1.7833173247033374
2022-11-14,18329.150390625,18399.44921875,18311.400390625,18376.400390625,301400,0.3143501131837484,0.5711991839629137,0.1144507028533379,-0.2568490707791653,-0.11198455015547504
2022-11-15,18403.400390625,18427.94921875,18282.0,18362.75,250900,0.4711678989328146,0.8634315777893845,0.0,-0.3922636788565699,0.40509242609507723
2022-11-16,18409.650390625,18442.150390625,18344.150390625,18398.25,219300,0.8216368977104717,0.1394502362051601,0.0389128660843681,0.6821866615053115,0.03396111515991951
2022-11-17,18343.900390625,18417.599609375,18312.94921875,18358.69921875,200500,0.4592651971732139,0.5692064631294277,0.0,-0.1099412659562137,-0.357149639481924
2022-11-18,18307.650390625,18394.599609375,18209.80078125,18382.94921875,198800,0.3577982653254418,0.8679796267309029,0.0,-0.5101813614054611,-0.19761337135545398
2022-11-21,18159.94921875,18262.30078125,18133.349609375,18246.400390625,213800,0.3352080473708727,0.3720435678122074,0.2927483848169199,-0.0368355204413346,-0.8067729540576885
2022-11-22,18244.19921875,18261.849609375,18137.69921875,18179.150390625,177700,0.1737615931357438,0.0924495170370666,0.7337888898271896,0.0813120760986771,0.463933015368867
2022-11-23,18267.25,18325.400390625,18246.0,18325.19921875,178800,0.7120140203307808,0.4579002951270714,0.0,0.2541137252037093,0.12634580983039712
2022-11-24,18484.099609375,18529.69921875,18294.25,18326.099609375,204000,0.8259782127080818,0.3944793908388575,0.0,0.4314988218692243,1.1870949889830174
2022-11-25,18512.75,18534.900390625,18445.099609375,18528.44921875,205900,0.1006374785235333,0.8670601823789473,0.0323023390975193,-0.766422703855414,0.15500019600884762
2022-11-28,18562.75,18614.25,18365.599609375,18430.55078125,206500,0.3479414115821666,0.958138119804496,0.0,-0.6101967082223295,0.27008413120686026
2022-11-29,18618.05078125,18678.099609375,18552.150390625,18552.44921875,195300,0.4503509789054126,0.2476316430714387,0.3020173780231486,0.2027193358339739,0.297912654375021
2022-11-30,18758.349609375,18816.05078125,18616.55078125,18625.69921875,345600,0.7488263369633065,0.3480519554773205,0.0,0.400774381485986,0.7535634625419174
2022-12-01,18812.5,18887.599609375,18778.19921875,18871.94921875,325000,0.6511475848816741,0.895555740873885,0.0,-0.2444081559922108,0.2886735334004964
2022-12-02,18696.099609375,18781.94921875,18639.19921875,18752.400390625,254400,0.6209285674784312,0.9666222208961076,0.0,-0.3456936534176763,-0.6187396179402005
2022-12-05,18701.05078125,18728.599609375,18591.349609375,18719.55078125,288400,0.4712871673981645,0.526094013251542,0.0026188193502934,-0.0548068458533774,0.026482378562620035
2022-12-06,18642.75,18654.900390625,18577.900390625,18600.650390625,217800,0.9791049380151544,0.6877692063657348,0.0,0.2913357316494197,-0.3117513659096294
2022-12-07,18560.5,18668.30078125,18528.400390625,18638.849609375,200500,0.6341421382957368,0.2734745153749798,0.0923833463292833,0.360667622920757,-0.4411902750398933
2022-12-08,18609.349609375,18625.0,18536.94921875,18570.849609375,202800,0.1262647415645027,0.7364731746190728,0.1372620838164244,-0.6102084330545701,0.2631912360927746
2022-12-09,18496.599609375,18664.69921875,18410.099609375,18662.400390625,215800,0.676177562075434,0.051657357114641,0.2721650808099249,0.624520204960793,-0.6058782405979346
2022-12-12,18497.150390625,18521.55078125,18345.69921875,18402.150390625,193900,0.0696411481624057,0.3534731920607206,0.5768856597768737,-0.2838320438983148,0.002977743269738653
2022-12-13,18608.0,18617.25,18490.19921875,18524.400390625,187600,0.1748814371759594,0.3156332153671523,0.5094853474568883,-0.1407517781911929,0.599279386467999
2022-12-14,18660.30078125,18696.099609375,18632.900390625,18671.25,208000,0.8557372589057863,0.49101976266891,0.0,0.3647174962368763,0.2810661073194387
2022-12-15,18414.900390625,18652.900390625,18387.69921875,18614.400390625,183100,0.2271795570235149,0.3207335823115712,0.4520868606649139,-0.0935540252880563,-1.3150934355333654
2022-12-16,18269.0,18440.94921875,18255.150390625,18319.099609375,277700,0.83704112524294,0.1922579184680919,0.0,0.6447832067748481,-0.792295301794177
2022-12-19,18420.44921875,18431.650390625,18244.55078125,18288.099609375,154800,0.694150573509831,0.4111134169948486,0.0,0.2830371565149824,0.8289956688926514
2022-12-20,18385.30078125,18404.900390625,18202.650390625,18340.30078125,169000,0.5126547531450529,0.4447127768583357,0.0426324699966113,0.0679419762867171,-0.19081205394395617
2022-12-21,18199.099609375,18473.349609375,18162.75,18435.150390625,187600,0.3053106766967313,0.57654498995114,0.1181443333521287,-0.2712343132544087,-1.012771964355863
2022-12-22,18127.349609375,18318.75,18068.599609375,18288.80078125,195700,0.2126443763710961,0.9833407684142266,0.0,-0.7706963920431305,-0.39425027358517273
2022-12-23,17806.80078125,18050.44921875,17779.5,17977.650390625,221500,0.0331893545624262,0.241601276435763,0.7252093690018108,-0.2084119218733368,-1.768316025411787
2022-12-26,18014.599609375,18084.099609375,17774.25,17830.400390625,176700,0.9383048184484828,0.6073244167930659,0.0,0.3309804016554167,1.1669632893506865
2022-12-27,18132.30078125,18149.25,17967.44921875,18089.80078125,214300,0.871204482263052,0.088578339636644,0.0402171781003038,0.782626142626408,0.6533654614990558
2022-12-28,18122.5,18173.099609375,18068.349609375,18084.75,193900,0.7660647765353026,0.6768722758275765,0.0,0.0891925007077261,-0.05405150382313817
2022-12-29,18191.0,18229.69921875,17992.80078125,18045.69921875,281100,0.7884473432532987,0.0640947110361754,0.1474579457105258,0.7243526322171232,0.377983170092433
2022-12-30,18105.30078125,18265.25,18080.30078125,18259.099609375,192000,0.6649849034759953,0.5961426495498969,0.0,0.0688422539260983,-0.471107793689185
2023-01-02,18197.44921875,18215.150390625,18086.5,18131.69921875,256100,0.670732311905834,0.841622007542774,0.0,-0.17088969563694,0.5089583355357918
2023-01-03,18232.55078125,18251.94921875,18149.80078125,18163.19921875,208700,0.56044063098044,0.0303538055330042,0.4092055634865558,0.5300868254474357,0.192892762485819
2023-01-04,18042.94921875,18243.0,18020.599609375,18230.650390625,235200,0.110989469213481,0.8438128636583061,0.0451976671282128,-0.732823394444825,-1.0399069487028845
2023-01-05,17992.150390625,18120.30078125,17892.599609375,18101.94921875,269900,0.4470555438064254,0.4603290506427651,0.0926154055508095,-0.0132735068363396,-0.28154392892826285
2023-01-06,17859.44921875,18047.400390625,17795.55078125,18008.05078125,238200,0.4603582712019263,0.2175879399316445,0.3220537888664292,0.2427703312702818,-0.7375503705446151
2023-01-09,18101.19921875,18141.400390625,17936.150390625,17952.55078125,257200,0.3804005489704096,0.0726655875811567,0.5469338634484336,0.3077349613892529,1.3536251708490266
2023-01-10,17914.150390625,18127.599609375,17856.0,18121.30078125,283300,0.9768003285106592,0.1990934199359256,0.0,0.7777069085747337,-1.033350475095851
2023-01-11,17895.69921875,17976.349609375,17824.349609375,17924.25,259900,0.1107205933263156,0.3478223474330459,0.5414570592406384,-0.2371017541067303,-0.10299775022909463
2023-01-12,17858.19921875,17945.80078125,17761.650390625,17920.849609375,227800,0.4225484283119446,0.6202348489611205,0.0,-0.1976864206491758,-0.209547554088918
2023-01-13,17956.599609375,17999.349609375,17774.25,17867.5,256700,0.0420246751714052,0.5448010852760984,0.4131742395524963,-0.5027764101046931,0.5510095918388247
2023-01-16,17894.849609375,18049.650390625,17853.650390625,18033.150390625,206200,0.2800373295504894,0.238751771086024,0.4812108993634865,0.0412855584644653,-0.3438847072569362
2023-01-17,18053.30078125,18072.05078125,17886.94921875,17922.80078125,219100,0.8583416767991209,0.2135428544903413,0.0,0.6447988223087795,0.8854568511824201
2023-01-18,18165.349609375,18183.75,18032.44921875,18074.30078125,255800,0.2922182304618977,0.411144336479987,0.2966374330581152,-0.1189261060180892,0.6206556323560042
2023-01-19,18107.849609375,18155.19921875,18063.75,18119.80078125,237800,0.9107701616439152,0.7040314525916569,0.0,0.2067387090522583,-0.3165367099256078
2023-01-20,18027.650390625,18145.44921875,18016.19921875,18115.599609375,237200,0.7539619035967839,0.2174529322172359,0.0285851641859801,0.536508971379548,-0.44289753051891534
2023-01-23,18118.55078125,18162.599609375,18063.44921875,18118.44921875,202500,0.962810357074026,0.9764565294354102,0.0,-0.0136461723613842,0.5042276095628795
2023-01-24,18118.30078125,18201.25,18078.650390625,18183.94921875,216900,0.7266709920703233,0.9546663568790688,0.0,-0.2279953648087456,-0.0013798013043020418
2023-01-25,17891.94921875,18100.599609375,17846.150390625,18093.349609375,257200,0.3047510953861333,0.8001375827520759,0.0,-0.4953864873659426,-1.249297962501228
2023-01-27,17604.349609375,17884.75,17493.55078125,17877.19921875,476300,0.2815211984149299,0.0680373140916696,0.6504414874934004,0.2134838843232602,-1.6074246906178757
2023-01-30,17648.94921875,17709.150390625,17405.55078125,17541.94921875,432400,0.7036859774607958,0.5059258001463939,0.0,0.1977601773144018,0.25334426073457816
2023-01-31,17662.150390625,17735.69921875,17537.55078125,17731.44921875,398300,0.5406984766449103,0.7777279100677931,0.0,-0.2370294334228827,0.07479862801675896
2023-02-01,17616.30078125,17972.19921875,17353.400390625,17811.599609375,512900,0.0965344701954408,0.858322938878858,0.0451425909257011,-0.7617884686834172,-0.25959245256645946
2023-02-02,17610.400390625,17653.900390625,17445.94921875,17517.099609375,490100,0.2418938282588389,0.8448640854105085,0.0,-0.6029702571516695,-0.03349392530399564
2023-02-03,17854.05078125,17870.30078125,17584.19921875,17721.75,424100,0.0124040362773147,0.3596755612230677,0.6279204024996174,-0.347271524945753,1.3835596307890219
2023-02-06,17764.599609375,17823.69921875,17698.349609375,17818.55078125,282500,0.5983574842977588,0.0609055432351827,0.3407369724670585,0.5374519410625761,-0.5010133160870178
2023-02-07,17721.5,17811.150390625,17652.55078125,17790.099609375,354400,0.2972378077086172,0.7015652656029423,0.0011969266884405,-0.4043274578943251,-0.24261514654264627
2023-02-08,17871.69921875,17898.69921875,17744.150390625,17750.30078125,291000,0.2999191115069847,0.0098275525697878,0.6902533359232275,0.2900915589371968,0.8475536424681795
2023-02-09,17893.44921875,17916.900390625,17779.80078125,17885.5,260900,0.7431931987316034,0.4091825874584885,0.0,0.3340106112731148,0.12170079483646568
2023-02-10,17856.5,17876.94921875,17801.0,17847.55078125,232000,0.0481428359783534,0.3293792693020757,0.6224778947195708,-0.2812364333237223,-0.20649578680046465
2023-02-13,17770.900390625,17880.69921875,17719.75,17859.099609375,231300,0.6678046832264065,0.3040946359712838,0.0281006808023096,0.3637100472551227,-0.479375070002519
2023-02-14,17929.849609375,17954.55078125,17800.05078125,17840.349609375,244500,0.5932215701073843,0.8116270144448535,0.0,-0.2184054443374692,0.89443537049958
2023-02-15,18015.849609375,18034.099609375,17853.80078125,17896.599609375,229300,0.8923024981396522,0.2939167605049337,0.0,0.5983857376347185,0.4796470794436125
2023-02-16,18035.849609375,18134.75,18000.650390625,18094.75,230200,0.1853301795287144,0.4463263599865612,0.3683434604847243,-0.2609961804578468,0.11101336008929596
2023-02-17,17944.19921875,18034.25,17884.599609375,17974.849609375,208100,0.0789691621908286,0.7270185270141339,0.1940123107950374,-0.6480493648233053,-0.5081567689351307
2023-02-20,17844.599609375,18004.349609375,17818.400390625,17965.55078125,174600,0.0346702667264833,0.2251610242159318,0.7401687090575848,-0.1904907574894485,-0.5550518480140765
2023-02-21,17826.69921875,17924.900390625,17800.30078125,17905.80078125,198200,0.5828068350834896,0.6623179135395824,0.0,-0.0795110784560927,-0.10031264929920569
2023-02-22,17554.30078125,17772.5,17529.44921875,17755.349609375,204000,0.99543751619131,0.6096819082757774,0.0,0.3857556079155325,-1.5280363131582653
2023-02-23,17511.25,17620.05078125,17455.400390625,17574.650390625,240800,0.8556960938375394,0.91509845449003,0.0,-0.0594023606524904,-0.2452434977984641
2023-02-24,17465.80078125,17599.75,17421.80078125,17591.349609375,209400,0.5214456890435895,0.156362141644875,0.3221921693115355,0.3650835473987144,-0.2595429723749043
2023-02-27,17392.69921875,17451.599609375,17299.0,17428.599609375,246400,0.5989785081772105,0.2746658697879054,0.126355622034884,0.3243126383893051,-0.41854114458053093
2023-02-28,17303.94921875,17440.44921875,17255.19921875,17383.25,420900,0.1149329970595668,0.4744349141471741,0.4106320887932591,-0.3595019170876072,-0.5102715736285734
2023-03-01,17450.900390625,17467.75,17345.25,17360.099609375,272900,0.0938572848233562,0.3337765970697978,0.572366118106846,-0.2399193122464415,0.8492348770636093
2023-03-02,17321.900390625,17445.80078125,17306.0,17421.5,310700,0.9096268194365924,0.5793134027884609,0.0,0.3303134166481315,-0.7392168719804415
2023-03-03,17594.349609375,17644.75,17427.69921875,17451.25,356200,0.6692002629380784,0.8890006108146659,0.0,-0.2198003478765874,1.5728598629827895
2023-03-06,17711.44921875,17799.94921875,17671.94921875,17680.349609375,362800,0.5717723520483222,0.5187478471147094,0.0,0.0530245049336127,0.6655523618366965
2023-03-08,17754.400390625,17766.5,17602.25,17665.75,267000,0.4304274103209902,0.2328585568760942,0.3367140328029155,0.1975688534448959,0.24250512391459367
2023-03-09,17589.599609375,17772.349609375,17573.599609375,17772.05078125,262400,0.3169465877911193,0.4920017294320827,0.1910516827767979,-0.1750551416409634,-0.9282249899975281
2023-03-10,17412.900390625,17451.5,17324.349609375,17443.80078125,235900,0.4345959608587117,0.3102352837447047,0.2551687553965834,0.124360677114007,-1.0045664635585094
2023-03-13,17154.30078125,17529.900390625,17113.44921875,17421.900390625,254900,0.8925232899548461,0.3228097934478503,0.0,0.5697134965069958,-1.4851035931626178
2023-03-14,17043.30078125,17224.650390625,16987.099609375,17160.55078125,290600,0.4433800143791877,0.2581076431734147,0.2985123424473975,0.185272371205773,-0.6470680525861194
2023-03-15,16972.150390625,17211.349609375,16938.900390625,17166.44921875,248200,0.607089578718754,0.4639854174403808,0.0,0.1431041612783732,-0.41746837386849034
2023-03-16,16985.599609375,17062.44921875,16850.150390625,16994.650390625,349800,0.6313075530919887,0.1332842580821731,0.2354081888258381,0.4980232950098155,0.07924286811309411
2023-03-17,17100.05078125,17145.80078125,16958.150390625,17111.80078125,408100,0.5916971623063255,0.9277457330754072,0.0,-0.3360485707690818,0.6738129621978839
2023-03-20,16988.400390625,17066.599609375,16828.349609375,17066.599609375,241800,0.5123637775457907,0.1062138275884562,0.3814223948657531,0.4061499499573344,-0.6529243219992265
2023-03-21,17107.5,17127.69921875,17016.0,17060.400390625,246700,0.1042248028083476,0.775877254469693,0.1198979427219593,-0.6716524516613454,0.7010642946744028
2023-03-22,17151.900390625,17207.25,17107.849609375,17177.44921875,0,0.3845113276448125,0.807957328109019,0.0,-0.4234460004642064,0.25953757489405316
2023-03-23,17076.900390625,17205.400390625,17045.30078125,17097.400390625,219200,0.4876670686212644,0.7677646177143377,0.0,-0.2800975490930733,-0.43726933046436267
2023-03-24,16945.05078125,17109.44921875,16917.349609375,17076.19921875,228000,0.6522242595454725,0.1139658871192411,0.2338098533352863,0.5382583724262313,-0.7720933328590696
2023-03-27,16985.69921875,17091.0,16918.55078125,16984.30078125,218400,0.7435939161765598,0.5773534012196677,0.0,0.166240514956892,0.23988383407489433
2023-03-28,16951.69921875,17061.75,16913.75,17031.75,238800,0.5062660594952028,0.646407375228089,0.0,-0.1401413157328862,-0.20016838613549082
2023-03-29,17080.69921875,17126.150390625,16940.599609375,16977.30078125,345900,0.6341040313763313,0.4583634794263062,0.0,0.1757405519500251,0.7609856589321451
2023-03-31,17359.75,17381.599609375,17204.650390625,17210.349609375,263900,0.254391580841847,0.0343768583517252,0.7112315608064278,0.2200147224901217,1.6337198944623932
2023-04-03,17398.05078125,17428.05078125,17312.75,17427.94921875,230200,0.0456487455023837,0.4350145943402234,0.5193366601573929,-0.3893658488378396,0.2206297973761151
2023-04-05,17557.05078125,17570.55078125,17402.69921875,17422.30078125,248300,0.2768143077913058,0.5454279502117131,0.1777577419969811,-0.2686136424204073,0.9138954817361267
2023-04-06,17599.150390625,17638.69921875,17502.849609375,17533.849609375,242700,0.9715326909010508,0.133416335523207,0.0,0.8381163553778436,0.23978747854371818
2023-04-10,17624.05078125,17694.099609375,17597.94921875,17634.900390625,254800,0.6107800710757683,0.1043130873518821,0.2849068415723496,0.5064669837238861,0.14148632219350699
2023-04-11,17722.30078125,17748.75,17655.150390625,17704.80078125,304300,0.2806832155159743,0.1455154827873591,0.5738013016966665,0.1351677327286151,0.5574768321964241
2023-04-12,17812.400390625,17825.75,17717.25,17759.55078125,232800,0.2069925784384267,0.8771275618985017,0.0,-0.6701349834600749,0.5083967961446945
2023-04-13,17828.0,17842.150390625,17729.650390625,17807.30078125,285800,0.5165726284459791,0.5281892617563562,0.0,-0.0116166333103771,0.08757724412713497
2023-04-17,17706.849609375,17863.0,17574.05078125,17863.0,357400,0.0367213625008211,0.8679995918950899,0.0952790456040889,-0.8312782293942688,-0.6795512150830185
2023-04-18,17660.150390625,17766.599609375,17610.19921875,17766.599609375,258900,0.1080257541306913,0.828185869323453,0.0637883765458556,-0.7201601151927616,-0.26373533282438855
2023-04-19,17618.75,17666.150390625,17579.849609375,17653.349609375,281500,0.3388606493387516,0.6260547089808013,0.0350846416804471,-0.2871940596420497,-0.2344283016240789
2023-04-20,17624.44921875,17684.44921875,17584.349609375,17638.599609375,215100,0.8025856795798129,0.0752787166516736,0.1221356037685135,0.7273069629281392,0.03234746363958152
2023-04-21,17624.05078125,17663.19921875,17553.94921875,17639.75,230200,0.5720486433693008,0.1123970271760129,0.3155543294546862,0.4596516161932878,-0.002260708945023282
2023-04-24,17743.400390625,17754.5,17612.5,17707.55078125,255700,0.9317537194328164,0.1356614671603777,0.0,0.7960922522724386,0.6771973756565242
2023-04-25,17769.25,17807.44921875,17716.849609375,17761.55078125,297400,0.3970150412371916,0.2600480402524339,0.3429369185103744,0.1369670009847577,0.14568576938982503
2023-04-26,17813.599609375,17827.75,17711.19921875,17767.30078125,233000,0.0870927667957714,0.3850580557189617,0.5278491774852668,-0.2979652889231902,0.24958627615121465
2023-04-27,17915.05078125,17931.599609375,17797.900390625,17813.099609375,241400,0.6170665161178013,0.9429827840711356,0.0,-0.3259162679533344,0.5695152810193838
2023-04-28,18065.0,18089.150390625,17885.30078125,17950.400390625,290300,0.1138383934766014,0.6103760597816921,0.2757855467417065,-0.4965376663050906,0.8370013603697934
2023-05-02,18147.650390625,18180.25,18101.75,18124.80078125,265200,0.4935465803401186,0.7359204063739488,0.0,-0.2423738260338301,0.4575166931912511
2023-05-03,18089.849609375,18116.349609375,18042.400390625,18113.80078125,226200,0.7022587660316643,0.2750988815591244,0.0226423524092113,0.4271598844725398,-0.318502836487633
2023-05-04,18255.80078125,18267.44921875,18066.69921875,18081.0,226600,0.9928168389990704,0.6391078469947064,0.0,0.353708992004364,0.9173717607303677
2023-05-05,18069.0,18216.94921875,18055.44921875,18117.30078125,239700,0.1314891198979816,0.3409619736429885,0.5275489064590299,-0.2094728537450069,-1.0232406865540389
2023-05-08,18264.400390625,18286.94921875,18100.30078125,18120.599609375,228400,0.4218281785388313,0.2791304707742696,0.2990413506868989,0.1426977077645617,1.0814123118324304
2023-05-09,18265.94921875,18344.19921875,18229.650390625,18303.400390625,245400,0.4110210752655457,0.9306722555623984,0.0,-0.5196511802968525,0.00848003817193188
2023-05-10,18315.099609375,18326.75,18211.94921875,18313.599609375,220500,0.9076110025565548,0.0246444046363226,0.0677445928071224,0.8829665979202322,0.26908205008338015
2023-05-11,18297.0,18389.69921875,18270.400390625,18357.80078125,248900,0.7140326444668564,0.6966889878731969,0.0,0.0173436565936595,-0.09882342854272697
2023-05-12,18314.80078125,18342.75,18194.55078125,18273.75,241700,0.6079052140907037,0.7253263907358781,0.0,-0.1174211766451743,0.09728797753729701
2023-05-15,18398.849609375,18458.900390625,18287.900390625,18339.30078125,216100,0.9550605114849888,0.9756019191566524,0.0,-0.0205414076716634,0.45891205221868514
2023-05-16,18286.5,18432.349609375,18264.349609375,18432.349609375,219500,0.8211982825502265,0.0652767575664639,0.1135249598833095,0.7559215249837626,-0.6106338807060685
2023-05-17,18181.75,18309.0,18115.349609375,18300.44921875,229900,0.0015651051914729,0.8218393227529025,0.1765955720556246,-0.8202742175614296,-0.5728269488420423
2023-05-18,18129.94921875,18297.19921875,18104.849609375,18287.5,272100,0.636401370183407,0.6463099336573813,0.0,-0.0099085634739742,-0.2849053652701161
2023-05-19,18203.400390625,18218.099609375,18060.400390625,18186.150390625,260900,0.0511353814421007,0.6473421343730912,0.3015224841848081,-0.5962067529309905,0.40513721791914925
2023-05-22,18314.400390625,18335.25,18178.849609375,18201.099609375,262600,0.6037954529493877,0.9824825806012478,0.0,-0.3786871276518601,0.6097761825706316
2023-05-23,18348.0,18419.75,18324.19921875,18362.900390625,270400,0.6865899134926068,0.911818569539447,0.0,-0.2252286560468401,0.1834600568861644
2023-05-24,18285.400390625,18392.599609375,18262.94921875,18294.80078125,232600,0.1144876380659051,0.4391306608048505,0.4463817011292443,-0.3246430227389454,-0.34117947119577385
2023-05-25,18321.150390625,18338.099609375,18202.400390625,18268.900390625,235900,0.3838388830449795,0.0399479732860943,0.5762131436689262,0.3438909097588851,0.19551116867164708
2023-05-26,18499.349609375,18508.55078125,18333.150390625,18368.349609375,198700,0.456236508955542,0.3622934900002048,0.1814700010442531,0.0939430189553371,0.9726420827874671
2023-05-29,18598.650390625,18641.19921875,18581.25,18619.150390625,265300,0.4189477901874754,0.4593436555939564,0.1217085542185681,-0.0403958654064809,0.5367798508963517
2023-05-30,18633.849609375,18662.44921875,18575.5,18606.650390625,234400,0.7511780478084181,0.055101535158831,0.1937204170327507,0.696076512649587,0.18925684396833287
2023-05-31,18534.400390625,18603.900390625,18483.849609375,18594.19921875,696500,0.0710076645332554,0.4268947278233026,0.5020976076434419,-0.3558870632900471,-0.533701950132548
2023-06-01,18487.75,18580.30078125,18464.55078125,18579.400390625,265600,0.0801800140819034,0.4690249397178835,0.450795046200213,-0.38884492563598,-0.25169624936233204
2023-06-02,18534.099609375,18573.69921875,18478.400390625,18550.849609375,270900,0.3547712918359842,0.928555532894136,0.0,-0.5737842410581517,0.2507044360454902
2023-06-05,18593.849609375,18640.150390625,18582.80078125,18612.0,256100,0.6786699566725648,0.5253182644507214,0.0,0.1533516922218434,0.3223787573137793
2023-06-06,18599.0,18622.75,18531.599609375,18600.80078125,220800,0.3619199908378649,0.06605530782216,0.572024701339975,0.2958646830157049,0.027699431442118616
2023-06-07,18726.400390625,18738.94921875,18636.0,18665.599609375,260100,0.5936607912085384,0.9725682356497368,0.0,-0.3789074444411984,0.6849851638528914
2023-06-08,18634.55078125,18777.900390625,18615.599609375,18725.349609375,286500,0.0101311840277433,0.360059901930726,0.6298089140415306,-0.3499287179029826,-0.49048192636628185
2023-06-09,18563.400390625,18676.650390625,18555.400390625,18655.900390625,221800,0.6360960464095422,0.4778673549131358,0.0,0.1582286914964064,-0.381819725413457
2023-06-12,18601.5,18633.599609375,18559.75,18595.05078125,179500,0.873698593466345,0.662232158329593,0.0,0.211466435136752,0.20524046550352004
2023-06-13,18716.150390625,18728.900390625,18631.80078125,18631.80078125,233200,0.7239730554660938,0.7153223105291356,0.0,0.0086507449369581,0.6163502439319402
2023-06-14,18755.900390625,18769.69921875,18690.0,18744.599609375,261400,0.1205584164036902,0.2681432296119208,0.6112983539843889,-0.1475848132082305,0.21238341844009856
2023-06-15,18688.099609375,18794.099609375,18669.05078125,18774.44921875,263000,0.9024533072858416,0.315668481164066,0.0,0.5867848261217757,-0.36149041015322014
2023-06-16,18826.0,18864.69921875,18710.5,18723.30078125,272800,0.0664438443557748,0.1252512310962079,0.8083049245480172,-0.058807386740433,0.7379048352023077
2023-06-19,18755.44921875,18881.44921875,18719.150390625,18873.30078125,219800,0.011706610730904,0.5976823355234591,0.3906110537456368,-0.585975724792555,-0.37475183921172883
2023-06-20,18816.69921875,18839.69921875,18660.650390625,18752.349609375,211600,0.422034260127639,0.8696958848516338,0.0,-0.4476616247239948,0.3265717567498605
2023-06-21,18856.849609375,18875.900390625,18794.849609375,18849.400390625,217500,0.2950407076541562,0.8908321482896335,0.0,-0.5957914406354773,0.21337637466720683
2023-06-22,18771.25,18886.599609375,18759.5,18853.599609375,252700,0.486000493797603,0.4490377603699617,0.0649617458324353,0.0369627334276413,-0.4539443817404343
2023-06-23,18665.5,18756.400390625,18647.099609375,18741.849609375,210600,0.5771998867345508,0.4593036882130737,0.0,0.117896198521477,-0.5633615236065759
2023-06-26,18691.19921875,18722.05078125,18646.69921875,18682.349609375,171300,0.5586423964504253,0.8212594203728455,0.0,-0.2626170239224201,0.13768299134766515
2023-06-27,18817.400390625,18829.25,18714.25,18748.55078125,222500,0.3431673531726582,0.244655054604713,0.4121775922226287,0.0985122985679451,0.675190341711196
2023-06-28,18972.099609375,19011.25,18861.349609375,18908.150390625,398800,0.729173487549448,0.4213008816333646,0.0,0.3078726059160833,0.822107281232487
2023-06-30,19189.05078125,19201.69921875,19024.599609375,19076.849609375,247900,0.8456043629899068,0.877120467662288,0.0,-0.0315161046723811,1.143527476356887
2023-07-03,19322.55078125,19345.099609375,19234.400390625,19246.5,226100,0.6729666223944324,0.192493150635827,0.1345402269697405,0.4804734717586053,0.695709243369369
2023-07-04,19389.0,19434.150390625,19300.0,19406.599609375,226900,0.2753811742554185,0.1018787641395565,0.6227400616050249,0.1735024101158619,0.3438946519135566
2023-07-05,19398.5,19421.599609375,19339.599609375,19405.94921875,224400,0.3063134987782127,0.9111205013919575,0.0,-0.6048070026137449,0.04899685388621844
2023-07-06,19497.30078125,19512.19921875,19373.0,19385.69921875,268300,0.7889851599207933,0.8205075042321092,0.0,-0.0315223443113158,0.509321758125636
2023-07-07,19331.80078125,19523.599609375,19303.599609375,19422.80078125,237100,0.4464195164015822,0.7600349018031739,0.0,-0.3136153854015917,-0.848835445771845
2023-07-10,19355.900390625,19435.849609375,19327.099609375,19400.349609375,268200,0.8575623376612838,0.4380440759053837,0.0,0.4195182617559,0.12466303397029588
2023-07-11,19439.400390625,19515.099609375,19406.44921875,19427.099609375,251300,0.9166352358412072,0.3423951232958596,0.0,0.5742401125453477,0.43139300324381846
2023-07-12,19384.30078125,19507.69921875,19361.75,19497.44921875,327900,0.4309852205132962,0.5464763610253764,0.0225384184613273,-0.1154911405120802,-0.2834429471475497
2023-07-13,19413.75,19567.0,19385.80078125,19495.19921875,310400,0.3188668183211388,0.0913532427235558,0.5897799389553053,0.227513575597583,0.1519230385574888
2023-07-14,19564.5,19595.349609375,19433.5,19493.44921875,291200,0.5821987465941139,0.7566465493523988,0.0,-0.1744478027582849,0.7765114931427508
2023-07-17,19711.44921875,19731.849609375,19562.94921875,19612.150390625,268700,0.7055858626438246,0.1882321997690456,0.1061819375871298,0.517353662874779,0.7511013251041421
2023-07-18,19749.25,19819.44921875,19690.19921875,19787.5,286400,0.6884050184921369,0.1842486515726742,0.1273463299351889,0.5041563669194626,0.1917706853032497
2023-07-19,19833.150390625,19851.69921875,19727.44921875,19802.94921875,259700,0.3745528870201213,0.0570023875519339,0.5684447254279447,0.3175504994681873,0.4248282371482448
2023-07-20,19979.150390625,19991.849609375,19758.400390625,19831.69921875,274700,0.1668602016987528,0.5877984493716848,0.2453413489295624,-0.420938247672932,0.7361412439498949
2023-07-21,19745.0,19887.400390625,19700.0,19800.44921875,312500,0.4305293384622075,0.8403481775885081,0.0,-0.4098188391263005,-1.1719737128305097
2023-07-24,19672.349609375,19782.75,19658.30078125,19748.44921875,265600,0.3458774607378574,0.5727702766869458,0.0813522625751967,-0.2268928159490884,-0.3679432292985618
2023-07-25,19680.599609375,19729.349609375,19615.94921875,19729.349609375,369700,0.1544597472233237,0.8194956853860523,0.0260445673906238,-0.6650359381627285,0.04193703428323481
2023-07-26,19778.30078125,19825.599609375,19716.69921875,19733.349609375,244700,0.0254477599057508,0.3267388905686336,0.6478133495256155,-0.3012911306628827,0.4964339187534694
2023-07-27,19659.900390625,19867.55078125,19603.55078125,19850.900390625,334900,0.6458223862864843,0.3496143988077221,0.0045632149057935,0.2962079874787621,-0.598637830087223
2023-07-28,19646.05078125,19695.900390625,19563.099609375,19659.75,258700,0.6369023174547432,0.5963464974967759,0.0,0.0405558199579673,-0.07044597937843067
2023-07-31,19753.80078125,19772.75,19597.599609375,19666.349609375,295100,0.409628894895232,0.7352285181015961,0.0,-0.325599623206364,0.5484562836559181
2023-08-01,19733.55078125,19795.599609375,19704.599609375,19784.0,298000,0.3112174950633936,0.6256499129414531,0.0631325919951533,-0.3144324178780595,-0.10251191770254131
2023-08-02,19526.55078125,19678.25,19423.55078125,19655.400390625,290700,0.6771206397350094,0.5807559990556591,0.0,0.0963646406793502,-1.0489749274959825
2023-08-03,19381.650390625,19537.650390625,19296.44921875,19463.75,315700,0.6057792494526903,0.7416841289918231,0.0,-0.1359048795391327,-0.7420685416911321
2023-08-04,19517.0,19538.849609375,19436.44921875,19462.80078125,280800,0.36459372819754,0.6752308375620375,0.0,-0.3106371093644975,0.6983389270114548
2023-08-07,19597.30078125,19620.44921875,19524.80078125,19576.849609375,216600,0.4540016211961148,0.126110141678625,0.4198882371252601,0.3278914795174898,0.41144018676027017
2023-08-08,19570.849609375,19634.400390625,19533.099609375,19627.19921875,260300,0.688274235780237,0.129857013417881,0.1818687508018819,0.558417222362356,-0.13497354646058168
2023-08-09,19632.55078125,19645.5,19467.5,19578.80078125,266500,0.1405529675783607,0.6761957463565392,0.1832512860651,-0.5356427787781785,0.3152707884763739
2023-08-10,19543.099609375,19623.599609375,19495.400390625,19605.55078125,312200,0.4855896996593978,0.8586001069824982,0.0,-0.3730104073231004,-0.4556268458015711
2023-08-11,19428.30078125,19557.75,19412.75,19554.25,235500,0.0275367198694654,0.962732583861139,0.0097306962693954,-0.9351958639916736,-0.5874136161590715
2023-08-14,19434.55078125,19465.849609375,19257.900390625,19383.94921875,243900,0.3842067129858002,0.1056503454489307,0.5101429415652691,0.2785563675368695,0.032169565781225984
2023-08-16,19465.0,19482.75,19317.19921875,19369.0,0,0.0309557909193435,0.5787564763599993,0.3902877327206572,-0.5478006854406557,0.15667570139761278
2023-08-17,19365.25,19461.55078125,19326.25,19450.55078125,268700,0.3879867599468695,0.6182850210137198,0.0,-0.2302982610668503,-0.5124582584125403
2023-08-18,19310.150390625,19373.80078125,19253.599609375,19301.75,256100,0.160024936463194,0.7814620887547092,0.0585129747820967,-0.6214371522915152,-0.28452826260957353
2023-08-21,19393.599609375,19425.94921875,19296.30078125,19320.650390625,262600,0.4585230088818907,0.0562139054598784,0.4852630856582308,0.4023091034220122,0.43215209131937105
2023-08-22,19396.44921875,19443.5,19381.30078125,19417.099609375,208700,0.2892447719726545,0.7475206367465048,0.0,-0.4582758647738503,0.014693555773015454
2023-08-23,19444.0,19472.05078125,19366.599609375,19439.19921875,225200,0.9000831830164807,0.8508527573220954,0.0,0.0492304256943852,0.24515199000461063
2023-08-24,19386.69921875,19584.44921875,19369.0,19535.150390625,268300,0.1161389602005256,0.2861350424583143,0.59772599734116,-0.1699960822577887,-0.2946964680621278
2023-08-25,19265.80078125,19339.55078125,19229.69921875,19297.400390625,466500,0.9559188289553192,0.6404472739932529,0.0,0.3154715549620663,-0.6236153774081932
2023-08-28,19306.05078125,19366.849609375,19249.69921875,19298.349609375,248200,0.6029428764794615,0.0334235724355037,0.3636335510850347,0.5695193040439578,0.2089194238900971
2023-08-29,19342.650390625,19377.900390625,19309.099609375,19374.849609375,307400,0.8267073597414875,0.579792843832955,0.0,0.2469145159085324,0.18957584743610756
2023-08-30,19347.44921875,19452.80078125,19334.75,19433.44921875,233000,0.9840131632104644,0.1665035470495151,0.0,0.8175096161609492,0.02480956863764039
2023-08-31,19253.80078125,19388.19921875,19223.650390625,19375.55078125,562600,0.2884054378187457,0.7122202051771587,0.0,-0.4238147673584129,-0.4840350603388277
2023-09-01,19435.30078125,19458.55078125,19255.69921875,19258.150390625,333000,0.961135485407593,0.175890283418662,0.0,0.7852452019889309,0.9426710188917609
2023-09-04,19528.80078125,19545.150390625,19432.849609375,19525.05078125,296800,0.3403871042545057,0.914834949996878,0.0,-0.5744478457423724,0.48108337016425917
2023-09-05,19574.900390625,19587.05078125,19525.75,19564.650390625,256800,0.5414076073475852,0.2117143721479708,0.2468780205044439,0.3296932351996143,0.23605960187407238
2023-09-06,19611.05078125,19636.44921875,19491.5,19581.19921875,287600,0.1541450431784871,0.1442400211181035,0.7016149357034094,0.0099050220603835,0.18467726478093027
2023-09-07,19727.05078125,19737.0,19550.05078125,19598.650390625,304900,0.5537114853580112,0.7589768318540306,0.0,-0.2052653464960194,0.5915032360780392
2023-09-08,19819.94921875,19867.150390625,19727.05078125,19774.80078125,288100,0.541704812410004,0.500619532333931,0.0,0.041085280076073,0.47091903665750223
2023-09-11,19996.349609375,20008.150390625,19865.349609375,19890.0,248800,0.440441350312424,0.6459278930230393,0.0,-0.2054865427106152,0.8900143420050854
2023-09-12,19993.19921875,20110.349609375,19914.650390625,20110.150390625,328100,0.3023332493514937,0.232879146151815,0.4647876044966912,0.0694541031996787,-0.01575482868895195
2023-09-13,20070.0,20096.900390625,19944.099609375,19989.5,251400,0.2593348973170944,0.1567604286516393,0.5839046740312662,0.1025744686654551,0.3841345269944396
2023-09-14,20103.099609375,20167.650390625,20043.44921875,20127.94921875,275100,0.1946238367048719,0.6834294151572705,0.1219467481378575,-0.4888055784523986,0.1649208239910216
2023-09-15,20192.349609375,20222.44921875,20129.69921875,20156.44921875,438200,0.0576475821990248,0.5936846199087332,0.3486677978922419,-0.5360370377097083,0.44396138771742866
2023-09-18,20133.30078125,20195.349609375,20115.69921875,20155.94921875,264900,0.9664173858664074,0.4479716563821899,0.0,0.5184457294842174,-0.2924316846098174
2023-09-20,19901.400390625,20050.650390625,19878.849609375,19980.75,378100,0.3472770390305075,0.9840894639665142,0.0,-0.6368124249360066,-1.1518249945432046
2023-09-21,19742.349609375,19848.75,19709.94921875,19840.55078125,275100,0.580467600993696,0.2922489567393879,0.1272834422669161,0.2882186442543081,-0.7991939166498319
2023-09-22,19674.25,19798.650390625,19657.5,19744.849609375,246400,0.1391967013456955,0.2948172383467669,0.5659860603075376,-0.1556205370010713,-0.3449417659114995
2023-09-25,19674.55078125,19734.150390625,19601.55078125,19678.19921875,188400,0.4888978317924514,0.2523227442637452,0.2587794239438034,0.2365750875287061,0.0015288066889551644
2023-09-26,19664.69921875,19699.349609375,19637.44921875,19682.80078125,204900,0.4017788006543242,0.915289940379274,0.0,-0.5135111397249497,-0.05007261720755274
2023-09-27,19716.44921875,19730.69921875,19554.0,19637.05078125,203600,0.9938483888996982,0.2656855648662635,0.0,0.7281628240334347,0.2631619198663282
2023-09-28,19523.55078125,19766.650390625,19492.099609375,19761.80078125,352800,0.880314762148927,0.8958157315601947,0.0,-0.0155009694112676,-0.9783629666773708
2023-09-29,19638.30078125,19726.25,19551.05078125,19581.19921875,243500,0.6234059581594401,0.1034750636465846,0.2731189781939752,0.5199308945128555,0.5877516917168757
2023-10-03,19528.75,19623.19921875,19479.650390625,19622.400390625,221700,0.3951377432643186,0.968326960099255,0.0,-0.5731892168349364,-0.5578424654468894
2023-10-04,19436.099609375,19457.80078125,19333.599609375,19446.30078125,277100,0.0394595328908993,0.4528833604155117,0.507657106693589,-0.4134238275246124,-0.47443072713306833
2023-10-05,19545.75,19576.94921875,19487.30078125,19521.849609375,234900,0.4755460374868266,0.9457151084410244,0.0,-0.4701690709541978,0.5641584105285702
2023-10-06,19653.5,19675.75,19589.400390625,19621.19921875,159100,0.5430245839576632,0.676820043630047,0.0,-0.1337954596723838,0.5512707366051472
2023-10-09,19512.349609375,19588.94921875,19480.5,19539.44921875,165100,0.909454610937242,0.3037350462250994,0.0,0.6057195647121426,-0.718194675884698
2023-10-10,19689.849609375,19717.80078125,19565.44921875,19565.599609375,216600,0.7221432354559059,0.0930174092626749,0.1848393552814191,0.6291258261932309,0.9096802976240159
2023-10-11,19811.349609375,19839.19921875,19756.94921875,19767.0,213700,0.5333866287653626,0.1438679663433297,0.3227454048913076,0.3895186624220328,0.6170692128707245
2023-10-12,19794.0,19843.30078125,19772.650390625,19822.69921875,217900,0.869969159647685,0.1046604403464811,0.0253704000058339,0.7653087193012038,-0.08757409120068171
2023-10-13,19751.05078125,19805.400390625,19635.30078125,19654.55078125,255000,0.1306523438234629,0.4229435437415577,0.4464041124349793,-0.2922911999180948,-0.21698099802970328
2023-10-16,19731.75,19781.30078125,19691.849609375,19737.25,181000,0.7942106625494054,0.1303204331723358,0.0754689042782587,0.6638902293770695,-0.09772027556287366
2023-10-17,19811.5,19849.75,19775.650390625,19843.19921875,185800,0.2757675682513569,0.6434289495173308,0.0808034822313122,-0.3676613812659738,0.4041709427698992
2023-10-18,19671.099609375,19840.94921875,19659.94921875,19820.44921875,198900,0.8770905810181889,0.1971829819680662,0.0,0.6799075990501227,-0.7086812741337156
2023-10-19,19624.69921875,19681.80078125,19512.349609375,19545.19921875,230300,0.9440420938253978,0.0976100381089916,0.0,0.8464320557164062,-0.23588102112443998
2023-10-20,19542.650390625,19593.80078125,19518.69921875,19542.150390625,198300,0.1487959694051156,0.1668485782055776,0.6843554523893067,-0.018052608800462,-0.41808960845935994
2023-10-23,19281.75,19556.849609375,19257.849609375,19521.599609375,176000,0.4834074359731466,0.3540645623550941,0.1625280016717593,0.1293428736180525,-1.3350307425555652
2023-10-25,19122.150390625,19347.30078125,19074.150390625,19286.44921875,225300,0.5887315221313199,0.5372756736680381,0.0,0.0514558484632817,-0.8277236732921023
2023-10-26,18857.25,19041.69921875,18837.849609375,19027.25,300400,0.3753299079196018,0.6771242634825639,0.0,-0.3017943555629621,-1.3853064912347501
2023-10-27,19047.25,19076.150390625,18926.650390625,18928.75,205200,0.2857835555258702,0.6826711524627593,0.0315452920113704,-0.3968875969368891,1.0075700327460302
2023-10-30,19140.900390625,19158.5,18940.0,19053.400390625,180100,0.3865405068230279,0.0390064207628181,0.574453072414154,0.3475340860602097,0.49167407696648624
2023-10-31,19079.599609375,19233.69921875,19056.44921875,19232.94921875,206000,0.5112754622007512,0.4555667819901088,0.03315775580914,0.0557086802106423,-0.3202606982899536
2023-11-01,18989.150390625,19096.05078125,18973.69921875,19064.05078125,194100,0.4923254800011819,0.8909738846907038,0.0,-0.3986484046895219,-0.4740624572936891
2023-11-02,19133.25,19175.25,19064.150390625,19120.0,245600,0.5772790292331312,0.5694972585185759,0.0,0.0077817707145553,0.7588523257266999
2023-11-03,19230.599609375,19276.25,19210.900390625,19241.0,189500,0.8655771456245522,0.8323910417019079,0.0,0.0331861039226443,0.5087980838331285
2023-11-06,19411.75,19423.0,19309.69921875,19345.849609375,180700,0.8275189221063031,0.6917776391419823,0.0,0.1357412829643207,0.941990339899168
2023-11-07,19406.69921875,19423.5,19329.099609375,19404.05078125,198700,0.7645277946547177,0.6742935737000246,0.0,0.090234220954693,-0.026019195847870602
2023-11-08,19443.5,19464.400390625,19401.5,19449.599609375,195000,0.5735289514555733,0.9799554473582784,0.0,-0.4064264959027052,0.18962926582819506
2023-11-09,19395.30078125,19463.900390625,19378.349609375,19457.400390625,208400,0.9560471436119332,0.9856007339528003,0.0,-0.0295535903408672,-0.24789373698150818
2023-11-10,19425.349609375,19451.30078125,19329.44921875,19351.849609375,152200,0.2004745155284027,0.6866786117241295,0.1128468727474677,-0.4862040961957267,0.1549283945833313
2023-11-13,19443.55078125,19494.400390625,19414.75,19486.75,189300,0.4391498166337483,0.1070291342110381,0.4538210491552136,0.3321206824227102,0.09369804014345284
2023-11-15,19675.44921875,19693.19921875,19579.650390625,19651.400390625,291500,0.8930902051954149,0.9101961241446964,0.0,-0.0171059189492814,1.1926753508604282
2023-11-16,19765.19921875,19875.25,19627.0,19674.69921875,282700,0.0624575936190714,0.3828333947684352,0.5547090116124933,-0.3203758011493638,0.4561522280999375
2023-11-17,19731.80078125,19806.0,19667.44921875,19674.75,236800,0.8834647629860607,0.6306352949830805,0.0,0.2528294680029802,-0.16897597201204206
2023-11-20,19694.0,19756.44921875,19670.5,19731.150390625,173800,0.6265925110932102,0.31037088910812,0.0630365997986697,0.3162216219850902,-0.19157289123818977
2023-11-21,19783.400390625,19829.099609375,19754.05078125,19770.900390625,195000,0.9263826067300868,0.7621296204503246,0.0,0.1642529862797621,0.45394734754240496
2023-11-22,19811.849609375,19825.55078125,19703.849609375,19784.0,184500,0.019116094429764,0.9361765641665052,0.0447073414037307,-0.9170604697367412,0.14380348265852216
2023-11-23,19802.0,19875.150390625,19786.75,19828.44921875,170000,0.4768434683178171,0.9407508592344612,0.0,-0.463907390916644,-0.04971574875239915
2023-11-24,19794.69921875,19832.849609375,19768.849609375,19809.599609375,145900,0.6877220424305607,0.1747812848749338,0.1374966726945055,0.5129407575556268,-0.03686890844358803
2023-11-28,19889.69921875,19916.849609375,19800.0,19844.650390625,229600,0.2993955883716812,0.0672846129215145,0.6333197987068042,0.2321109754501666,0.4799264638990497
2023-11-29,20096.599609375,20104.650390625,19956.30078125,19976.55078125,236200,0.3587155254170134,0.2679972668843779,0.3732872076986085,0.0907182585326354,1.040238911355451
2023-11-30,20133.150390625,20158.69921875,20015.849609375,20108.5,486600,0.804437207679505,0.9122082367815256,0.0,-0.1077710291020206,0.18187545137213768
2023-12-01,20267.900390625,20291.55078125,20183.69921875,20194.099609375,265800,0.278759872414553,0.6331786748957723,0.0880614526896746,-0.3544188024812192,0.6692941610506598
2023-12-04,20686.80078125,20702.650390625,20507.75,20601.94921875,381100,0.0088632851134689,0.7193881555748203,0.2717485593117108,-0.7105248704613514,2.066816900376933
2023-12-05,20855.099609375,20864.05078125,20711.150390625,20808.900390625,421000,0.9978208556819782,0.0281215062779237,0.0,0.9696993494040544,0.8135565760247543
2023-12-06,20937.69921875,20961.94921875,20852.150390625,20950.75,359200,0.6768212988573956,0.3753213457730138,0.0,0.3014999530843818,0.39606432442005346
2023-12-07,20901.150390625,20941.25,20850.80078125,20932.400390625,275000,0.8284692994491171,0.6267533485423312,0.0,0.2017159509067858,-0.17455990623970186
2023-12-08,20969.400390625,21006.099609375,20862.69921875,20934.099609375,292400,0.2946193963461931,0.1460965655413202,0.5592840381124866,0.1485228308048729,0.3265370504707432
2023-12-11,20997.099609375,21026.099609375,20923.69921875,20965.30078125,212900,0.8341445970006758,0.6522811128184463,0.0,0.1818634841822295,0.1320935183362959
2023-12-12,20906.400390625,21037.900390625,20867.150390625,21018.55078125,244900,0.7404761319535191,0.4051971425753297,0.0,0.3352789893781894,-0.43196070141755527
2023-12-13,20926.349609375,20950.0,20769.5,20929.75,260300,0.1428502873008386,0.5960435954776472,0.2611061172215142,-0.4531933081768086,0.09542158562574343
2023-12-14,21182.69921875,21210.900390625,21074.44921875,21110.400390625,334400,0.7534279222569691,0.1074505526289081,0.1391215251141228,0.645977369628061,1.2250087289956912
2023-12-15,21456.650390625,21492.30078125,21235.30078125,21287.44921875,508800,0.768922782107641,0.0169127999216073,0.2141644179707517,0.7520099821860337,1.2932779200891975
2023-12-18,21418.650390625,21482.80078125,21365.349609375,21434.80078125,249700,0.8459214396777321,0.8196770027804591,0.0,0.026244436897273,-0.17710126840955187
2023-12-19,21453.099609375,21505.05078125,21337.75,21477.650390625,249800,0.6136041142374584,0.9993503004722002,0.0,-0.3857461862347418,0.1608374856572503
2023-12-20,21150.150390625,21593.0,21087.349609375,21543.5,363900,0.088604713969679,0.2114312579989111,0.6999640280314098,-0.1228265440292321,-1.412146609423337
2023-12-21,21255.05078125,21288.349609375,20976.80078125,21033.94921875,277500,0.4876278096672108,0.2651707411833556,0.2472014491494335,0.2224570684838552,0.49597940765233606
2023-12-22,21349.400390625,21390.5,21232.44921875,21295.849609375,284700,0.077649334671605,0.6628597876346657,0.2594908776937292,-0.5852104529630606,0.44389265566107117
2023-12-26,21441.349609375,21477.150390625,21329.44921875,21365.19921875,219500,0.3488205339694793,0.7951102825267247,0.0,-0.4462897485572453,0.43068759341071683
2023-12-27,21654.75,21675.75,21495.80078125,21497.650390625,256500,0.1109980987913148,0.135745853099901,0.7532560481087841,-0.0247477543085862,0.9952749920727699
2023-12-28,21778.69921875,21801.44921875,21678.0,21715.0,393100,0.8082352100092222,0.9774381842040124,0.0,-0.1692029741947901,0.5723881307796219
2023-12-29,21731.400390625,21770.30078125,21676.900390625,21737.650390625,270900,0.9476880259644708,0.9643532340359864,0.0,-0.0166652080715157,-0.21717930740454694
2024-01-01,21741.900390625,21834.349609375,21680.849609375,21727.75,154000,0.5225765993367452,0.1001549975067669,0.3772684031564879,0.4224216018299782,0.048317180721269004
2024-01-02,21665.80078125,21755.599609375,21555.650390625,21751.349609375,263700,0.2995656779538739,0.2717175988981797,0.4287167231479464,0.0278480790556941,-0.3500136051024061
2024-01-03,21517.349609375,21677.0,21500.349609375,21661.099609375,311900,0.0768620752761635,0.8159557894152066,0.1071821353086298,-0.7390937141390431,-0.685186637566948
2024-01-04,21658.599609375,21685.650390625,21564.55078125,21605.80078125,339200,0.5006242680704178,0.3783156071652594,0.1210601247643227,0.1223086609051583,0.6564470186349425
2024-01-05,21710.80078125,21749.599609375,21629.19921875,21705.75,309300,0.7945155444907487,0.0883969671467583,0.1170874883624929,0.7061185773439903,0.24101822286055619
2024-01-08,21513.0,21763.94921875,21492.900390625,21747.599609375,231500,0.0729018353679035,0.6296835952592029,0.2974145693728935,-0.5567817598912994,-0.911070868564301
2024-01-09,21544.849609375,21724.44921875,21517.849609375,21653.599609375,228600,0.4028732826326371,0.4161609464061577,0.1809657709612051,-0.0132876637735206,0.14804820050666745
2024-01-10,21618.69921875,21641.849609375,21448.650390625,21529.30078125,217000,0.2952904940479433,0.16653851349727,0.5381709924547867,0.1287519805506732,0.34277152411805734
2024-01-11,21647.19921875,21726.5,21593.75,21688.0,212500,0.2323843230560478,0.9861767972836948,0.0,-0.753792474227647,0.13183031833516878
2024-01-12,21894.55078125,21928.25,21715.150390625,21773.55078125,294700,0.2810044989087136,0.8208490092631288,0.0,-0.5398445103544152,1.1426492637705898
2024-01-15,22097.44921875,22115.55078125,21963.55078125,22053.150390625,345500,0.4051026945275664,0.056625557377558,0.5382717480948755,0.3484771371500084,0.9267074694848665
2024-01-16,22032.30078125,22124.150390625,21969.80078125,22080.5,292400,0.9061110021324972,0.1203781495055338,0.0,0.7857328526269632,-0.29482333845447517
2024-01-17,21571.94921875,21851.5,21550.44921875,21647.25,456000,0.3214957012478819,0.5807685836144216,0.0977357151376964,-0.2592728823665396,-2.0894393512082443
2024-01-18,21462.25,21539.400390625,21285.55078125,21414.19921875,387300,0.4764369863437916,0.9287634212054924,0.0,-0.4523264348617007,-0.5085271508735612
2024-01-19,21622.400390625,21670.599609375,21575.0,21615.19921875,343100,0.2260289978159997,0.4967434280059845,0.2772275741780158,-0.2707144301899847,0.746195718645537
2024-01-23,21238.80078125,21750.25,21192.599609375,21716.69921875,449700,0.3578140841135488,0.7318727372865008,0.0,-0.3740586531729519,-1.774084294273448
2024-01-24,21453.94921875,21482.349609375,21137.19921875,21185.25,407500,0.6478174459905284,0.1739637059033386,0.1782188481061329,0.4738537400871897,1.0129971071150878
2024-01-25,21352.599609375,21459.0,21247.05078125,21454.599609375,418100,0.1229206784653875,0.3612160589758117,0.5158632625588007,-0.2382953805104242,-0.47240537554001927
2024-01-29,21737.599609375,21763.25,21429.599609375,21433.099609375,376700,0.5858647884535192,0.5347994662811925,0.0,0.0510653221723267,1.8030591452244726
2024-01-30,21522.099609375,21813.05078125,21501.80078125,21775.75,375100,0.6247838627894025,0.9962244930446388,0.0,-0.3714406302552362,-0.9913698102483215
2024-01-31,21725.69921875,21741.349609375,21448.849609375,21487.25,410600,0.071775806226513,0.4745335626224407,0.4536906311510462,-0.4027577563959277,0.9460025419002926
2024-02-01,21697.44921875,21832.94921875,21658.75,21780.650390625,332500,0.6826172212234024,0.8160567571143236,0.0,-0.1334395358909211,-0.13003033741542103
2024-02-02,21853.80078125,22126.80078125,21805.55078125,21812.75,442800,0.2419316803155295,0.4320672850666177,0.3260010346178527,-0.1901356047510881,0.7205988175093214
2024-02-05,21771.69921875,21964.30078125,21726.94921875,21921.05078125,440800,0.8039585075525203,0.8865954415023983,0.0,-0.082636933949878,-0.37568550808078083
2024-02-06,21929.400390625,21951.400390625,21737.55078125,21825.19921875,371000,0.5525009674078891,0.4109425523501099,0.0365564802420009,0.1415584150577792,0.7243402101531293
2024-02-07,21930.5,22053.30078125,21860.150390625,22045.05078125,346300,0.5201698923107512,0.6043044198214789,0.0,-0.0841345275107277,0.005014315737827957
2024-02-08,21717.94921875,22011.05078125,21665.30078125,22009.650390625,491100,0.1428759613394117,0.6300186806188274,0.2271053580417609,-0.4871427192794156,-0.9692017110872975
2024-02-09,21782.5,21804.44921875,21629.900390625,21727.0,349200,0.7753461504031356,0.4173829418004733,0.0,0.3579632086026623,0.29722318898448563
2024-02-12,21616.05078125,21831.69921875,21574.75,21800.80078125,287400,0.2842740929275167,0.0166715505996331,0.6990543564728502,0.2676025423278836,-0.7641419430735708
2024-02-13,21743.25,21766.80078125,21543.349609375,21664.30078125,365800,0.1338283629996931,0.8735342642452146,0.0,-0.7397059012455215,0.5884480011507653
2024-02-14,21840.05078125,21870.849609375,21530.19921875,21578.150390625,359100,0.6295576968917366,0.2364749122386945,0.1339673908695688,0.393082784653042,0.44519922849619586
2024-02-15,21910.75,21953.849609375,21794.80078125,21906.55078125,345400,0.0543320348229038,0.211506749281768,0.7341612158953281,-0.1571747144588642,0.32371361888359207
2024-02-16,22040.69921875,22068.650390625,21968.94921875,22020.30078125,343900,0.7486452341262,0.7360354004260655,0.0,0.0126098337001344,0.5930843022260657
2024-02-19,22122.25,22186.650390625,22021.05078125,22103.44921875,0,0.5111291392372298,0.1625110652974563,0.3263597954653139,0.3486180739397735,0.37000088082788096
2024-02-20,22196.94921875,22215.599609375,22045.849609375,22099.19921875,295700,0.0468519085276031,0.9597457214619692,0.0,-0.912893812934366,0.33766555730090353
2024-02-21,22055.05078125,22249.400390625,21997.94921875,22248.849609375,364500,0.2761695578208994,0.8515814000172374,0.0,-0.5754118421963379,-0.6392700010330099
2024-02-22,22217.44921875,22252.5,21875.25,22081.55078125,343500,0.7069764874557162,0.8637896229650033,0.0,-0.1568131355092871,0.736332185814148
2024-02-23,22212.69921875,22297.5,22186.099609375,22290.0,226000,0.0626896216218658,0.4067737485720052,0.5305366298061289,-0.3440841269501393,-0.02137959201901074
2024-02-26,22122.05078125,22202.150390625,22075.150390625,22169.19921875,207800,0.2468238692019022,0.0086190025917802,0.7445571282063175,0.2382048666101219,-0.40809285088362346
2024-02-27,22198.349609375,22218.25,22085.650390625,22090.19921875,252200,0.7409040561520714,0.0199729325780281,0.2391230112699004,0.7209311235740433,0.3448994348646428
2024-02-28,21951.150390625,22229.150390625,21915.849609375,22214.099609375,203000,0.3162701497293068,0.5866017374045605,0.0971281128661327,-0.2703315876752536,-1.1135927809948543
2024-02-29,21982.80078125,22060.55078125,21860.650390625,21935.19921875,360200,0.1018923880660135,0.4553949052479408,0.4427127066860457,-0.3535025171819272,0.14418556686905948
2024-03-01,22338.75,22353.30078125,22047.75,22048.30078125,351500,0.3602339188004279,0.5180153489085197,0.1217507322910523,-0.1577814301080918,1.6192168700068565
2024-03-04,22405.599609375,22440.900390625,22358.30078125,22403.5,298800,0.3133479175851431,0.7180681612008608,0.0,-0.4047202436157177,0.29925402887358565
2024-03-05,22356.30078125,22416.900390625,22269.150390625,22371.25,296200,0.7889324717760072,0.4426937019674358,0.0,0.3462387698085714,-0.22002905070378498
2024-03-06,22474.05078125,22497.19921875,22224.349609375,22327.5,312300,0.8918721448107347,0.7322192063122223,0.0,0.1596529384985124,0.5266971542034149
2024-03-07,22493.55078125,22525.650390625,22430.0,22505.30078125,379900,0.4338174195765295,0.2330189643968347,0.3331636160266357,0.2007984551796947,0.08676673462120199
2024-03-11,22332.650390625,22526.599609375,22307.25,22517.5,277900,0.0892895245255729,0.2367204758538329,0.6739899996205941,-0.14743095132826,-0.7153178801771132
2024-03-12,22335.69921875,22452.55078125,22256.0,22334.44921875,299200,0.6870192665032427,0.628030464569537,0.0,0.0589888019337057,0.013651886684606929
2024-03-13,21997.69921875,22446.75,21905.650390625,22432.19921875,493300,0.4938140404569286,0.8299395932124434,0.0,-0.3361255527555147,-1.5132725270416536
2024-03-14,22146.650390625,22204.599609375,21917.5,21982.55078125,426700,0.387648805455647,0.4156277820291552,0.1967234125151977,-0.0279789765735081,0.6771215952804832
2024-03-15,22023.349609375,22120.900390625,21931.69921875,22064.849609375,661500,0.6327118787486009,0.2583004291275922,0.1089876921238068,0.3744114496210087,-0.5567468627318717
2024-03-18,22055.69921875,22123.69921875,21916.55078125,21990.099609375,356300,0.1669530887471987,0.4480854872830765,0.3849614239697247,-0.2811323985358778,0.14688778023679294
2024-03-19,21817.44921875,21978.30078125,21793.099609375,21946.44921875,344200,0.7130460506343187,0.4879001952793018,0.0,0.2251458553550168,-1.0802196640288697
2024-03-20,21839.099609375,21930.900390625,21710.19921875,21843.900390625,312400,0.6663854135782065,0.2042564679363964,0.1293581184853971,0.46212894564181,0.09923428906801757
2024-03-21,22011.94921875,22080.94921875,21941.30078125,21989.900390625,353200,0.9660475051286772,0.6268026300648439,0.0,0.3392448750638333,0.79146856998078
2024-03-22,22096.75,22180.69921875,21883.30078125,21932.19921875,388700,0.761037790250783,0.3587425105428886,0.0,0.4022952797078943,0.38524885010076115
2024-03-26,22004.69921875,22073.19921875,21947.55078125,21947.900390625,328400,0.1053649222508564,0.5658517874106719,0.3287832903384716,-0.4604868651598154,-0.416580634029895
2024-03-27,22123.650390625,22193.599609375,22052.849609375,22053.94921875,409100,0.7818238633449356,0.9167560031187468,0.0,-0.1349321397738111,0.5405716783151604
2024-03-28,22326.900390625,22516.0,22163.599609375,22163.599609375,410500,0.6441492214759159,0.8008180998597503,0.0,-0.1566688783838343,0.9187001078543977
2024-04-01,22462.0,22529.94921875,22427.75,22455.0,0,0.5004011457102012,0.4923670487012489,0.0072318055885498,0.0080340970089523,0.6050979178091831
2024-04-02,22453.30078125,22497.599609375,22388.150390625,22458.80078125,289500,0.4327291360197046,0.1923157727843505,0.3749550911959448,0.2404133632353541,-0.03872860275131451
2024-04-03,22434.650390625,22521.099609375,22346.5,22385.69921875,309600,0.457699605159294,0.4639362634548909,0.0783641313858151,-0.0062366582955969,-0.08306302403686683
2024-04-04,22514.650390625,22619.0,22303.80078125,22592.099609375,401000,0.2088827240051637,0.2458185870225746,0.5452986889722616,-0.0369358630174109,0.3565912488363576
2024-04-05,22513.69921875,22537.599609375,22427.599609375,22486.400390625,242200,0.3687071708647952,0.9148421498516548,0.0,-0.5461349789868595,-0.004224679746289706
2024-04-08,22666.30078125,22697.30078125,22550.349609375,22578.349609375,227600,0.7675676285179183,0.5330552900947112,0.0,0.234512338423207,0.6778164752814453
2024-04-09,22642.75,22768.400390625,22612.25,22765.099609375,232400,0.416504431903879,0.6315443786761603,0.0,-0.2150399467722813,-0.10390218270411866
2024-04-10,22753.80078125,22775.69921875,22673.69921875,22720.25,276800,0.8221798868164233,0.5429404444893278,0.0,0.2792394423270955,0.49044741142307835
2024-04-12,22519.400390625,22726.44921875,22503.75,22677.400390625,357200,0.211994054698658,0.3758212190079409,0.4121847262934009,-0.1638271643092829,-1.0301592814249916
2024-04-15,22272.5,22427.44921875,22259.55078125,22339.05078125,355500,0.8801567379214851,0.4468741952004389,0.0,0.4332825427210461,-1.0963897188301042
2024-04-16,22147.900390625,22213.75,22079.44921875,22125.30078125,317300,0.2157406791764541,0.7779849715709368,0.006274349252609,-0.5622442923944827,-0.5594325260972033
2024-04-18,21995.849609375,22326.5,21961.69921875,22212.349609375,456900,0.6077521222527226,0.1645660584293349,0.2276818193179425,0.4431860638233876,-0.6865245850318225
2024-04-19,22147.0,22179.55078125,21777.650390625,21861.5,362500,0.2953014775718328,0.4063322309637678,0.2983662914643994,-0.111030753391935,0.6871768688606394
2024-04-22,22336.400390625,22375.650390625,22198.150390625,22336.900390625,279300,0.7385974581323307,0.4189236247929186,0.0,0.319673833339412,0.8551965982977361
2024-04-23,22368.0,22447.55078125,22349.44921875,22447.05078125,231500,0.31562734376335,0.5172721697543106,0.1671004864823394,-0.2016448259909605,0.14147135985376202
2024-04-24,22402.400390625,22476.44921875,22384.0,22421.55078125,235900,0.6448326040223138,0.0842130111770983,0.2709543848005878,0.5606195928452155,0.15379287654238016
2024-04-25,22570.349609375,22625.94921875,22305.25,22316.900390625,475000,0.3951309076115032,0.9845758963761132,0.0,-0.5894449887646098,0.7496929606716884
2024-04-26,22419.94921875,22620.400390625,22385.55078125,22620.400390625,329900,0.7132068832826177,0.6664073046949189,0.0,0.0467995785876987,-0.6663626980883297
2024-04-29,22643.400390625,22655.80078125,22441.900390625,22475.55078125,292000,0.2874095964655797,0.1094823660689939,0.6031080374654263,0.1779272303965857,0.996662256880243
2024-04-30,22604.849609375,22783.349609375,22568.400390625,22679.650390625,361900,0.3677859877561529,0.9658366688075836,0.0,-0.5980506810514307,-0.170251731563964
2024-05-02,22648.19921875,22710.5,22567.849609375,22567.849609375,445900,0.1115122123212764,0.6480303180552142,0.2404574696235094,-0.5365181057339378,0.19177127972140884
2024-05-03,22475.849609375,22794.69921875,22348.05078125,22766.349609375,438100,0.5158619027123281,0.2454544625389304,0.2386836347487414,0.2704074401733977,-0.7609859296553445
2024-05-06,22442.69921875,22588.80078125,22409.44921875,22561.599609375,320300,0.0146933886549538,0.6734197289114326,0.3118868824336135,-0.6587263402564788,-0.14749338156797576
2024-05-07,22302.5,22499.05078125,22232.05078125,22489.75,297800,0.3790940486719362,0.6144994602551925,0.0064064910728712,-0.2354054115832563,-0.6246985595782073
2024-05-08,22302.5,22368.650390625,22185.19921875,22231.19921875,277400,0.3373455467690927,0.8924690939520117,0.0,-0.555123547182919,0.0
2024-05-09,21957.5,22307.75,21932.400390625,22224.80078125,331300,0.019327630917601,0.078626710989758,0.9020456580926408,-0.059299080072157,-1.546911781190452
2024-05-10,22055.19921875,22131.30078125,21950.30078125,21990.94921875,265800,0.1243683990005102,0.3309147657801952,0.5447168352192946,-0.2065463667796849,0.44494691449390444
2024-05-13,22104.05078125,22131.650390625,21821.05078125,22027.94921875,278200,0.4042897472548691,0.3893897796668735,0.2063204730782574,0.0148999675879956,0.22149680905385605
2024-05-14,22217.849609375,22270.05078125,22081.25,22112.900390625,230200,0.5309376784120938,0.7326126992403987,0.0,-0.2016750208283049,0.5148324587705533
2024-05-15,22200.55078125,22297.55078125,22151.75,22255.599609375,231900,0.5951316749056815,0.6847251638810046,0.0,-0.089593488975323,-0.07786004689536163
2024-05-16,22403.849609375,22432.25,22054.55078125,22319.19921875,368900,0.0099238211278356,0.2120812374773777,0.7779949413947866,-0.2021574163495421,0.9157377676264788
2024-05-17,22466.099609375,22502.150390625,22345.650390625,22415.25,242700,0.4640951594535039,0.2389976802115513,0.2969071603349448,0.2250974792419525,0.27785403439750667
2024-05-21,22529.05078125,22591.099609375,22404.55078125,22404.55078125,347600,0.3118638579168832,0.0196514827468478,0.668484659336269,0.2922123751700354,0.2802051667603722
2024-05-22,22597.80078125,22629.5,22483.150390625,22576.599609375,290300,0.7739913781527625,0.8793930568071955,0.0,-0.1054016786544329,0.3051615474950031
2024-05-23,22967.650390625,22993.599609375,22577.44921875,22614.099609375,369800,0.7729214818761151,0.965609831380884,0.0,-0.1926883495047689,1.6366619608483068
2024-05-24,22957.099609375,23026.400390625,22908.0,22930.75,261900,0.521296047654139,0.3415703870315679,0.1371335653142931,0.179725660622571,-0.04593757337192361
2024-05-27,22932.44921875,23110.80078125,22871.19921875,23038.94921875,260000,0.0169476648895809,0.680250688330374,0.3028016467800449,-0.6633030234407931,-0.10737589261899938
2024-05-28,22888.150390625,22998.55078125,22858.5,22977.150390625,217900,0.770158211757096,0.8254398957486287,0.0,-0.0552816839915327,-0.19317094176221072
2024-05-29,22704.69921875,22825.5,22685.44921875,22762.75,269900,0.8071555373648825,0.1466083003600031,0.0462361622751142,0.6605472370048794,-0.8015115627261094
2024-05-30,22488.650390625,22705.75,22417.0,22617.44921875,373400,0.1202072291205762,0.1596663493671507,0.720126421512273,-0.0394591202465745,-0.9515599658179275
2024-05-31,22530.69921875,22653.75,22465.099609375,22568.099609375,572100,0.2655828329586061,0.7900832499714378,0.0,-0.5245004170128317,0.18697799732139142
2024-06-03,23263.900390625,23338.69921875,23062.30078125,23337.900390625,569400,0.7731418739186715,0.6225469904622817,0.0,0.1505948834563898,3.2542317695352763
2024-06-04,21884.5,23179.5,21281.44921875,23179.5,1006100,0.5179605277125789,0.308917722843766,0.173121749443655,0.2090428048688128,-5.929359941641077
2024-06-05,22620.349609375,22670.400390625,21791.94921875,22128.349609375,638500,0.3480955931682881,0.3687251554708459,0.2831792513608659,-0.0206295623025578,3.3624236760035675
2024-06-06,22821.400390625,22910.150390625,22642.599609375,22798.599609375,480400,0.3717392949063303,0.7697314182968802,0.0,-0.3979921233905499,0.8888049244237806
2024-06-07,23290.150390625,23320.19921875,22789.05078125,22821.849609375,473600,0.0013536257154681,0.8109351926726106,0.1877111816119212,-0.8095815669571425,2.0539931466807104
2024-06-10,23259.19921875,23411.900390625,23227.150390625,23319.150390625,304400,0.9741944438163572,0.4064627179520722,0.0,0.5677317258642849,-0.13289382574128705
2024-06-11,23264.849609375,23389.44921875,23206.650390625,23283.75,305200,0.8470608269838995,0.7718360352301099,0.0,0.0752247917537896,0.02429314342191624
2024-06-12,23322.94921875,23441.94921875,23295.94921875,23344.44921875,295600,0.0235949646455291,0.483877264564259,0.4925277707902118,-0.4602822999187299,0.2497312914139238
2024-06-13,23398.900390625,23481.05078125,23353.900390625,23480.94921875,268300,0.8985606046748393,0.897532326522084,0.0,0.0010282781527553,0.32564994745150067
2024-06-14,23465.599609375,23490.400390625,23334.25,23464.94921875,223100,0.7831984132986259,0.9077612436501786,0.0,-0.1245628303515526,0.28505279152657437
2024-06-18,23557.900390625,23579.05078125,23499.69921875,23570.80078125,272200,0.3029157288331926,0.7913107143126669,0.0,-0.4883949854794742,0.3933450786960613
2024-06-19,23516.0,23664.0,23412.900390625,23629.849609375,328800,0.0656948589543657,0.2009113396855224,0.7333938013601118,-0.1352164807311566,-0.17786131162043084
2024-06-20,23567.0,23624.0,23442.599609375,23586.150390625,280300,0.2282353634936991,0.8051192087546649,0.0,-0.5768838452609658,0.21687361796223215
2024-06-21,23501.099609375,23667.099609375,23398.19921875,23661.150390625,609900,0.2466036349780246,0.8501327346850368,0.0,-0.6035290997070122,-0.279629951309035
2024-06-24,23537.849609375,23558.099609375,23350.0,23382.30078125,239400,0.4738098283979466,0.0498601463991642,0.4763300252028891,0.4239496819987823,0.156375661610908
2024-06-25,23721.30078125,23754.150390625,23562.05078125,23577.099609375,298100,0.0578444494471606,0.1499092532471396,0.7922462973056997,-0.092064803799979,0.7793879853915442
2024-06-26,23868.80078125,23889.900390625,23670.44921875,23723.099609375,287800,0.957789800988204,0.5375811380515143,0.0,0.4202086629366895,0.6218040121837909
2024-06-27,24044.5,24087.44921875,23805.400390625,23881.55078125,515200,0.9427243190941124,0.5757924711223097,0.0,0.3669318479718025,0.7361040898544724
2024-06-28,24010.599609375,24174.0,23985.80078125,24085.900390625,354800,0.7851895431484084,0.6451500833009034,0.0,0.140039459847505,-0.14099020825968367
2024-07-01,24141.94921875,24164.0,23992.69921875,23992.94921875,0,0.962768350253206,0.0445880927341439,0.0,0.918180257519062,0.5470484349075377
2024-07-02,24123.849609375,24236.349609375,24056.400390625,24228.75,0,0.0756050406167507,0.1430619527234023,0.7813330066598468,-0.0674569121066516,-0.07497161563467802
2024-07-03,24286.5,24309.150390625,24207.099609375,24291.75,0,0.3656807482613713,0.0140145175260569,0.6203047342125717,0.3516662307353143,0.6742306607722792
2024-07-04,24302.150390625,24401.0,24281.0,24369.94921875,251200,0.2253812680067658,0.5668584332940947,0.2077602986991394,-0.3414771652873288,0.06444070008029268
2024-07-05,24323.849609375,24363.0,24168.849609375,24213.349609375,298400,0.19583308413427,0.9322668839209722,0.0,-0.7364337997867022,0.0892892949850621
2024-07-08,24320.55078125,24344.599609375,24240.55078125,24329.44921875,266300,0.7813218557473051,0.01328120345858,0.2053969407941148,0.768040652288725,-0.013562113637344275
2024-07-09,24433.19921875,24443.599609375,24331.900390625,24351.0,250500,0.5782983994203607,0.5420152984797261,0.0,0.0362831009406345,0.4631820986013446
2024-07-10,24324.44921875,24461.05078125,24141.80078125,24459.849609375,292300,0.1469627095882096,0.4595629775055219,0.3934743129062684,-0.3126002679173122,-0.4450911197766749
2024-07-11,24315.94921875,24402.650390625,24193.75,24396.55078125,306400,0.8111237699334709,0.498967944220793,0.0,0.3121558257126778,-0.03494426502141934
2024-07-12,24502.150390625,24592.19921875,24331.150390625,24387.94921875,325800,0.6359547071637285,0.0722131853351879,0.2918321075010835,0.5637415218285405,0.7657573644356042
2024-07-15,24586.69921875,24635.05078125,24522.75,24587.599609375,305400,0.2599049792428328,0.765148849861264,0.0,-0.5052438706184311,0.3450669707641296
2024-07-16,24613.0,24661.25,24587.650390625,24615.900390625,283200,0.3451922084942105,0.4852906340617153,0.1695171574440741,-0.1400984255675048,0.10697158254551198
2024-07-18,24800.849609375,24837.75,24504.44921875,24543.80078125,350900,0.2905045056714204,0.648256954077822,0.0612385402507575,-0.3577524484064016,0.7632129743428306
2024-07-19,24530.900390625,24854.80078125,24508.150390625,24853.80078125,343800,0.4699882681579366,0.1723863621051662,0.3576253697368972,0.2976019060527703,-1.0884676251089243
2024-07-22,24509.25,24595.19921875,24362.30078125,24445.75,324200,0.0622032261647027,0.1572038835569542,0.780592890278343,-0.0950006573922515,-0.08825762723847497
2024-07-23,24479.05078125,24582.55078125,24074.19921875,24568.900390625,436400,0.1473030442789703,0.9623380574812068,0.0,-0.8150350132022365,-0.12321559717249908
2024-07-24,24413.5,24504.25,24307.25,24444.94921875,366600,0.0078415907719168,0.5183654633353206,0.4737929458927625,-0.5105238725634038,-0.2677831825905974
2024-07-25,24406.099609375,24426.150390625,24210.80078125,24230.94921875,391800,0.6309217902291634,0.072898451871655,0.2961797578991816,0.5580233383575084,-0.030312698404566518
2024-07-26,24834.849609375,24861.150390625,24410.900390625,24423.349609375,383800,0.4476734254104183,0.6268329044150672,0.0,-0.1791594790046489,1.756732976027453
2024-07-29,24836.099609375,24999.75,24774.599609375,24943.30078125,355000,0.5296597239456199,0.8178220735661906,0.0,-0.2881623496205707,0.00503324972633834
2024-07-30,24857.30078125,24971.75,24798.650390625,24839.400390625,385000,0.2418932941128891,0.978947355854662,0.0,-0.7370540617417727,0.08536433743000504
2024-07-31,24951.150390625,24984.599609375,24856.5,24886.69921875,333600,0.5006035711547075,0.5018695310245037,0.0,-0.0012659598697961,0.377553501085659
2024-08-01,25010.900390625,25078.30078125,24956.400390625,25030.94921875,431300,0.6796203327351078,0.4549568797277371,0.0,0.2246634530073706,0.23946791656728195
2024-08-02,24717.69921875,24851.900390625,24686.849609375,24789.0,345000,0.0762392179735644,0.7534756054464806,0.1702851765799549,-0.6772363874729161,-1.172293549195469
2024-08-05,24055.599609375,24350.05078125,23893.69921875,24302.849609375,487000,0.4596648704026612,0.5462476001308509,0.0,-0.0865827297281897,-2.678645789462286
2024-08-06,23992.55078125,24382.599609375,23960.400390625,24189.849609375,312300,0.5465771420322949,0.0894731228103872,0.3639497351573179,0.4571040192219077,-0.26209626510589334
2024-08-07,24297.5,24337.69921875,24184.900390625,24289.400390625,317600,0.4328160022094692,0.4179840855069135,0.1491999122836171,0.0148319167025556,1.2710162480444431
2024-08-08,24117.0,24340.5,24079.69921875,24248.55078125,311900,0.0438999426430051,0.853284798567202,0.1028152587897929,-0.8093848559241968,-0.7428747813561065
2024-08-09,24367.5,24419.75,24311.19921875,24386.849609375,215100,0.1657497798201559,0.8561536219946603,0.0,-0.6904038421745043,1.0386864037815746
2024-08-12,24347.0,24472.80078125,24212.099609375,24320.05078125,279900,0.0499790286596787,0.2626954770019353,0.687325494338386,-0.2127164483422565,-0.08412844977941925
2024-08-13,24139.0,24359.94921875,24116.5,24342.349609375,239700,0.8436496640518237,0.8747660625539935,0.0,-0.0311163985021697,-0.8543146999630324
2024-08-14,24143.75,24196.5,24099.69921875,24184.400390625,303300,0.9811925291641158,0.1289025850734989,0.0,0.8522899440906169,0.019677699987563635
2024-08-16,24541.150390625,24563.900390625,24204.5,24334.849609375,271600,0.853784921704667,0.1011656196131032,0.0450494586822297,0.7526193020915638,1.6459762490292462
2024-08-19,24572.650390625,24638.80078125,24522.94921875,24636.349609375,243600,0.1969257044534283,0.788913962965867,0.0141603325807045,-0.5919882585124386,0.12835584110202358
2024-08-20,24698.849609375,24734.30078125,24607.19921875,24648.900390625,238300,0.9514298103618324,0.2336904488253636,0.0,0.7177393615364687,0.5135759339910173
2024-08-21,24770.19921875,24787.94921875,24654.5,24680.55078125,257100,0.994819293965951,0.6392018293899598,0.0,0.3556174645759912,0.28887826964991703
2024-08-22,24811.5,24867.349609375,24784.44921875,24863.400390625,220300,0.7117228057460487,0.2356825345758849,0.0525946596780663,0.4760402711701638,0.1667357653657442
2024-08-23,24823.150390625,24858.400390625,24771.650390625,24845.400390625,206800,0.981143731791822,0.7136602831121538,0.0,0.2674834486796681,0.046955607782672715
2024-08-26,25010.599609375,25043.80078125,24874.69921875,24906.099609375,210300,0.4369958856656208,0.8665956885955035,0.0,-0.4295998029298826,0.7551387144671073
2024-08-27,25017.75,25073.099609375,24973.650390625,25024.80078125,223300,0.593560935378786,0.5935752544142979,0.0,-1.4319035511967115e-05,0.02858944102370753
2024-08-28,25052.349609375,25129.599609375,24964.650390625,25030.80078125,220400,0.0730815620270149,0.1271104908670239,0.799807947105961,-0.0540289288400089,0.138300244326528
2024-08-29,25151.94921875,25192.900390625,24998.5,25035.30078125,354000,0.6223432646172461,0.427541855359712,0.0,0.194801409257534,0.397565940632294
2024-08-30,25235.900390625,25268.349609375,25199.400390625,25249.69921875,638200,0.9811778367622944,0.1608602934850979,0.0,0.8203175432771966,0.3337760073577778
2024-09-02,25278.69921875,25333.650390625,25235.5,25333.599609375,222800,0.9078987937796194,0.1057965202727989,0.0,0.8021022735068204,0.1695950113232314
2024-09-03,25279.849609375,25321.69921875,25235.80078125,25313.400390625,212100,0.9437015928202208,0.5061398526946443,0.0,0.4375617401255764,0.004550829989491412
2024-09-04,25198.69921875,25216.0,25083.80078125,25089.94921875,253800,0.9601356044054472,0.8146250560259172,0.0,0.14551054837953,-0.3210082017058524
2024-09-05,25145.099609375,25275.44921875,25127.75,25250.5,222200,0.5214596387214719,0.9361630415509964,0.0,-0.4147034028295245,-0.21270784221717465
2024-09-06,24852.150390625,25168.75,24801.30078125,25093.69921875,311700,0.9773079079915036,0.51351786674177,0.0,0.4637900412497336,-1.1650350298901935
2024-09-09,24936.400390625,24957.5,24753.150390625,24823.400390625,254400,0.47690010646797,0.3941904945999079,0.128909398932122,0.082709611868062,0.3390048695012693
2024-09-10,25041.099609375,25130.5,24896.80078125,24999.400390625,251300,0.718331175372004,0.8482031285528955,0.0,-0.1298719531808915,0.41986500501236534
2024-09-11,24918.44921875,25113.69921875,24885.150390625,25034.0,279200,0.2473403158190833,0.492982710458089,0.2596769737228276,-0.2456423946390057,-0.4897963449619458
2024-09-12,25388.900390625,25433.349609375,24941.44921875,25059.650390625,380100,0.6406151835488874,0.471902510564523,0.0,0.1687126729843643,1.887963282727112
2024-09-13,25356.5,25430.5,25292.44921875,25430.44921875,250800,0.6666004790466192,0.4903124894098283,0.0,0.1762879896367909,-0.12761636040355961
2024-09-16,25383.75,25445.69921875,25336.19921875,25406.650390625,168700,0.7716269109786077,0.4035199924402112,0.0,0.3681069185383965,0.10746751326089488
2024-09-17,25418.55078125,25441.650390625,25352.25,25416.900390625,216000,0.4988956645359419,0.333299859870525,0.167804475593533,0.1655958046654169,0.13709866056039743
2024-09-18,25377.55078125,25482.19921875,25285.55078125,25402.400390625,215700,0.0121031167761074,0.4919280240391293,0.4959688591847633,-0.4798249072630218,-0.16129951842196455
2024-09-19,25415.80078125,25611.94921875,25376.05078125,25487.05078125,314500,0.0090384690792921,0.572772509737109,0.4181890211835988,-0.5637340406578168,0.15072376499098983
2024-09-20,25790.94921875,25849.25,25426.599609375,25525.94921875,533100,0.3570293439700122,0.2383372106279969,0.4046334454019908,0.1186921333420152,1.4760441377741573
2024-09-23,25939.05078125,25956.0,25847.349609375,25872.55078125,209200,0.6343636888716871,0.3340455484199596,0.0315907627083532,0.3003181404517275,0.5742385099666292
2024-09-24,25940.400390625,26011.55078125,25886.849609375,25921.44921875,384100,0.2220758706933205,0.1068209929639906,0.6711031363426888,0.1152548777293299,0.0052030021699067674
2024-09-25,26004.150390625,26032.80078125,25871.349609375,25899.44921875,278500,0.3216699896595486,0.2388451604036069,0.4394848499368444,0.0828248292559417,0.24575565157058943
2024-09-26,26216.05078125,26250.900390625,25998.400390625,26005.400390625,370900,0.848042089601484,0.9492811717559836,0.0,-0.1012390821544997,0.8148714241454025
2024-09-27,26178.94921875,26277.349609375,26151.400390625,26248.25,490300,0.7288614422699469,0.3050996868195266,0.0,0.4237617554504203,-0.14152231703233875
2024-09-30,25810.849609375,26134.69921875,25794.099609375,26061.30078125,343100,0.0291697636452644,0.3070877433602487,0.6637424929944868,-0.2779179797149842,-1.4060900852023384
2024-10-01,25796.900390625,25907.599609375,25739.19921875,25788.44921875,247400,0.480890146603009,0.0351592502711941,0.4839506031257968,0.4457308963318148,-0.05404401234794243
2024-10-03,25250.099609375,25639.44921875,25230.30078125,25452.849609375,423400,0.1185026235981515,0.5441086239394686,0.3373887524623798,-0.425606000341317,-2.119637526098739
2024-10-04,25014.599609375,25485.05078125,24966.80078125,25181.900390625,374900,0.2888849389091656,0.5517123720199669,0.1594026890708674,-0.2628274331108012,-0.9326695880144675
2024-10-07,24795.75,25143.0,24694.349609375,25084.099609375,374300,0.993255015422964,0.9655179182347664,0.0,0.0277370971881976,-0.8748875168602677
2024-10-08,25013.150390625,25044.0,24756.80078125,24832.19921875,333200,0.0449112989956158,0.3773484772303116,0.5777402237740725,-0.3324371782346957,0.8767647303469239
2024-10-09,24981.94921875,25234.05078125,24947.69921875,25065.80078125,290600,0.761007923495392,0.258226813259983,0.0,0.5027811102354091,-0.12473907279866303
2024-10-10,24998.44921875,25134.05078125,24979.400390625,25067.05078125,261400,0.3717240664023432,0.2434670440667601,0.3848088895308966,0.1282570223355831,0.06604768849507447
2024-10-11,24964.25,25028.650390625,24920.05078125,24985.30078125,210500,0.39245818622948,0.4577646127041341,0.1497772010663858,-0.0653064264746541,-0.13680536120755926
2024-10-14,25127.94921875,25159.75,25017.5,25023.44921875,206400,0.9509285945025484,0.7092961271407681,0.0,0.2416324673617803,0.6557345754428789
2024-10-15,25057.349609375,25212.05078125,25008.150390625,25186.30078125,257200,0.5771225860383208,0.0211498233494162,0.4017275906122629,0.5559727626889045,-0.2809604904896901
2024-10-16,24971.30078125,25093.400390625,24908.44921875,25008.55078125,226800,0.3571211593005028,0.418932977983946,0.2239458627155511,-0.0618118186834432,-0.34340754096676696
2024-10-17,24749.849609375,25029.5,24728.900390625,25027.400390625,252800,0.7875490858587793,0.7758650652027869,0.0,0.0116840206559923,-0.8868227322834543
2024-10-18,24854.05078125,24886.19921875,24567.650390625,24664.94921875,290900,0.2510013832623002,0.3387329557744314,0.4102656609632683,-0.0877315725121311,0.4210173941240125
2024-10-21,24781.099609375,24978.30078125,24679.599609375,24956.150390625,242000,0.6566310737078761,0.7419953911261723,0.0,-0.0853643174182962,-0.293518237799828
2024-10-22,24472.099609375,24882.0,24445.80078125,24798.650390625,279500,0.2403989128935069,0.0522791032687596,0.7073219838377335,0.1881198096247472,-1.2469180337869368
2024-10-23,24435.5,24604.25,24378.099609375,24378.150390625,284600,0.1915929457348257,0.8525426448755004,0.0,-0.6609496991406746,-0.1495564743491773
2024-10-24,24399.400390625,24480.650390625,24341.19921875,24412.69921875,216700,0.9182390866754372,0.1981963864216681,0.0,0.7200427002537689,-0.14773427748562273
2024-10-25,24180.80078125,24440.25,24073.900390625,24418.05078125,372600,0.1018036829495369,0.8743980317083307,0.0237982853421323,-0.7725943487587938,-0.8959220549493163
2024-10-28,24339.150390625,24492.599609375,24134.900390625,24251.099609375,278600,0.0389299633256674,0.3192252977861884,0.6418447388881441,-0.280295334460521,0.6548567634608204
2024-10-29,24466.849609375,24484.5,24140.849609375,24328.849609375,332000,0.0360188182914263,0.9059116712346476,0.058069510473926,-0.8698928529432212,0.5246658848009123
2024-10-30,24340.849609375,24498.19921875,24307.30078125,24371.44921875,285200,0.1752217721058273,0.1266371255183743,0.6981411023757983,0.0485846465874529,-0.5149825253829232
2024-10-31,24205.349609375,24372.44921875,24172.599609375,24349.849609375,287000,0.8667703545060003,0.1785197892725987,0.0,0.6882505652334016,-0.5566773640794054
2024-11-01,24304.349609375,24368.25,24280.19921875,24302.75,38800,0.2824787439770266,0.4930301251588023,0.224491130864171,-0.2105513811817756,0.4090004961616156
2024-11-04,23995.349609375,24316.75,23816.150390625,24315.75,285500,0.4366141897687661,0.9437663822120144,0.0,-0.5071521924432483,-1.27137736646451
2024-11-05,24213.30078125,24229.05078125,23842.75,23916.5,289500,0.5800888346694546,0.9764896611478872,0.0,-0.3964008264784325,0.908305881860727
2024-11-06,24484.05078125,24537.599609375,24204.05078125,24308.75,351100,0.5166983852262678,0.3762593293304219,0.1070422854433102,0.1404390558958458,1.1181870759630508
2024-11-07,24199.349609375,24503.349609375,24179.05078125,24489.599609375,322200,0.7587762537573252,0.9232860210139356,0.0,-0.1645097672566104,-1.1628025706147627
2024-11-08,24148.19921875,24276.150390625,24066.650390625,24207.69921875,298700,0.2824960659728522,0.5448246756734317,0.172679258353716,-0.2623286097005795,-0.2113709312467793
2024-11-11,24141.30078125,24336.80078125,24004.599609375,24087.25,273400,0.9464565131504056,0.6589018065748572,0.0,0.2875547065755482,-0.028567088740283353
2024-11-12,23883.44921875,24242.0,23839.150390625,24225.80078125,255800,0.8925582274864745,0.9891253191087334,0.0,-0.0965670916222588,-1.0680930776533315
2024-11-13,23559.05078125,23873.599609375,23509.599609375,23822.44921875,304600,0.4194479939573136,0.2650472874092833,0.3155047186334031,0.1544007065480303,-1.3582562322921432
2024-11-14,23532.69921875,23675.900390625,23484.150390625,23542.150390625,257700,0.7803655030068817,0.6720595026617354,0.0,0.1083060003451462,-0.11185324376894457
2024-11-18,23453.80078125,23606.80078125,23350.400390625,23605.30078125,263300,0.5911303032585165,0.9994606810596732,0.0,-0.4083303778011566,-0.33527151631265184
2024-11-19,23518.5,23780.650390625,23464.80078125,23529.55078125,297500,0.1861358977533479,0.8022736971474778,0.0115904050991743,-0.6161377993941298,0.2758581406631766
2024-11-21,23349.900390625,23507.30078125,23263.150390625,23488.44921875,420300,0.8550302016199351,0.5097260752881797,0.0,0.3453041263317554,-0.7168807933116472
2024-11-22,23907.25,23956.099609375,23359.0,23411.80078125,367600,0.2070758092108552,0.3000670829054399,0.4928571078837048,-0.0929912736945847,2.3869464111237804
2024-11-25,24221.900390625,24351.55078125,24135.44921875,24253.55078125,687200,0.940784520503108,0.3759712219291391,0.0,0.5648132985739688,1.3161295867362366
2024-11-26,24194.5,24343.30078125,24125.400390625,24343.30078125,230700,0.5069204379618346,0.756310096980294,0.0,-0.2493896590184594,-0.11312238174179257
2024-11-27,24274.900390625,24354.55078125,24145.650390625,24204.80078125,295000,0.4094120718170183,0.5396617889031524,0.0509261392798292,-0.1302497170861341,0.3323085437806128
2024-11-28,23914.150390625,24345.75,23873.349609375,24274.150390625,366700,0.8108785810079184,0.0774836265554826,0.1116377924365988,0.7333949544524357,-1.4861029054492936
2024-11-29,24131.099609375,24188.44921875,23927.150390625,23927.150390625,282100,0.835825927910516,0.0180290089589122,0.1461450631305717,0.8177969189516038,0.9072001940535257
2024-12-02,24276.05078125,24301.69921875,24008.650390625,24140.849609375,220400,0.7711228158518866,0.9331929170490184,0.0,-0.1620701011971317,0.6006820004948565
2024-12-03,24457.150390625,24481.349609375,24280.0,24367.5,339500,0.6546506868659545,0.6374024812092216,0.0,0.0172482056567329,0.7460011144599932
2024-12-04,24467.44921875,24573.19921875,24366.30078125,24488.75,348000,0.1515950748000993,0.8018258998755151,0.0465790253243855,-0.6502308250754157,0.04210968146538541
2024-12-05,24708.400390625,24857.75,24295.55078125,24539.150390625,361500,0.875883083517057,0.4663745945045485,0.0,0.4095084890125084,0.9847825562885104
2024-12-06,24677.80078125,24751.05078125,24620.5,24729.44921875,226700,0.5390945527360087,0.3616660831950428,0.0992393640689485,0.1774284695409659,-0.12384293961259507
2024-12-09,24619.0,24705.0,24580.05078125,24633.900390625,248100,0.0375710903989073,0.7831600290279028,0.1792688805731898,-0.7455889386289954,-0.23827399277279726
2024-12-10,24610.05078125,24677.80078125,24510.650390625,24652.650390625,261000,0.1278668012224175,0.1681180975977251,0.7040151011798573,-0.0402512963753075,-0.03635086213900074
2024-12-11,24641.80078125,24691.75,24583.849609375,24620.5,187300,0.7655467505158609,0.5122605638762605,0.0,0.2532861866396003,0.12901233029631864
2024-12-12,24548.69921875,24675.25,24527.94921875,24604.44921875,266100,1.1634755366141114e-05,0.4873748079212449,0.512613557323389,-0.4873631731658787,-0.3778196379659149
2024-12-13,24768.30078125,24792.30078125,24180.80078125,24498.349609375,310100,0.4165658284822922,0.6250915526865286,0.0,-0.2085257242042364,0.8945547808588916
2024-12-16,24668.25,24781.25,24601.75,24753.400390625,187600,0.9730781629723328,0.5402172667786186,0.0,0.4328608961937142,-0.4039468921733236
2024-12-17,24336.0,24624.099609375,24303.44921875,24584.80078125,264900,0.2261253312496719,0.0503229329346639,0.7235517358156641,0.175802398315008,-1.3468730047733413
2024-12-18,24198.849609375,24394.44921875,24149.849609375,24297.94921875,235300,0.3041987196362808,0.0629074760180239,0.6328938043456952,0.2412912436182569,-0.5635699812006956
2024-12-19,23951.69921875,24004.900390625,23870.30078125,23877.150390625,271100,0.3039425122550273,0.1873467913267889,0.5087106964181838,0.1165957209282384,-1.0213311567061067
2024-12-20,23587.5,24065.80078125,23537.349609375,23960.69921875,442700,0.2304166621173499,0.0324707716917482,0.7371125661909018,0.1979458904256016,-1.520556915080562
2024-12-23,23753.44921875,23869.55078125,23647.19921875,23738.19921875,189800,0.9668454997992854,0.1360562344316429,0.0,0.8307892653676424,0.7035472972972912
2024-12-24,23727.650390625,23867.650390625,23685.150390625,23769.099609375,177700,0.224293483285045,0.8360789007952809,0.0,-0.6117854175102359,-0.10861087115143775
2024-12-26,23750.19921875,23854.5,23653.599609375,23775.80078125,177700,0.7418963269587151,0.3011755869973588,0.0,0.4407207399613563,0.09503186263191132
2024-12-27,23813.400390625,23938.849609375,23800.599609375,23801.400390625,176800,0.8484253790905247,0.248976899161365,0.0,0.5994484799291597,0.2661079652128029
2024-12-30,23644.900390625,23915.349609375,23599.30078125,23796.900390625,364900,0.3252951340230311,0.488950926438452,0.1857539395385168,-0.1636557924154209,-0.7075847935867907
2024-12-31,23644.80078125,23689.849609375,23460.44921875,23560.599609375,193600,0.7126213330985128,0.4074078813546854,0.0,0.3052134517438274,-0.0004212721278373799
2025-01-01,23742.900390625,23822.80078125,23562.80078125,23637.650390625,154900,0.816779466505636,0.9865694907793264,0.0,-0.1697900242736905,0.41488871182535636
2025-01-02,24188.650390625,24226.69921875,23751.55078125,23783.0,283200,0.1816139677566026,0.0559263501282256,0.7624596821151717,0.125687617628377,1.8774033191665485
2025-01-03,24004.75,24196.44921875,23976.0,24196.400390625,312300,0.3709410081577652,0.1421813763873516,0.4868776154548832,0.2287596317704135,-0.7602755327609123
2025-01-06,23616.05078125,24089.94921875,23551.900390625,24045.80078125,278100,0.9848584027624758,0.0545092774137195,0.0,0.9303491253487562,-1.6192595996625703
2025-01-07,23707.900390625,23795.19921875,23637.80078125,23679.900390625,262300,0.7542482596820808,0.8364397373761233,0.0,-0.0821914776940425,0.38892874268343647
2025-01-08,23688.94921875,23751.849609375,23496.150390625,23746.650390625,266400,0.3931952010279222,0.5119386306819278,0.0948661682901499,-0.1187434296540055,-0.07993610384197103
2025-01-09,23526.5,23689.5,23503.05078125,23674.75,269200,0.5906378339946378,0.5270076245815337,0.0,0.063630209413104,-0.6857594959147506
2025-01-10,23431.5,23596.599609375,23344.349609375,23551.900390625,261000,0.6610142542473203,0.5615945077121942,0.0,0.099419746535126,-0.4037999702463213
2025-01-13,23085.94921875,23340.94921875,23047.25,23195.400390625,316500,0.7093208284726096,0.3188173228730047,0.0,0.3905035055996049,-1.4747275302477436
2025-01-14,23176.05078125,23264.94921875,23134.150390625,23165.900390625,311200,0.1673213040010603,0.5934964158218514,0.2391822801770882,-0.426175111820791,0.3902874499386977
2025-01-15,23213.19921875,23293.650390625,23146.44921875,23250.44921875,228000,0.7806317174255571,0.2101177759402145,0.0092505066342283,0.5705139414853426,0.16028803979861728
2025-01-16,23311.80078125,23391.650390625,23272.05078125,23377.25,299400,0.5837727805141116,0.1163317271332612,0.2998954923526271,0.4674410533808504,0.4247650725383689
2025-01-17,23203.19921875,23292.099609375,23100.349609375,23277.099609375,272900,0.9522217856975946,0.9701168864184322,0.0,-0.0178951007208375,-0.46586517926727744
2025-01-20,23344.75,23391.099609375,23170.650390625,23290.400390625,301500,0.6015538792998241,0.7880351495750221,0.0,-0.186481270275198,0.6100485537167577
2025-01-21,23024.650390625,23426.30078125,22976.849609375,23421.650390625,312900,0.2965599122059307,0.297214113845096,0.4062259739489733,-0.0006542016391652,-1.3711845677293555
2025-01-22,23155.349609375,23169.55078125,22981.30078125,23099.150390625,276000,0.7144241640712422,0.1356266160073134,0.1499492199214444,0.5787975480639288,0.5676490914416465
2025-01-23,23205.349609375,23270.80078125,23090.650390625,23128.30078125,275600,0.759005282521931,0.1456286467054234,0.0953660707726455,0.6133766358165076,0.21593282262408753
2025-01-24,23092.19921875,23347.30078125,23050.0,23183.900390625,264300,0.1025159640664744,0.6974316172371925,0.200052418696333,-0.594915653170718,-0.48760476583936674
2025-01-27,22829.150390625,23007.44921875,22786.900390625,22940.150390625,257400,0.369280770215541,0.9374811723991048,0.0,-0.5682004021835636,-1.1391241935562957
2025-01-28,22957.25,23137.94921875,22857.650390625,22960.44921875,361900,0.932924862569672,0.691927363266592,0.0,0.2409974993030801,0.5611229817278129
2025-01-29,23163.099609375,23183.349609375,22976.5,23026.75,226300,0.8275063198732212,0.1558515365514434,0.0166421435753353,0.6716547833217777,0.8966649288351114
2025-01-30,23249.5,23322.05078125,23139.19921875,23169.5,361900,0.6972093819096368,0.2434426167654106,0.0593480013249525,0.4537667651442261,0.3730087599762788
2025-01-31,23508.400390625,23546.80078125,23277.400390625,23296.75,304900,0.7143266357349976,0.8421937308731146,0.0,-0.127867095138117,1.1135740150325812
2025-02-01,23482.150390625,23632.44921875,23318.30078125,23528.599609375,281000,0.4617161438131191,0.2093060758342085,0.3289777803526723,0.2524100679789105,-0.11166221250199504
2025-02-03,23361.05078125,23381.599609375,23222.0,23319.349609375,329700,0.6945954272532854,0.7032800540422505,0.0,-0.008684626788965,-0.5157091976693451
2025-02-04,23739.25,23762.75,23423.150390625,23509.900390625,376700,0.7289810616558164,0.402526355490142,0.0,0.3264547061656744,1.6189306820631133
2025-02-05,23696.30078125,23807.30078125,23680.44921875,23801.75,267000,0.8616909037873453,0.9200400525459036,0.0,-0.0583491487585583,-0.1809207062143936
2025-02-06,23603.349609375,23773.55078125,23556.25,23761.94921875,307000,0.274071589342191,0.6502550710936615,0.0756733395641474,-0.3761834817514705,-0.39226026346081966
2025-02-07,23559.94921875,23694.5,23443.19921875,23649.5,368100,0.807070903866703,0.0904189777916607,0.1025101183416362,0.7166519260750422,-0.18387386257991967
2025-02-10,23381.599609375,23568.599609375,23316.30078125,23543.80078125,234200,0.3356104542698427,0.3372124904062857,0.3271770553238715,-0.001602036136443,-0.7570033692307909
2025-02-11,23071.80078125,23390.05078125,22986.650390625,23383.55078125,268000,0.9785254683891406,0.402260413683542,0.0,0.5762650547055985,-1.3249684936046169
2025-02-12,23045.25,23144.69921875,22798.349609375,23050.80078125,279700,0.8565372237479268,0.0512242964043132,0.0922384798477599,0.8053129273436136,-0.11507892904301098
2025-02-13,23031.400390625,23235.5,22992.19921875,23055.75,265700,0.7011698615902597,0.4965154222306048,0.0,0.2046544393596548,-0.06009745771905495
2025-02-14,22929.25,23133.69921875,22774.849609375,23096.44921875,254500,0.7270567616153901,0.1233184910752922,0.1496247473093176,0.6037382705400979,-0.4435266153706374
2025-02-17,22959.5,22974.19921875,22725.44921875,22809.900390625,207400,0.4962587528823615,0.7728400834265033,0.0,-0.2765813305441418,0.13192755977626813
2025-02-18,22945.30078125,22992.5,22801.5,22963.650390625,210600,0.3805177098698945,0.8031705116327311,0.0,-0.4226528017628366,-0.06184463402948426
2025-02-19,22932.900390625,23049.94921875,22814.849609375,22847.25,207000,0.163035336931591,0.153412882389088,0.683551780679321,0.0096224545425029,-0.05404326900405598
2025-02-20,22913.150390625,22923.849609375,22812.75,22821.099609375,240800,0.786205652261058,0.3665511873792262,0.0,0.4196544648818318,-0.08612081186238907
2025-02-21,22795.900390625,22921.0,22720.30078125,22857.19921875,242800,0.7344439320755914,0.3733531610318317,0.0,0.3610907710437597,-0.5117148798882476
2025-02-24,22553.349609375,22668.05078125,22518.80078125,22609.349609375,214300,0.8389973277180107,0.7072283283354233,0.0,0.1317689993825874,-1.0640105330068539
2025-02-25,22547.55078125,22625.30078125,22513.900390625,22516.44921875,250300,0.0114179834540736,0.1903817862970347,0.7982002302488916,-0.1789638028429611,-0.025711604818956513
2025-02-27,22545.05078125,22613.30078125,22508.400390625,22568.94921875,289200,0.970257109726057,0.1058050248565142,0.0,0.8644520848695428,-0.011087678764998277
2025-02-28,22124.69921875,22450.349609375,22104.849609375,22433.400390625,551300,0.4376613281482034,0.6282065970930439,0.0,-0.1905452689448404,-1.8644959666695105
2025-03-03,22119.30078125,22261.55078125,22004.69921875,22194.55078125,282400,0.8171281420155851,0.7806820746878623,0.0,0.0364460673277228,-0.024400049223838316
2025-03-04,22082.650390625,22105.05078125,21964.599609375,21974.44921875,253300,0.5464303160778473,0.390238549583995,0.0633311343381576,0.1561917664938522,-0.16569416451024388
2025-03-05,22337.30078125,22394.900390625,22067.80078125,22073.05078125,305900,0.9670352752561462,0.5785639322793544,0.0,0.3884713429767917,1.1531695069225467
2025-03-06,22544.69921875,22556.44921875,22245.849609375,22476.349609375,372100,0.0516687216579611,0.9113418162164088,0.0369894621256301,-0.8596730945584476,0.9284847776867
2025-03-07,22552.5,22633.80078125,22464.75,22508.650390625,289800,0.5047955983045281,0.5540992803958261,0.0,-0.0493036820912979,0.03460139864501777
2025-03-10,22460.30078125,22676.75,22429.05078125,22521.849609375,293900,0.17925561190779,0.8431448650297454,0.0,-0.6638892531219553,-0.4088203913091726
2025-03-11,22497.900390625,22522.099609375,22314.69921875,22345.94921875,347900,0.8000034817636814,0.6442130159896179,0.0,0.1557904657740635,0.16740474556060647
2025-03-12,22470.5,22577.400390625,22329.55078125,22536.349609375,369700,0.5527070757185453,0.6507243843338003,0.0,-0.098017308615255,-0.12179087892316698
2025-03-13,22397.19921875,22558.05078125,22377.349609375,22541.5,287500,0.3965536819899632,0.8668214856884892,0.0,-0.4702678036985259,-0.3262089461738671
2025-03-17,22508.75,22577.0,22353.150390625,22353.150390625,251100,0.3097878592090992,0.5441260019631009,0.1460861388277998,-0.2343381427540016,0.4980568336268254
2025-03-18,22834.30078125,22857.80078125,22599.19921875,22662.25,272600,0.2900455319624369,0.7405095212183186,0.0,-0.4504639892558817,1.446329899483545
2025-03-19,22907.599609375,22940.69921875,22807.94921875,22874.94921875,324000,0.8714140341908543,0.7569268451270138,0.0,0.1144871890638404,0.32100316461272094
2025-03-20,23190.650390625,23216.69921875,22973.94921875,23036.599609375,313700,0.672702994208898,0.6067162019700039,0.0,0.0659867922388941,1.2356195589090069
2025-03-21,23350.400390625,23402.69921875,23132.80078125,23168.25,541000,0.7966813971913723,0.1667873351836741,0.0365312676249535,0.6298940620076982,0.6888551951288902
2025-03-24,23658.349609375,23708.75,23433.5,23515.400390625,311900,0.5717459831437487,0.0861357715490362,0.342118245307215,0.4856102115947124,1.3188177230298859
2025-03-25,23668.650390625,23869.599609375,23601.400390625,23751.5,338200,0.8328303767882711,0.4638098246743762,0.0,0.3690205521138948,0.04353972876416368
2025-03-26,23486.849609375,23736.5,23451.69921875,23700.94921875,278600,0.9060870604812604,0.1739773995218035,0.0,0.732109660959457,-0.7681079328545448
2025-03-27,23591.94921875,23646.44921875,23412.19921875,23433.94921875,510300,0.0121567714773868,0.3374770457129719,0.6503661828096413,-0.325320274235585,0.4474827877002596
2025-03-28,23519.349609375,23649.19921875,23450.19921875,23600.400390625,295400,0.6740199190587927,0.0180810922056854,0.3078989887355219,0.6559388268531072,-0.30773044101545244
2025-04-01,23165.69921875,23565.150390625,23136.400390625,23341.099609375,314300,0.3067765995221412,0.6634903451287101,0.0297330553491487,-0.3567137456065689,-1.5036571865236992
2025-04-02,23332.349609375,23350.0,23158.44921875,23192.599609375,341000,0.3529585034523566,0.83629131310246,0.0,-0.4833328096501034,0.7193842458686373
2025-04-03,23250.099609375,23306.5,23145.80078125,23150.30078125,283200,0.6212924490496101,0.21546290727573,0.1632446436746598,0.4058295417738801,-0.35251486188494496
2025-04-04,22904.44921875,23214.69921875,22857.44921875,23190.400390625,466800,0.3340499656687692,0.1204818224384679,0.5454682118927628,0.2135681432303012,-1.4866619775066536
2025-04-07,22161.599609375,22254.0,21743.650390625,21758.400390625,647100,0.0683532003099586,0.9747600813361952,0.0,-0.9064068810262368,-3.2432546283055363
2025-04-08,22535.849609375,22697.19921875,22270.849609375,22446.75,468300,0.7837598424841072,0.842538229398637,0.0,-0.0587783869145297,1.6887318902814252
2025-04-09,22399.150390625,22468.69921875,22353.25,22460.30078125,383800,0.285758324592706,0.5008766058895991,0.2133650695176948,-0.2151182812968931,-0.6065856008070525
2025-04-11,22828.55078125,22923.900390625,22695.400390625,22695.400390625,402200,0.6854438832219015,0.0973767291080042,0.2171793876700942,0.5880671541138973,1.9170387409190415
2025-04-15,23328.55078125,23368.349609375,23207.0,23368.349609375,388300,0.9444485826943034,0.9283725519807918,0.0,0.0160760307135116,2.190239778210845
2025-04-16,23437.19921875,23452.19921875,23273.05078125,23344.099609375,348400,0.6417343972985582,0.0656260881778175,0.2926395145236242,0.5761083091207406,0.4657316201027051
2025-04-17,23851.650390625,23872.349609375,23298.55078125,23401.849609375,505300,0.6714791486672069,0.5494118320609646,0.0,0.1220673166062423,1.7683476937954135
2025-04-21,24125.55078125,24189.55078125,23903.650390625,23949.150390625,406100,0.7509397983633183,0.3645664275198644,0.0,0.3863733708434538,1.1483498464016417
2025-04-22,24167.25,24242.599609375,24072.0,24185.400390625,440900,0.1013728975531591,0.8436805296649776,0.0549465727818632,-0.7423076321118185,0.17284255654137493
2025-04-23,24328.94921875,24359.30078125,24119.94921875,24357.599609375,415000,0.2778527760897122,0.1949427689701598,0.5272044549401279,0.0829100071195524,0.6690840652122221
2025-04-24,24246.69921875,24347.849609375,24216.150390625,24277.900390625,358800,0.2763191084658536,0.826867847173362,0.0,-0.5505487387075084,-0.33807460922566923
2025-04-25,24039.349609375,24365.44921875,23847.849609375,24289.0,387700,0.432018927594506,0.5626554229027424,0.0053256495027516,-0.1306364953082364,-0.855166336268387
2025-04-28,24328.5,24355.099609375,24054.05078125,24070.25,320500,0.518700994380595,0.207511495384879,0.2737875102345259,0.311189498995716,1.2028211882747275
2025-04-29,24335.94921875,24457.650390625,24290.75,24370.69921875,357600,0.1793646820122104,0.5688127364338729,0.2518225815539167,-0.3894480544216624,0.03061930965739812
2025-04-30,24334.19921875,24396.150390625,24198.75,24342.05078125,424500,0.970676545409744,0.8677231528050924,0.0,0.1029533926046517,-0.007191007773188485
2025-05-02,24346.69921875,24589.150390625,24238.5,24311.900390625,421100,0.4036010023615912,0.9665907702233169,0.0,-0.5629897678617255,0.05136803511647248
2025-05-05,24461.150390625,24526.400390625,24400.650390625,24419.5,291500,0.4227286368939322,0.3894346800776732,0.1878366830283945,0.033293956816259,0.4700890697612925
2025-05-06,24379.599609375,24509.650390625,24331.80078125,24500.75,302400,0.3465241679527182,0.9517024063905372,0.0,-0.6051782384378189,-0.3333889859949313
2025-05-07,24414.400390625,24449.599609375,24220.0,24233.30078125,330100,0.3976123785528705,0.3197208493398542,0.2826667721072752,0.0778915292130163,0.14274549954715887
2025-05-08,24273.80078125,24447.25,24150.19921875,24431.5,411400,0.2642762631586393,0.8680981598670628,0.0,-0.6038218967084236,-0.5758880297096702
2025-05-09,24008.0,24164.25,23935.75,23935.75,335600,0.2053329387067998,0.8812506816818898,0.0,-0.67591774297509,-1.09501096942064
2025-05-12,24924.69921875,24944.80078125,24378.849609375,24420.099609375,368700,0.2874616648972501,0.7245579091588182,0.0,-0.4370962442615681,3.8183073090219954
2025-05-13,24578.349609375,24973.80078125,24547.5,24864.05078125,423000,0.6567560634745571,0.311512299013986,0.0317316375114569,0.345243764460571,-1.389583907654357
2025-05-14,24666.900390625,24767.55078125,24535.55078125,24613.80078125,345500,0.9685373316998922,0.7829236142575724,0.0,0.1856137174423198,0.36027960647213586
2025-05-15,25062.099609375,25116.25,24494.44921875,24694.44921875,500800,0.6036372005593751,0.4426548482604331,0.0,0.1609823522989419,1.6021438141461841
2025-05-16,25019.80078125,25070.0,24953.05078125,25064.650390625,432700,0.0769794670649662,0.4852667423426215,0.4377537905924121,-0.4082872752776553,-0.16877607536591732
2025-05-19,24945.44921875,25062.94921875,24916.650390625,25005.349609375,255300,0.2972907903073336,0.4431273453229145,0.2595818643697518,-0.1458365550155809,-0.29717088137536374
2025-05-20,24683.900390625,25010.349609375,24669.69921875,24996.19921875,414800,0.0920669860824754,0.3761904687696221,0.5317425451479024,-0.2841234826871467,-1.0484831354666824
2025-05-21,24813.44921875,24946.19921875,24685.349609375,24744.25,332700,0.5990445871503816,0.3673405152772799,0.0336148975723384,0.2317040718731016,0.524831270888626
2025-05-22,24609.69921875,24737.5,24462.400390625,24733.94921875,403300,0.6236487782902661,0.5259465769014594,0.0,0.0977022013888067,-0.8211272774042211
2025-05-23,24853.150390625,24909.05078125,24614.05078125,24639.5,270500,0.6485048201186882,0.8087994445011507,0.0,-0.1602946243824625,0.9892488718005854
2025-05-26,25001.150390625,25079.19921875,24900.5,24919.349609375,302800,0.965015369454472,0.6707273254426008,0.0,0.294288044011871,0.5954979456279652
2025-05-27,24826.19921875,25062.900390625,24704.099609375,24956.650390625,525700,0.2508930456911025,0.269439446303655,0.4796675080052425,-0.0185464006125525,-0.6997724870316469
2025-05-28,24752.44921875,24864.25,24737.05078125,24832.5,684400,0.6760262880525475,0.2775228049023925,0.0464509070450599,0.3985034831501549,-0.29706520659956714
2025-05-29,24833.599609375,24892.599609375,24677.30078125,24825.099609375,345400,0.7066298698787096,0.9334131270234548,0.0,-0.2267832571447452,0.3278479228775888
2025-05-30,24750.69921875,24863.94921875,24717.400390625,24812.599609375,853900,0.6100074170794857,0.7235345733310886,0.0,-0.1135271562516029,-0.333823496911434
2025-06-02,24716.599609375,24754.400390625,24526.150390625,24669.69921875,311100,0.5976682827027031,0.0292994431034183,0.3730322741938785,0.5683688395992847,-0.13777230725331435
2025-06-03,24542.5,24845.099609375,24502.150390625,24786.30078125,349300,0.8660956336116915,0.6181029655616969,0.0,0.2479926680499946,-0.7043833380258491
2025-06-04,24620.19921875,24644.25,24530.44921875,24560.44921875,280900,0.9467337289233956,0.5095088732242019,0.0,0.4372248556991936,0.3165904807986175
2025-06-05,24750.900390625,24899.849609375,24613.099609375,24691.19921875,388400,0.1059058044037576,0.5457496797794357,0.3483445158168067,-0.439843875375678,0.5308696762106768
2025-06-06,25003.05078125,25029.5,24671.44921875,24748.69921875,335600,0.1548286125977198,0.3594238268308171,0.485747560571463,-0.2045952142330972,1.018752395450262
2025-06-09,25103.19921875,25160.099609375,25077.150390625,25160.099609375,279200,0.8829938248297731,0.9507447132126716,0.0,-0.0677508883828986,0.4005448710087123
2025-06-10,25104.25,25199.30078125,25055.44921875,25196.05078125,307300,0.2026326341353431,0.4086995622709339,0.3886678035937229,-0.2060669281355908,0.00418584595869298
2025-06-11,25141.400390625,25222.400390625,25081.30078125,25134.150390625,301200,0.5875858711094019,0.4666831558308641,0.0,0.1209027152785376,0.14798446727146697
2025-06-12,24888.19921875,25196.19921875,24825.900390625,25164.44921875,328300,0.7011395944174736,0.0527097898534389,0.2461506157290873,0.6484298045640347,-1.0071084662786611
2025-06-13,24718.599609375,24754.349609375,24473.0,24473.0,318700,0.6801118854469727,0.0375662295439805,0.2823218850090467,0.6425456559029921,-0.6814458847919758
2025-06-16,24946.5,24967.099609375,24703.599609375,24732.349609375,305800,0.5829260568042631,0.5087059842162667,0.0,0.0742200725879964,0.921979376770854
2025-06-17,24853.400390625,24982.05078125,24813.69921875,24977.849609375,242400,0.2531015391796087,0.2431245304226686,0.5037739303977226,0.00997700875694,-0.37319707924959866
2025-06-18,24812.05078125,24947.55078125,24750.44921875,24788.349609375,237600,0.4502542461428903,0.7447507316299222,0.0,-0.2944964854870319,-0.16637405234334324
2025-06-19,24793.25,24863.099609375,24733.400390625,24803.25,274600,0.9575810150838172,0.1682365791084918,0.0,0.7893444359753254,-0.07577278241026608
2025-06-20,25112.400390625,25136.19921875,24783.650390625,24787.650390625,574700,0.3990353176424347,0.18993474366102,0.4110299386965452,0.2091005739814146,1.287247095983779
2025-06-23,24971.900390625,25057.0,24824.849609375,24939.75,248500,0.6724604980250288,0.2474629812331463,0.0800765207418248,0.4249975167918824,-0.559484548726974
2025-06-24,25044.349609375,25317.69921875,24999.69921875,25179.900390625,450200,0.9770069544389436,0.6452376445533317,0.0,0.3317693098856118,0.29012296868362597
2025-06-25,25244.75,25266.80078125,25125.05078125,25150.349609375,260600,0.1018931008729367,0.6509717452185445,0.2471351539085187,-0.5490786443456077,0.8001820520425307
2025-06-26,25549.0,25565.30078125,25259.900390625,25268.94921875,428900,0.008319942227192,0.8245170697999292,0.1671629879728787,-0.8161971275727372,1.2052010814129765
2025-06-27,25637.80078125,25654.19921875,25523.55078125,25576.650390625,564000,0.4335827926326143,0.4177085669729758,0.1487086403944097,0.0158742256596384,0.3475704773181043
2025-06-30,25517.05078125,25669.349609375,25473.30078125,25661.650390625,271000,0.9145486638485588,0.9800054631968168,0.0,-0.0654567993482579,-0.4709842354665206
2025-07-01,25541.80078125,25593.400390625,25501.80078125,25551.349609375,260700,0.4340209727087588,0.5962585752327021,0.0,-0.1622376025239432,0.09699396772837598
2025-07-02,25453.400390625,25608.099609375,25378.75,25588.30078125,309800,0.2587116421554409,0.7097370848010203,0.0315512730435387,-0.4510254426455793,-0.34610085397696055
2025-07-03,25405.30078125,25587.5,25384.349609375,25505.099609375,293400,0.4344033190066098,0.0073578296254145,0.5582388513679757,0.4270454893811952,-0.188971251922454
2025-07-04,25461.0,25470.25,25331.650390625,25428.849609375,193500,0.723447817850001,0.5182057321825209,0.0,0.2052420856674801,0.21924250859925998
2025-07-07,25461.30078125,25489.80078125,25407.25,25450.44921875,196100,0.6132916848873791,0.9207708496360754,0.0,-0.3074791647486963,0.0011813410706551508
2025-07-08,25522.5,25548.05078125,25424.150390625,25427.849609375,210400,0.6376882468959355,0.9684191305004078,0.0,-0.3307308836044723,0.24036171315751087
2025-07-09,25476.099609375,25548.69921875,25424.349609375,25514.599609375,239100,0.2420220799808772,0.5405526753889242,0.2174252446301986,-0.2985305954080469,-0.181801902732881
2025-07-10,25355.25,25524.05078125,25340.44921875,25511.650390625,219600,0.7140527233781268,0.4582048052522159,0.0,0.2558479181259108,-0.4743646446198069
2025-07-11,25149.849609375,25322.44921875,25129.0,25255.5,250000,0.0913914863317764,0.945017094248494,0.0,-0.8536256079167176,-0.8100901810276007
2025-07-14,25082.30078125,25151.099609375,25001.94921875,25149.5,259500,0.7387231507265664,0.4657255776674975,0.0,0.2729975730590688,-0.2685854157148504
2025-07-15,25195.80078125,25245.19921875,25088.44921875,25089.5,241300,0.0137455540113452,0.2402450184643039,0.7460094275243508,-0.2264994644529586,0.4525103218794291
2025-07-16,25212.05078125,25255.30078125,25121.05078125,25196.599609375,228800,0.2483762603698002,0.4698043214486815,0.2818194181815182,-0.2214280610788813,0.06449487413033861
2025-07-17,25111.44921875,25238.349609375,25101.0,25230.75,243400,0.2144064829931645,0.4554655720063617,0.3301279450004737,-0.2410590890131971,-0.3990217351728331
2025-07-18,24968.400390625,25144.599609375,24918.650390625,25108.55078125,317000,0.2708063280369726,0.582144802814742,0.1470488691482854,-0.3113384747777694,-0.5696558047242783
2025-07-21,25090.69921875,25111.400390625,24882.30078125,24999.0,305200,0.4589405165968203,0.5037194345899563,0.0373400488132233,-0.0447789179931359,0.48981443028652816
2025-07-22,25060.900390625,25182.0,25035.55078125,25166.650390625,483700,0.7327334747861651,0.8302028843457621,0.0,-0.0974694095595969,-0.11876443882732346
2025-07-23,25219.900390625,25233.5,25085.5,25139.349609375,271500,0.6067317247174364,0.6640122280676023,0.0,-0.0572805033501658,0.6344544590244583
2025-07-24,25062.099609375,25246.25,25018.69921875,25243.30078125,338700,0.6728716685980798,0.3383678659252158,0.0,0.3345038026728639,-0.6256994627491075
2025-07-25,24837.0,25010.349609375,24806.349609375,25010.349609375,278100,0.0811491785362391,0.9355230227588572,0.0,-0.8543738442226181,-0.8981674037030651
2025-07-28,24680.900390625,24889.19921875,24646.599609375,24782.44921875,262100,0.8050903184956627,0.0394175851203629,0.1554920963839743,0.7656727333752997,-0.6284962329387578
2025-07-29,24821.099609375,24847.150390625,24598.599609375,24609.650390625,284700,0.8229838050417675,0.7413087083507622,0.0,0.0816750966910052,0.5680474234370125
2025-07-30,24855.05078125,24902.30078125,24771.94921875,24890.400390625,243900,0.9327105081327614,0.8276102613491533,0.0,0.105100246783608,0.1367835124523431
2025-07-31,24768.349609375,24956.5,24635.0,24642.25,346300,0.5442539661136977,0.9678645659513552,0.0,-0.4236105998376576,-0.34882717656889994
2025-08-01,24565.349609375,24784.150390625,24535.05078125,24734.900390625,263400,0.2002820178676259,0.8898363940883107,0.0,-0.6895543762206848,-0.8195943742782208
2025-08-04,24722.75,24736.25,24554.0,24596.05078125,259300,0.7379173933540254,0.0278410512625862,0.2342415553833883,0.7100763420914391,0.6407415043054421
2025-08-05,24649.55078125,24733.099609375,24590.30078125,24720.25,251800,0.5214490241668801,0.2466564468447778,0.231894528988342,0.2747925773221022,-0.29608040671041946
2025-08-06,24574.19921875,24671.400390625,24539.19921875,24641.349609375,225100,0.068458719333578,0.4596147517329264,0.4719265289334955,-0.3911560323993484,-0.3056914228121266
2025-08-07,24596.150390625,24634.19921875,24344.150390625,24464.19921875,616700,0.3711129384301278,0.6285039000835678,0.0003831614863043,-0.25739096165344,0.08932609229541644
2025-08-08,24363.30078125,24585.5,24337.5,24544.25,312600,0.9207666084633572,0.5572518333184107,0.0,0.3635147751449467,-0.9466912735407229
2025-08-11,24585.05078125,24600.849609375,24347.44921875,24371.5,241100,0.2688535143821935,0.5649526076524732,0.1661938779653332,-0.2960990932702797,0.9101804471857822
2025-08-12,24487.400390625,24702.599609375,24465.650390625,24563.349609375,237000,0.3684489199165789,0.0881422433907921,0.543408836692629,0.2803066765257868,-0.39719417907191357
2025-08-13,24619.349609375,24664.55078125,24535.25,24586.19921875,236000,0.8953460891531693,0.4136655235832069,0.0,0.4816805655699623,0.5388453516712133
2025-08-14,24631.30078125,24673.650390625,24596.900390625,24607.25,270200,0.6664630475268357,0.750160832954601,0.0,-0.0836977854277652,0.048543816407109475
2025-08-18,24876.94921875,25022.0,24852.849609375,24938.19921875,363100,0.2483836087432075,0.4981892991739791,0.2534270920828133,-0.2498056904307716,0.9973019276634965
2025-08-19,24980.650390625,25012.650390625,24873.94921875,24891.349609375,252300,0.7054608302834863,0.3295304137739967,0.0,0.3759304165094895,0.41685646806257637
2025-08-20,25050.55078125,25088.69921875,24929.69921875,24965.80078125,287100,0.4276013337033373,0.4406031140591747,0.1317955522374879,-0.0130017803558374,0.27981813736617234
2025-08-21,25083.75,25153.650390625,25054.900390625,25142.0,226500,0.4425455148147456,0.8569501298693881,0.0,-0.4144046150546425,0.13252889742787488
2025-08-22,24870.099609375,25084.849609375,24859.150390625,25064.150390625,210200,0.6493223245768817,0.6842090751884866,0.0,-0.0348867506116049,-0.8517482060098724
2025-08-25,24967.75,25021.55078125,24894.349609375,24949.150390625,213000,0.8247432373470076,0.873361117841438,0.0,-0.0486178804944303,0.39264173509054867
2025-08-26,24712.05078125,24919.650390625,24689.599609375,24899.5,750500,0.2923831104121931,0.0597622741783844,0.6478546154094225,0.2326208362338087,-1.0241179872034878
2025-08-28,24500.900390625,24702.650390625,24481.599609375,24695.80078125,326600,0.0219133287750089,0.3290737794607279,0.6490128917642631,-0.3071604506857189,-0.8544430103923584
2025-08-29,24426.849609375,24572.44921875,24404.69921875,24466.69921875,325500,0.301046077834313,0.3145876334140665,0.3843662887516205,-0.0135415555797534,-0.30223697933294824
2025-09-01,24625.05078125,24635.599609375,24432.69921875,24432.69921875,229300,0.4910957293831651,0.0477813646814053,0.4611229059354295,0.4433143647017598,0.8114070174605414
2025-09-02,24579.599609375,24756.099609375,24522.349609375,24653.0,271600,0.9271106288584272,0.3522309750707453,0.0,0.574879653787682,-0.18457290617897026
2025-09-03,24715.05078125,24737.05078125,24533.19921875,24616.5,340300,0.1053932181078052,0.8565719886833357,0.038034793208859,-0.7511787705755305,0.5510715147017065
2025-09-04,24734.30078125,24980.75,24708.19921875,24980.75,314100,0.7644407280755043,0.3960544774354667,0.0,0.3683862506400376,0.07788776228048189
2025-09-05,24741.0,24832.349609375,24621.599609375,24818.849609375,210100,0.4096710533759926,0.199156897597067,0.3911720490269403,0.2105141557789256,0.027084730671167456
2025-09-08,24773.150390625,24885.5,24751.55078125,24802.599609375,213200,0.1594922625413583,0.9154162014667034,0.0,-0.7559239389253452,0.12994782193525012
2025-09-09,24868.599609375,24891.80078125,24814.0,24864.099609375,226900,0.1604626142712264,0.7619343757430971,0.0776030099856764,-0.6014717614718706,0.3852930178235292
2025-09-10,24973.099609375,25035.69921875,24915.05078125,24991.0,244100,0.0704919456431446,0.5051155557440064,0.424392498612849,-0.4346236101008617,0.42020862308871365
2025-09-11,25005.5,25037.30078125,24940.150390625,24945.5,224600,0.185646704901243,0.9883705667215712,0.0,-0.8027238618203281,0.12974116602184615
2025-09-12,25114.0,25139.44921875,25038.05078125,25074.44921875,225700,0.6642193849889683,0.4652775312759233,0.0,0.1989418537130449,0.4339045410009845
2025-09-15,25069.19921875,25138.44921875,25048.75,25118.900390625,185400,0.6851343098744841,0.4360704802193126,0.0,0.2490638296551715,-0.17838966811339896
2025-09-16,25239.099609375,25261.400390625,25070.44921875,25073.599609375,240100,0.1104318634111026,0.1569026241461201,0.7326655124427772,-0.0464707607350174,0.6777256391098607
2025-09-17,25330.25,25346.5,25275.349609375,25276.599609375,268900,0.2891874462959498,0.947565126324043,0.0,-0.6583776800280932,0.3611475529465391
2025-09-18,25423.599609375,25448.94921875,25329.75,25441.05078125,272200,0.309806875322469,0.7668488978177731,0.0,-0.4570420224953041,0.36853015416349333
2025-09-19,25327.05078125,25428.75,25286.30078125,25410.19921875,380400,0.2499569463976212,0.2682872004277726,0.4817558531746061,-0.0183302540301514,-0.37976065391384095
2025-09-22,25202.349609375,25331.69921875,25151.05078125,25238.099609375,254500,0.3568859751711102,0.941278928906798,0.0,-0.5843929537356878,-0.49236357186648316
2025-09-23,25169.5,25261.900390625,25084.650390625,25209.0,299200,0.353789158736436,0.8816353491754106,0.0,-0.5278461904389746,-0.13034343973540308
2025-09-24,25056.900390625,25149.849609375,25027.44921875,25108.75,244400,0.8285555979060814,0.5151922261382137,0.0,0.3133633717678676,-0.447365300760838
2025-09-25,24890.849609375,25092.69921875,24878.30078125,25034.5,342500,0.7892928483196856,0.7746526197930176,0.0,0.014640228526668,-0.6626948212322681
2025-09-26,24654.69921875,24868.599609375,24629.44921875,24818.55078125,291500,0.3077958316807456,0.562144753827585,0.1300594144916693,-0.2543489221468393,-0.9487437927231501
2025-09-29,24634.900390625,24791.30078125,24606.19921875,24728.55078125,394400,0.3267425420300408,0.126137658016152,0.5471197999538071,0.2006048840138887,-0.08030448049409777
2025-09-30,24611.099609375,24731.80078125,24587.69921875,24691.94921875,303000,0.3544249487930548,0.5295336150224574,0.1160414361844877,-0.1751086662294025,-0.09661407544825362
2025-10-01,24836.30078125,24867.94921875,24605.94921875,24620.55078125,308900,0.5056341534219588,0.2688615449790066,0.2255043015990345,0.2367726084429522,0.9150390492475902
2025-10-03,24894.25,24904.80078125,24747.55078125,24759.55078125,365900,0.8763194331423115,0.7228392039002123,0.0,0.1534802292420992,0.23332467769816567
2025-10-06,25077.650390625,25095.94921875,24881.650390625,24916.55078125,268800,0.5533711897497718,0.5391937941273144,0.0,0.0141773956224574,0.7367178791287232
2025-10-07,25108.30078125,25220.900390625,25076.30078125,25085.30078125,288000,0.50313247255154,0.9688146905778044,0.0,-0.4656822180262644,0.12222193924698033
2025-10-08,25046.150390625,25192.5,25008.5,25079.75,227400,0.1938630679368926,0.4842131393476416,0.3219237927154657,-0.290350071410749,-0.24752925801897474
2025-10-09,25181.80078125,25199.25,25024.30078125,25074.30078125,286300,0.8588167711681547,0.0636014363777973,0.0775817924540479,0.7952153347903573,0.5416017571936882
2025-10-10,25285.349609375,25330.75,25156.849609375,25167.650390625,232900,0.6769407829968374,0.5516879678064617,0.0,0.1252528151903756,0.41120501676790155
2025-10-13,25227.349609375,25267.30078125,25152.30078125,25177.30078125,234300,0.7483558536657398,0.4303431736890725,0.0,0.3180126799766672,-0.22938183927065925
2025-10-14,25145.5,25310.349609375,25060.55078125,25277.55078125,292100,0.4392106012497173,0.3202987424967425,0.2404906562535401,0.1189118587529748,-0.3244479132464395
2025-10-15,25323.55078125,25365.150390625,25159.349609375,25181.94921875,289900,0.6105467550154245,0.9066532969519988,0.0,-0.2961065419365744,0.7080820872521931
2025-10-16,25585.30078125,25625.400390625,25376.849609375,25394.900390625,372800,0.1603654061197431,0.1912421290761213,0.6483924648041355,-0.0308767229563782,1.0336228211479837
2025-10-17,25709.849609375,25781.5,25508.599609375,25546.849609375,422100,0.6736454174749077,0.6154289150329266,0.0,0.058216502441981,0.48679837376106594
2025-10-20,25843.150390625,25926.19921875,25788.5,25824.599609375,301100,0.2295981607539686,0.3472884743056977,0.4231133649403336,-0.1176903135517291,0.5184813729964155
2025-10-21,25868.599609375,25934.349609375,25825.80078125,25901.19921875,42500,0.1175513001502199,0.2652285225026746,0.6172201773471054,-0.1476772223524546,0.09847568259027106
2025-10-23,25891.400390625,26104.19921875,25862.44921875,26057.19921875,448400,0.0019921352190702,0.948790497691918,0.0492173670890115,-0.946798362472848,0.08814076368377499
2025-10-24,25795.150390625,25944.150390625,25718.19921875,25935.099609375,284900,0.7187396178535302,0.2680471873786377,0.013213194767832,0.4506924304748925,-0.37174505259611745
2025-10-27,25966.05078125,26005.94921875,25827.0,25843.19921875,266300,0.1613628010553837,0.5381210100398132,0.3005161889048031,-0.3767582089844294,0.6625291500029773
2025-10-28,25936.19921875,26041.69921875,25810.05078125,25939.94921875,395200,0.0835543375106897,0.0705500637098945,0.8458955987794157,0.0130042738007951,-0.1149638146805021
2025-10-29,26053.900390625,26097.849609375,25960.30078125,25982.0,321900,0.019128966437287,0.9340329911306392,0.0468380424320736,-0.9149040246933524,0.45381040946781415
2025-10-30,25877.849609375,26032.05078125,25845.25,25984.400390625,257400,0.1657481769652207,0.7663512805573902,0.067900542477389,-0.6006031035921695,-0.6757175647810088
2025-10-31,25722.099609375,25953.75,25711.19921875,25863.80078125,334400,0.8908555349831467,0.6579499112045923,0.0,0.2329056237785544,-0.6018660837397216
2025-11-03,25763.349609375,25803.099609375,25645.5,25696.849609375,23300,0.1053454844813331,0.9689443971742911,0.0,-0.863598912692958,0.16036793506921665
2025-11-04,25597.650390625,25787.400390625,25578.400390625,25744.75,305100,0.2223613047481702,0.7139579478647715,0.0636807473870582,-0.4915966431166012,-0.6431586779760301
2025-11-06,25509.69921875,25679.150390625,25491.55078125,25593.349609375,371900,0.6077526830956526,0.517131892010638,0.0,0.0906207910850145,-0.34359080045569534
2025-11-07,25492.30078125,25551.25,25318.44921875,25433.80078125,305600,0.245352314166211,0.1170644129818626,0.6375832728519263,0.1282879011843484,-0.06820322478444663
2025-11-10,25574.349609375,25653.44921875,25503.5,25503.5,243600,0.2342033709263341,0.592493479176405,0.1733031498972608,-0.3582901082500709,0.32185728871263475
2025-11-11,25694.94921875,25715.80078125,25449.25,25617.0,297700,0.2195539232298019,0.4824930605276629,0.2979530162425351,-0.262939137297861,0.47156471705849246
2025-11-12,25875.80078125,25934.55078125,25781.150390625,25834.30078125,312600,0.9598628027134553,0.6225753978327817,0.0,0.3372874048806735,0.7038409025849734
2025-11-13,25879.150390625,26010.69921875,25808.400390625,25906.099609375,385200,0.6163004859257241,0.0100469810548315,0.3736525330194443,0.6062535048708925,0.012944949620363744
2025-11-14,25910.05078125,25940.19921875,25740.80078125,25767.900390625,518900,0.5568784431720959,0.1948404916553641,0.24828106517254,0.3620379515167318,0.1194026471448284
2025-11-17,26013.44921875,26024.19921875,25906.349609375,25948.19921875,281800,0.5409050038380808,0.3836090403551584,0.0754859558067607,0.1572959634829224,0.39906690408659795
2025-11-18,25910.05078125,26029.849609375,25876.5,26021.80078125,280000,0.6964298070361072,0.4243720260536346,0.0,0.2720577809824726,-0.39748069020186794
2025-11-19,26052.650390625,26074.650390625,25856.19921875,25918.099609375,0,0.7021460961818294,0.7146960890066222,0.0,-0.0125499928247927,0.5503640675154298
