Date,Positive,Negative,Neutral,Compound_Sentiment
2017-01-01,0.3745401188473625,0.17169390770544957,0.45376597344718794,0.20284621114191292
2017-01-02,0.9507143064099162,0.500112752076627,0.0,0.4506015543332892
2017-01-03,0.7319939418114051,0.41195809503410197,0.0,0.3200358467773031
2017-01-04,0.5986584841970366,0.8705269662693842,0.0,-0.2718684820723476
2017-01-05,0.15601864044243652,0.6314189212183764,0.2125624383391871,-0.4754002807759399
2017-01-06,0.15599452033620265,0.5325040664159818,0.31150141324781555,-0.37650954607977916
2017-01-07,0.05808361216819946,0.11539464217891737,0.8265217456528832,-0.05731103001071791
2017-01-08,0.8661761457749352,0.6056378893234114,0.0,0.26053825645152373
2017-01-09,0.6011150117432088,0.11720390568023342,0.2816810825765578,0.4839111060629754
2017-01-10,0.7080725777960455,0.33720657556575206,0.0,0.3708660022302934
2017-01-11,0.020584494295802447,0.14284196481433187,0.8365735408898657,-0.12225747051852942
2017-01-12,0.9699098521619943,0.6920736470243689,0.0,0.2778362051376254
2017-01-13,0.8324426408004217,0.2062521138361526,0.0,0.6261905269642691
2017-01-14,0.21233911067827616,0.391859373188026,0.39580151613369785,-0.17952026250974984
2017-01-15,0.18182496720710062,0.8956747776187787,0.0,-0.713849810411678
2017-01-16,0.18340450985343382,0.2043163833989703,0.6122791067475959,-0.020911873545536475
2017-01-17,0.3042422429595377,0.5078050639587791,0.18795269308168316,-0.2035628209992414
2017-01-18,0.5247564316322378,0.419271661166022,0.05597190720174017,0.10548477046621585
2017-01-19,0.43194501864211576,0.018124041045729733,0.5499309403121545,0.41382097759638603
2017-01-20,0.2912291401980419,0.7927581135728128,0.0,-0.5015289733747709
2017-01-21,0.6118528947223795,0.06904590631459973,0.3191011989630208,0.5428069884077797
2017-01-22,0.13949386065204183,0.4742550209769536,0.38625111837100456,-0.33476116032491177
2017-01-23,0.29214464853521815,0.5606782949389499,0.1471770565258319,-0.2685336464037318
2017-01-24,0.3663618432936917,0.6284264566145871,0.0052117000917212275,-0.26206461332089537
2017-01-25,0.45606998421703593,0.6886316293078756,0.0,-0.23256164509083965
2017-01-26,0.7851759613930136,0.2532723835227151,0.0,0.5319035778702985
2017-01-27,0.19967378215835974,0.009978776658449373,0.7903474411831909,0.18969500549991036
2017-01-28,0.5142344384136116,0.723443662354912,0.0,-0.20920922394130037
2017-01-29,0.5924145688620425,0.5356565993475786,0.0,0.05675796951446388
2017-01-30,0.046450412719997725,0.8361177032072488,0.11743188407275351,-0.789667290487251
2017-01-31,0.6075448519014384,0.8213883629006943,0.0,-0.21384351099925591
2017-02-01,0.17052412368729153,0.8433261677878832,0.0,-0.6728020441005916
2017-02-02,0.06505159298527952,0.48509465997954015,0.44985374703518033,-0.42004306699426064
2017-02-03,0.9488855372533332,0.33362839583686565,0.0,0.6152571414164676
2017-02-04,0.9656320330745594,0.79155820259137,0.0,0.17407383048318936
2017-02-05,0.8083973481164611,0.45129411302925493,0.0,0.3571032350872062
2017-02-06,0.3046137691733707,0.1834421964034345,0.5119440344231948,0.12117157276993618
2017-02-07,0.09767211400638387,0.8549740195614743,0.04735386643214179,-0.7573019055550905
2017-02-08,0.6842330265121569,0.8825598767723473,0.0,-0.19832685026019037
2017-02-09,0.4401524937396013,0.4663097561401701,0.09353775012022858,-0.026157262400568815
2017-02-10,0.12203823484477883,0.07569972730978747,0.8022620378454337,0.04633850753499136
2017-02-11,0.4951769101112702,0.38782608991693124,0.11699699997179858,0.10735082019433895
2017-02-12,0.034388521115218396,0.8035376594626034,0.16207381942217824,-0.769149138347385
2017-02-13,0.9093204020787821,0.9017740285462287,0.0,0.007546373532553385
2017-02-14,0.2587799816000169,0.20347274249759584,0.5377472759023872,0.05530723910242108
2017-02-15,0.662522284353982,0.06697361202527152,0.2705041036207465,0.5955486723287104
2017-02-16,0.31171107608941095,0.8773504531328387,0.0,-0.5656393770434277
2017-02-17,0.5200680211778108,0.3894049389788753,0.0905270398433139,0.13066308219893552
2017-02-18,0.5467102793432796,0.5417609642675633,0.0,0.004949315075716387
2017-02-19,0.18485445552552704,0.9680658120507589,0.0,-0.7832113565252319
2017-02-20,0.9695846277645586,0.06656472791422285,0.0,0.9030198998503357
2017-02-21,0.7751328233611146,0.6483180074520956,0.0,0.126814815909019
2017-02-22,0.9394989415641891,0.07410542257486707,0.0,0.865393518989322
2017-02-23,0.8948273504276488,0.3754689284665004,0.0,0.5193584219611485
2017-02-24,0.5978999788110851,0.8038145451934468,0.0,-0.2059145663823616
2017-02-25,0.9218742350231168,0.4334722327556344,0.0,0.4884020022674824
2017-02-26,0.0884925020519195,0.9971823539029504,0.0,-0.9086898518510309
2017-02-27,0.1959828624191452,0.5590592849466022,0.24495785263425263,-0.363076422527457
2017-02-28,0.045227288910538066,0.3211621526359535,0.6336105584535084,-0.2759348637254154
2017-03-01,0.32533033076326434,0.22011132590475313,0.45455834333198253,0.10521900485851121
2017-03-02,0.388677289689482,0.3505205342861618,0.2608021760243562,0.0381567554033202
2017-03-03,0.2713490317738959,0.3725332737595508,0.3561176944665533,-0.1011842419856549
2017-03-04,0.8287375091519293,0.06871367772396098,0.10254881312410968,0.7600238314279684
2017-03-05,0.3567533266935893,0.36957419942677316,0.27367247387963756,-0.012820872733183886
2017-03-06,0.28093450968738076,0.4642385197392249,0.2548269705733943,-0.18330401005184416
2017-03-07,0.5426960831582485,0.7227377522388047,0.0,-0.1800416690805562
2017-03-08,0.14092422497476265,0.656729484721608,0.20234629030362938,-0.5158052597468453
2017-03-09,0.8021969807540397,0.7087656552291542,0.0,0.09343132552488542
2017-03-10,0.07455064367977082,0.008363681876857099,0.9170856744433721,0.06618696180291372
2017-03-11,0.9868869366005173,0.21766739958053605,0.0,0.7692195370199812
2017-03-12,0.7722447692966574,0.6616842883998565,0.0,0.11056048089680093
2017-03-13,0.1987156815341724,0.48398936817974714,0.31729495028608046,-0.28527368664557473
2017-03-14,0.005522117123602399,0.005313475668345946,0.9891644072080517,0.00020864145525645306
2017-03-15,0.8154614284548342,0.8044946424318223,0.0,0.01096678602301182
2017-03-16,0.7068573438476171,0.7728095732903374,0.0,-0.06595222944272028
2017-03-17,0.7290071680409873,0.5484191629935626,0.0,0.18058800504742467
2017-03-18,0.7712703466859457,0.06646332577627212,0.16226632753778214,0.7048070209096736
2017-03-19,0.07404465173409036,0.7665150495325846,0.159440298733325,-0.6924703977984943
2017-03-20,0.3584657285442726,0.583713587731364,0.05782068372436344,-0.22524785918709134
2017-03-21,0.11586905952512971,0.7819599771579592,0.10217096331691111,-0.6660909176328295
2017-03-22,0.8631034258755935,0.7517469923958404,0.0,0.1113564334797531
2017-03-23,0.6232981268275579,0.8030020719578371,0.0,-0.1797039451302792
2017-03-24,0.3308980248526492,0.5180080664046248,0.151093908742726,-0.18711004155197564
2017-03-25,0.06355835028602363,0.140324518193515,0.7961171315204614,-0.07676616790749136
2017-03-26,0.3109823217156622,0.6711574733796887,0.017860204904649124,-0.36017515166402647
2017-03-27,0.32518332202674705,0.6204737850519706,0.05434289292128236,-0.29529046302522355
2017-03-28,0.7296061783380641,0.7422531871990872,0.0,-0.012647008861023101
2017-03-29,0.6375574713552131,0.1698810060507353,0.19256152259405157,0.4676764653044778
2017-03-30,0.8872127425763265,0.19497519990028922,0.0,0.6922375426760373
2017-03-31,0.4722149251619493,0.8904095172193285,0.0,-0.4181945920573792
2017-04-01,0.1195942459383017,0.7499777984520708,0.1304279556096275,-0.6303835525137691
2017-04-02,0.713244787222995,0.9082284887003229,0.0,-0.1949837014773279
2017-04-03,0.7607850486168974,0.7587153211639207,0.0,0.002069727452976733
2017-04-04,0.5612771975694962,0.5971553059903019,0.0,-0.03587810842080563
2017-04-05,0.770967179954561,0.6541327370278737,0.0,0.11683444292668732
2017-04-06,0.49379559636439074,0.88912792394001,0.0,-0.3953323275756192
2017-04-07,0.5227328293819941,0.5788067545119405,0.0,-0.05607392512994647
2017-04-08,0.42754101835854963,0.6323913243283874,0.0,-0.20485030596983778
2017-04-09,0.02541912674409519,0.15647671600360058,0.8181041572523042,-0.1310575892595054
2017-04-10,0.10789142699330445,0.4739212201161027,0.41818735289059283,-0.36602979312279826
2017-04-11,0.03142918568673425,0.716397111958099,0.2521737023551668,-0.6849679262713647
2017-04-12,0.6364104112637804,0.2709426983163654,0.09264689041985419,0.365467712947415
2017-04-13,0.3143559810763267,0.20225418052453492,0.4833898383991384,0.11210180055179175
2017-04-14,0.5085706911647028,0.31382680822441555,0.17760250061088168,0.19474388294028722
2017-04-15,0.907566473926093,0.24150062799283345,0.0,0.6660658459332596
2017-04-16,0.24929222914887494,0.21491263703639585,0.5357951338147292,0.034379592112479096
2017-04-17,0.41038292303562973,0.42485084286808694,0.16476623409628333,-0.01446791983245721
2017-04-18,0.7555511385430487,0.9078385138835341,0.0,-0.15228737534048542
2017-04-19,0.22879816549162246,0.5070596467387183,0.26414218776965925,-0.2782614812470958
2017-04-20,0.07697990982879299,0.18792038081532303,0.735099709355884,-0.11094047098653004
2017-04-21,0.289751452913768,0.07697166938087407,0.6332768777053579,0.21277978353289395
2017-04-22,0.16122128725400442,0.6961561451379252,0.14262256760807035,-0.5349348578839208
2017-04-23,0.9296976523425731,0.38279876443638783,0.0,0.5468988879061852
2017-04-24,0.808120379564417,0.8218309465853593,0.0,-0.01371056702094231
2017-04-25,0.6334037565104235,0.6595107686407702,0.0,-0.02610701213034672
2017-04-26,0.8714605901877177,0.7962414505413685,0.0,0.07521913964634919
2017-04-27,0.8036720768991145,0.27194603941844875,0.0,0.5317260374806657
2017-04-28,0.18657005888603584,0.6923589224610581,0.12107101865290604,-0.5057888635750223
2017-04-29,0.8925589984899778,0.2640619846937188,0.0,0.628497013796259
2017-04-30,0.5393422419156507,0.9390684794502916,0.0,-0.39972623753464087
2017-05-01,0.8074401551640625,0.6363742815333744,0.0,0.17106587363068815
2017-05-02,0.8960912999234932,0.3245118001753421,0.0,0.5715794997481511
2017-05-03,0.3180034749718639,0.26951186229227264,0.4124846627358635,0.048491612679591234
2017-05-04,0.11005192452767676,0.1909265850716435,0.6990214904006797,-0.08087466054396675
2017-05-05,0.22793516254194168,0.6946409588937278,0.07742387856433053,-0.4667057963517861
2017-05-06,0.4271077886262563,0.2187156129979273,0.3541765983758164,0.208392175628329
2017-05-07,0.8180147659224931,0.5953032659274891,0.0,0.22271149999500406
2017-05-08,0.8607305832563434,0.26463502692535734,0.0,0.5960955563309861
2017-05-09,0.006952130531190703,0.6619689447938686,0.3310789246749407,-0.6550168142626779
2017-05-10,0.5107473025775657,0.8149397285405392,0.0,-0.30419242596297347
2017-05-11,0.417411003148779,0.7780252431446532,0.0,-0.36061423999587416
2017-05-12,0.22210781047073025,0.7608513309307817,0.01704085859848803,-0.5387435204600515
2017-05-13,0.1198653673336828,0.18772240569225207,0.6924122269740651,-0.06785703835856927
2017-05-14,0.33761517140362796,0.08838494698451871,0.5739998816118533,0.24923022441910925
2017-05-15,0.9429097039125192,0.6989488284873856,0.0,0.24396087542513356
2017-05-16,0.32320293202075523,0.3683472137943513,0.30844985418489346,-0.045144281773596084
2017-05-17,0.5187906217433661,0.4323462264033473,0.0488631518532866,0.0864443953400188
2017-05-18,0.7030189588951778,0.031149092793391064,0.2658319483114311,0.6718698661017868
2017-05-19,0.363629602379294,0.2595764492750492,0.3767939483456568,0.10405315310424479
2017-05-20,0.9717820827209607,0.03367640387446402,0.0,0.9381056788464966
2017-05-21,0.9624472949421112,0.8791857726012476,0.0,0.08326152234086359
2017-05-22,0.25178229582536416,0.24339668321853047,0.5048210209561054,0.008385612606833681
2017-05-23,0.49724850589238545,0.557337169573008,0.0,-0.0600886636806226
2017-05-24,0.30087830981676966,0.03897932066113041,0.6601423695220999,0.26189898915563925
2017-05-25,0.2848404943774676,0.6668473913056581,0.04831211431687432,-0.38200689692819045
2017-05-26,0.036886947354532795,0.32302734575409386,0.6400857068913733,-0.28614039839956107
2017-05-27,0.6095643339798968,0.8979191869576658,0.0,-0.28835485297776897
2017-05-28,0.5026790232288615,0.8881181889340358,0.0,-0.38543916570517434
2017-05-29,0.05147875124998935,0.3252906183617478,0.6232306303882629,-0.2738118671117584
2017-05-30,0.27864646423661144,0.9009608956904679,0.0,-0.6223144314538565
2017-05-31,0.9082658859666537,0.9961576734987788,0.0,-0.08789178753212512
2017-06-01,0.23956189066697242,0.8254156641239481,0.0,-0.5858537734569756
2017-06-02,0.1448948720912231,0.844871347755229,0.010233780153547922,-0.6999764756640059
2017-06-03,0.489452760277563,0.2490087361090899,0.2615385036133471,0.2404440241684731
2017-06-04,0.9856504541106007,0.5767023988577563,0.0,0.4089480552528444
2017-06-05,0.2420552715115004,0.06725591396736785,0.6906888145211317,0.17479935754413256
2017-06-06,0.6721355474058786,0.09491793682166971,0.23294651577245173,0.5772176105842088
2017-06-07,0.7616196153287176,0.9988926120332906,0.0,-0.23727299670457302
2017-06-08,0.23763754399239967,0.32663924942591094,0.4357232065816894,-0.08900170543351127
2017-06-09,0.7282163486118596,0.7481839120488464,0.0,-0.0199675634369868
2017-06-10,0.3677831327192532,0.8066650530268165,0.0,-0.43888192030756323
2017-06-11,0.6323058305935795,0.8580232710072292,0.0,-0.22571744041364972
2017-06-12,0.6335297107608947,0.9976282974021565,0.0,-0.3640985866412618
2017-06-13,0.5357746840747585,0.24149648525686784,0.22272883066837368,0.29427819881789063
2017-06-14,0.0902897700544083,0.04035082685969971,0.869359403085892,0.049938943194708596
2017-06-15,0.835302495589238,0.411191517994586,0.0,0.424110977594652
2017-06-16,0.32078006497173583,0.13008066982894695,0.5491392651993172,0.19069939514278889
2017-06-17,0.18651851039985423,0.022425889162055124,0.7910556004380906,0.1640926212377991
2017-06-18,0.040775141554763916,0.3604268271414861,0.59879803130375,-0.3196516855867222
2017-06-19,0.5908929431882418,0.7837382510752364,0.0,-0.1928453078869946
2017-06-20,0.6775643618422824,0.5661806912250709,0.0,0.11138367061721155
2017-06-21,0.016587828927856152,0.31277798921035405,0.6706341818617898,-0.2961901602824979
2017-06-22,0.512093058299281,0.6543420054927197,0.0,-0.14224894719343872
2017-06-23,0.22649577519793795,0.23201818030881072,0.5414860444932513,-0.005522405110872763
2017-06-24,0.6451727904094499,0.014381446072085025,0.3404457635184651,0.6307913443373648
2017-06-25,0.17436642900499144,0.7643533864364274,0.0612801845585812,-0.5899869574314359
2017-06-26,0.690937738102466,0.6237430848640091,0.0,0.06719465323845686
2017-06-27,0.3867353463005374,0.76230262450096,0.0,-0.37556727820042257
2017-06-28,0.9367299887367345,0.03893801668766561,0.02433199457559987,0.8977919720490689
2017-06-29,0.13752094414599325,0.8371196278306522,0.025359428023354558,-0.6995986836846589
2017-06-30,0.3410663510502585,0.6195262000363033,0.03940744891343817,-0.2784598489860448
2017-07-01,0.11347352124058907,0.5633953507126401,0.3231311280467708,-0.44992182947205106
2017-07-02,0.9246936182785628,0.6246140481145316,0.0,0.3000795701640312
2017-07-03,0.877339353380981,0.8644332468683641,0.0,0.012906106512616922
2017-07-04,0.2579416277151556,0.5869365065589071,0.15512186572593734,-0.32899487884375145
2017-07-05,0.659984046034179,0.5809503798881793,0.0,0.07903366614599971
2017-07-06,0.8172222002012158,0.9906791570657658,0.0,-0.17345695686454998
2017-07-07,0.5552008115994623,0.756730167068568,0.0,-0.20152935546910566
2017-07-08,0.5296505783560065,0.4422938054511353,0.028055616192858235,0.0873567729048712
2017-07-09,0.24185229090045168,0.7073970000329277,0.0507507090666206,-0.46554470913247603
2017-07-10,0.09310276780589921,0.3892304716917885,0.5176667605023123,-0.29612770388588927
2017-07-11,0.8972157579533268,0.228875462483499,0.0,0.6683402954698278
2017-07-12,0.9004180571633305,0.5968518768877594,0.0,0.30356618027557103
2017-07-13,0.6331014572732679,0.9281820981139515,0.0,-0.29508064084068353
2017-07-14,0.3390297910487007,0.9291395200154627,0.0,-0.5901097289667621
2017-07-15,0.3492095746126609,0.3419052781054903,0.3088851472818488,0.007304296507170571
2017-07-16,0.7259556788702394,0.527677466221695,0.0,0.1982782126485444
2017-07-17,0.8971102599525771,0.2116358985698612,0.0,0.6854743613827159
2017-07-18,0.8870864242651173,0.9956311094988834,0.0,-0.10854468523376615
2017-07-19,0.7798755458576239,0.9811179078679357,0.0,-0.20124236201031187
2017-07-20,0.6420316461542878,0.6495089297074473,0.0,-0.007477283553159575
2017-07-21,0.08413996499504883,0.8044140596774734,0.1114459753274778,-0.7202740946824245
2017-07-22,0.16162871409461377,0.7151001612837,0.12327112462168621,-0.5534714471890863
2017-07-23,0.8985541885270792,0.5931582190394682,0.0,0.30539596948761105
2017-07-24,0.6064290596595899,0.053347996988897695,0.3402229433515124,0.5530810626706922
2017-07-25,0.009197051616629648,0.45476434255266107,0.5360386058307093,-0.4455672909360314
2017-07-26,0.1014715428660321,0.6747863021674105,0.22374215496655736,-0.5733147593013784
2017-07-27,0.6635017691080558,0.6775316138836847,0.0,-0.014029844775628852
2017-07-28,0.005061583846218687,0.3731226184223836,0.6218157977313977,-0.3680610345761649
2017-07-29,0.16080805141749865,0.9416919866580306,0.0,-0.7808839352405319
2017-07-30,0.5487337893665861,0.167357032236781,0.2839091783966329,0.3813767571298051
2017-07-31,0.6918951976926933,0.5003594462155606,0.0,0.19153575147713264
2017-08-01,0.6519612595026005,0.6908839765508228,0.0,-0.038922717048222255
2017-08-02,0.22426930946055978,0.6971358058918092,0.07859488464763098,-0.47286649643124945
2017-08-03,0.7121792213475359,0.6486389567688156,0.0,0.0635402645787203
2017-08-04,0.23724908749680007,0.27528821345186016,0.48746269905133977,-0.038039125955060094
2017-08-05,0.3253996981592677,0.15620656868662197,0.5183937331541103,0.16919312947264575
2017-08-06,0.7464914051180241,0.6359403268267109,0.0,0.11055107829131328
2017-08-07,0.6496328990472147,0.5993021161394377,0.0,0.05033078290777693
2017-08-08,0.8492234104941779,0.17935601028924097,0.0,0.669867400204937
2017-08-09,0.6576128923003434,0.7051391455705633,0.0,-0.047526253270219976
2017-08-10,0.5683086033354716,0.4551719917336564,0.0,0.1131366116018152
2017-08-11,0.09367476782809248,0.6677605916031529,0.2385646405687546,-0.5740858237750605
2017-08-12,0.3677158030594335,0.8373670797701507,0.0,-0.46965127671071716
2017-08-13,0.26520236768172545,0.16972842857692316,0.5650692037413514,0.09547393910480229
2017-08-14,0.24398964337908358,0.01914486799683668,0.7368654886240797,0.2248447753822469
2017-08-15,0.9730105547524456,0.7791025863957868,0.0,0.1939079683566588
2017-08-16,0.3930977246667604,0.6096974251526159,0.0,-0.21659970048585553
2017-08-17,0.8920465551771133,0.6996395696221217,0.0,0.19240698555499158
2017-08-18,0.6311386259972629,0.8381549749886426,0.0,-0.20701634899137966
2017-08-19,0.7948113035416484,0.8028109348245005,0.0,-0.007999631282852082
2017-08-20,0.5026370931051921,0.9609201469288247,0.0,-0.45828305382363255
2017-08-21,0.5769038846263591,0.5359350788521182,0.0,0.04096880577424089
2017-08-22,0.4925176938188639,0.48849563265990537,0.018986673521230735,0.004022061158958534
2017-08-23,0.1952429877980445,0.4018871998907301,0.40286981231122543,-0.20664421209268558
2017-08-24,0.7224521152615053,0.15369104284420454,0.12385684189429014,0.5687610724173008
2017-08-25,0.2807723624408558,0.5726072328820224,0.14662040467712179,-0.2918348704411666
2017-08-26,0.02431596643145384,0.2770125243259788,0.6986715092425674,-0.25269655789452494
2017-08-27,0.6454722959071678,0.9213075122129755,0.0,-0.27583521630580765
2017-08-28,0.17711067940704894,0.5831908042770976,0.23969851631585348,-0.40608012487004863
2017-08-29,0.9404585843529143,0.5928401805081102,0.0,0.34761840384480414
2017-08-30,0.9539285770025874,0.35492466087701,0.0,0.5990039161255774
2017-08-31,0.9148643902204485,0.05198935197770749,0.03314625780184399,0.862875038242741
2017-09-01,0.3701587002554444,0.03174376537298862,0.598097534371567,0.3384149348824558
2017-09-02,0.015456616528867428,0.4233351441531975,0.5612082393179351,-0.4078785276243301
2017-09-03,0.9283185625877254,0.08456537809723785,0.0,0.8437531844904875
2017-09-04,0.42818414831731433,0.6068469555401391,0.0,-0.1786628072228248
2017-09-05,0.9666548190436696,0.8809730056396574,0.0,0.08568181340401215
2017-09-06,0.9636199770892528,0.8829148165187222,0.0,0.08070516057053068
2017-09-07,0.8530094554673601,0.6590454101322324,0.0,0.19396404533512768
2017-09-08,0.2944488920695857,0.211231831472931,0.4943192764574833,0.08321706059665468
2017-09-09,0.38509772860192526,0.8629968313588721,0.0,-0.4778991027569468
2017-09-10,0.8511366715168569,0.8860934353132082,0.0,-0.034956763796351265
2017-09-11,0.31692200515627766,0.1966535849529587,0.48642440989076363,0.12026842020331896
2017-09-12,0.1694927466860925,0.7374260857706773,0.09308116754323026,-0.5679333390845848
2017-09-13,0.5568012624583502,0.28651954892712295,0.1566791886145269,0.2702817135312272
2017-09-14,0.936154774160781,0.8026403123529297,0.0,0.13351446180785131
2017-09-15,0.696029796674973,0.9972378999036027,0.0,-0.3012081032286297
2017-09-16,0.570061170089365,0.030026005329392813,0.3999128245812422,0.5400351647599722
2017-09-17,0.09717649377076854,0.8973658657909319,0.005457640438299549,-0.8001893720201634
2017-09-18,0.6150072266991697,0.622630533598658,0.0,-0.0076233068994883135
2017-09-19,0.9900538501042633,0.9733826191648212,0.0,0.016671230939442117
2017-09-20,0.14008401523652403,0.4650095175264276,0.39490646723704836,-0.3249255022899036
2017-09-21,0.5183296523637367,0.8473879305713737,0.0,-0.329058278207637
2017-09-22,0.8773730719279554,0.06239406859827723,0.06023285947376733,0.8149790033296782
2017-09-23,0.7407686177542044,0.3352790500782957,0.0,0.4054895676759087
2017-09-24,0.697015740995268,0.06701653775120997,0.23596772125352206,0.629999203244058
2017-09-25,0.7024840839871093,0.9753431334790705,0.0,-0.27285904949196127
2017-09-26,0.35949115121975517,0.8169739072718367,0.0,-0.45748275605208155
2017-09-27,0.29359184426449336,0.8525474212459705,0.0,-0.5589555769814771
2017-09-28,0.8093611554785136,0.9379652314338942,0.0,-0.1286040759553806
2017-09-29,0.8101133946791808,0.08510348611978535,0.10478311920103389,0.7250099085593954
2017-09-30,0.8670723185801037,0.38559759251333336,0.0,0.48147472606677033
2017-10-01,0.9132405525564713,0.07103488904400213,0.015724558399526578,0.8422056635124692
2017-10-02,0.5113423988609378,0.21079310155002862,0.2778644995890336,0.3005492973109092
2017-10-03,0.5015162946871996,0.22936577703767236,0.26911792827512804,0.27215051764952725
2017-10-04,0.7982951789667752,0.4691072110475787,0.0,0.32918796791919647
2017-10-05,0.6499639307777652,0.2685621674536426,0.08147390176859226,0.38140176332412257
2017-10-06,0.7019668772577033,0.10097810681776109,0.19705501592453556,0.6009887704399423
2017-10-07,0.795792669436101,0.1674910890941077,0.036716241469791244,0.6283015803419933
2017-10-08,0.8900053418175663,0.14727556355209093,0.0,0.7427297782654754
2017-10-09,0.3379951568515358,0.9730767979122983,0.0,-0.6350816410607625
2017-10-10,0.375582952639944,0.7592925069184736,0.0,-0.3837095542785296
2017-10-11,0.093981939840869,0.967761465269562,0.0,-0.873779525428693
2017-10-12,0.578280140996174,0.43974048650790853,0.0,0.13853965448826544
2017-10-13,0.035942273796742086,0.2783684816626566,0.6856892445406013,-0.2424262078659145
2017-10-14,0.46559801813246016,0.7982931972091867,0.0,-0.3326951790767265
2017-10-15,0.5426446347075766,0.3262539180411468,0.1311014472512766,0.21639071666642984
2017-10-16,0.2865412521282844,0.2993833737053483,0.4140753741663673,-0.01284212157706388
2017-10-17,0.5908332605690108,0.2325059922078312,0.17666074722315805,0.35832726836117956
2017-10-18,0.03050024993904943,0.12967897822423535,0.8398207718367152,-0.09917872828518592
2017-10-19,0.03734818874921442,0.25646306101676597,0.7061887502340196,-0.21911487226755155
2017-10-20,0.8226005606596583,0.3553197484738877,0.0,0.46728081218577056
2017-10-21,0.3601906414112629,0.6739942081457304,0.0,-0.3138035667344675
2017-10-22,0.12706051265188478,0.06256484221945158,0.8103746451286636,0.0644956704324332
2017-10-23,0.5222432600548044,0.21050693966534295,0.2672498002798527,0.3117363203894614
2017-10-24,0.7699935530986108,0.8090236402916764,0.0,-0.039030087193065555
2017-10-25,0.21582102749684318,0.14692192358377076,0.6372570489193861,0.06889910391307241
2017-10-26,0.6228904758190003,0.34264514652252154,0.03446437765847821,0.2802453292964787
2017-10-27,0.085347464993768,0.8646589218581401,0.04999361314809192,-0.7793114568643721
2017-10-28,0.0516817211686077,0.15492531114344266,0.7933929676879496,-0.10324358997483496
2017-10-29,0.531354631568148,0.0827368356181899,0.3859085328136621,0.4486177959499581
2017-10-30,0.5406351216101065,0.48453799508001083,0.0,0.05609712653009569
2017-10-31,0.6374299014982066,0.3024195112785364,0.06015058722325706,0.33501039021967016
2017-11-01,0.7260913337226615,0.5634083644838541,0.0,0.16268296923880743
2017-11-02,0.9758520794625346,0.8038048904834751,0.0,0.17204718897905946
2017-11-03,0.5163003483011953,0.13714848815274316,0.3465511635460615,0.37915186014845215
2017-11-04,0.32295647294124596,0.580699084554285,0.09634444250446905,-0.257742611613039
2017-11-05,0.7951861947687037,0.5055087603898639,0.0,0.28967743437883975
2017-11-06,0.2708322512620742,0.14407878601319957,0.5850889627247262,0.12675346524887465
2017-11-07,0.4389714207056361,0.6239984855289824,0.0,-0.1850270648233463
2017-11-08,0.07845638134226596,0.27364041786077165,0.6479032007969624,-0.1951840365185057
2017-11-09,0.02535074341545751,0.4878343185440125,0.48681493804053,-0.462483575128555
2017-11-10,0.9626484146779251,0.08227232427706188,0.0,0.8803760904008632
2017-11-11,0.8359801205122058,0.45958405721362305,0.0,0.3763960632985828
2017-11-12,0.695974206093698,0.3064634680428203,0.0,0.38951073805087766
2017-11-13,0.4089529444142699,0.8223812111853543,0.0,-0.41342826677108446
2017-11-14,0.17329432007084578,0.05697872699736828,0.769726952931786,0.1163155930734775
2017-11-15,0.15643704267108605,0.41860727491832994,0.424955682410584,-0.2621702322472439
2017-11-16,0.25024289816459533,0.458431424131438,0.29132567770396667,-0.20818852596684267
2017-11-17,0.5492266647061205,0.7250060762991187,0.0,-0.17577941159299826
2017-11-18,0.7145959227000623,0.574287575090211,0.0,0.14030834760985134
2017-11-19,0.6601973767177313,0.667212337194181,0.0,-0.007014960476449783
2017-11-20,0.27993389694594284,0.7770492856517561,0.0,-0.4971153887058133
2017-11-21,0.9548652806631941,0.8622029736581888,0.0,0.09266230700500533
2017-11-22,0.7378969166957685,0.3138754967224705,0.0,0.424021419973298
2017-11-23,0.5543540525114007,0.538022705363903,0.0,0.016331347147497732
2017-11-24,0.6117207462343522,0.8401080784391999,0.0,-0.22838733220484764
2017-11-25,0.4196000624277899,0.9894511309650564,0.0,-0.5698510685372665
2017-11-26,0.24773098950115746,0.8895193110437631,0.0,-0.6417883215426057
2017-11-27,0.3559726786512616,0.3714672626243768,0.2725600587243616,-0.015494583973115206
2017-11-28,0.7578461104643691,0.19516651721865041,0.04698737231698047,0.5626795932457187
2017-11-29,0.014393488629755868,0.4893925374065887,0.4962139739636554,-0.47499904877683286
2017-11-30,0.11607264050691624,0.7416414518360422,0.14228590765704152,-0.625568811329126
2017-12-01,0.04600264202175275,0.4925690707532976,0.46142828722494966,-0.44656642873154484
2017-12-02,0.040728802318970136,0.4831808633136685,0.47609033436736137,-0.44245206099469836
2017-12-03,0.8554605840110072,0.8382304210818006,0.0,0.01723016292920665
2017-12-04,0.7036578593800237,0.36140377906718635,0.0,0.3422540803128373
2017-12-05,0.4741738290873252,0.8597946748116456,0.0,-0.3856208457243204
2017-12-06,0.09783416065100148,0.40680480095172356,0.49536103839727497,-0.3089706403007221
2017-12-07,0.49161587511683236,0.3282331056783394,0.18015101920482823,0.16338276943849295
2017-12-08,0.4734717707805657,0.453989911199699,0.07253831801973532,0.01948185958086668
2017-12-09,0.17320186991001518,0.7624469586748684,0.06435117141511637,-0.5892450887648533
2017-12-10,0.43385164923797304,0.12600202786399428,0.4401463228980327,0.30784962137397875
2017-12-11,0.39850473439737344,0.19641921587201738,0.4050760497306092,0.20208551852535606
2017-12-12,0.6158500980522165,0.951444825663092,0.0,-0.3355947276108755
2017-12-13,0.6350936508676438,0.17549162738135737,0.18941472175099883,0.4596020234862864
2017-12-14,0.04530400977204452,0.5677273179310546,0.3869686722969009,-0.5224233081590101
2017-12-15,0.3746126146264712,0.5793144666619379,0.046072918711590916,-0.20470185203546665
2017-12-16,0.6258599157142364,0.4896244620502448,0.0,0.1362354536639916
2017-12-17,0.5031362585800877,0.6447452485768186,0.0,-0.14160898999673088
2017-12-18,0.8564898411883223,0.22982672579761843,0.0,0.6266631153907039
2017-12-19,0.658693631618945,0.5526622677767482,0.0,0.1060313638421968
2017-12-20,0.1629344270814297,0.37217325524689715,0.46489231767167316,-0.20923882816546746
2017-12-21,0.07056874740042984,0.661667259629189,0.2677639929703811,-0.5910985122287592
2017-12-22,0.6424192782063156,0.14122354337314946,0.21635717842053492,0.5011957348331662
2017-12-23,0.026511310541621813,0.5708774168394762,0.40261127261890195,-0.5443661062978544
2017-12-24,0.5857755812734633,0.1852703553833237,0.228954063343213,0.4005052258901396
2017-12-25,0.9402302414249576,0.2786430631150364,0.0,0.6615871783099212
2017-12-26,0.575474177875879,0.21870980032358323,0.20581602180053782,0.35676437755229573
2017-12-27,0.3881699262065219,0.1828377798688171,0.428992293924661,0.2053321463377048
2017-12-28,0.6432882184423532,0.825710951560667,0.0,-0.1824227331183138
2017-12-29,0.45825289049151663,0.28570756766089034,0.25603954184759303,0.1725453228306263
2017-12-30,0.5456167893159349,0.9271237818644493,0.0,-0.3815069925485144
2017-12-31,0.9414648087765252,0.9699265253451909,0.0,-0.028461716568665696
2018-01-01,0.38610263780077425,0.5712604699370973,0.04263689226212841,-0.1851578321363231
2018-01-02,0.9611905638239142,0.1430011226657264,0.0,0.8181894411581878
2018-01-03,0.9053506419560637,0.37454824337958126,0.0,0.5308023985764825
2018-01-04,0.19579113478929644,0.797732263348214,0.0064766018624895505,-0.6019411285589176
2018-01-05,0.06936130087516545,0.36739072869707046,0.5632479704277641,-0.298029427821905
2018-01-06,0.10077800137742665,0.08701721830278875,0.8122047803197846,0.013760783074637906
2018-01-07,0.018221825651549728,0.5567849109281879,0.42499326342026233,-0.5385630852766382
2018-01-08,0.0944429607559284,0.8451208514960348,0.06043618774803683,-0.7506778907401064
2018-01-09,0.6830067734163568,0.7959263871435024,0.0,-0.11291961372714554
2018-01-10,0.07118864846022899,0.17512314013035324,0.7536882114094178,-0.10393449167012425
2018-01-11,0.3189756302937613,0.6727646144124667,0.008259755293771986,-0.3537889841187054
2018-01-12,0.8448753109694546,0.2205042634356471,0.0,0.6243710475338075
2018-01-13,0.023271935735825866,0.21820753455217223,0.7585205297120019,-0.19493559881634637
2018-01-14,0.8144684825889358,0.8740717733051852,0.0,-0.05960329071624937
2018-01-15,0.28185477477339993,0.24966895274023015,0.4684762724863699,0.032185822033169775
2018-01-16,0.11816482762165625,0.2632473465180112,0.6185878258603326,-0.14508251889635493
2018-01-17,0.6967371653641506,0.0006533907612995549,0.3026094438745498,0.6960837746028511
2018-01-18,0.628942846779884,0.8706690341255177,0.0,-0.24172618734563367
2018-01-19,0.877472013527053,0.7925948132091347,0.0,0.08487720031791823
2018-01-20,0.7350710438038858,0.627328935090678,0.0,0.10774210871320777
2018-01-21,0.8034809303848486,0.7502657639388423,0.0,0.05321516644600632
2018-01-22,0.2820345725713065,0.1520485674244918,0.5659168600042017,0.1299860051468147
2018-01-23,0.17743954377972282,0.45832359458757543,0.36423686163270175,-0.2808840508078526
2018-01-24,0.7506147516408583,0.3512193873487809,0.0,0.39939536429207745
2018-01-25,0.806834739267264,0.09377652625701649,0.0993887344757195,0.7130582130102475
2018-01-26,0.9905051420006733,0.4861304852149241,0.0,0.5043746567857492
2018-01-27,0.4126176769114265,0.9207396503426354,0.0,-0.5081219734312089
2018-01-28,0.37201808579278317,0.04005911905069448,0.5879227951565223,0.3319589667420887
2018-01-29,0.7764129607419968,0.2914609134937939,0.0,0.48495204724820296
2018-01-30,0.34080354025301784,0.20754093620570346,0.4516555235412787,0.13326260404731438
2018-01-31,0.9307573256035647,0.23814665366569632,0.0,0.6926106719378684
2018-02-01,0.8584127518430118,0.9084345518793753,0.0,-0.05002180003636347
2018-02-02,0.42899402737501835,0.4680690542342901,0.10293691839069152,-0.03907502685927178
2018-02-03,0.7508710677914974,0.4662994129398188,0.0,0.28457165485167857
2018-02-04,0.7545428740846823,0.7605756424552823,0.0,-0.006032768370599961
2018-02-05,0.10312386883593261,0.1544922040049258,0.7423839271591416,-0.051368335168993196
2018-02-06,0.9025529066795667,0.4872653541000508,0.0,0.4152875525795159
2018-02-07,0.5052523724478571,0.4299852141210597,0.06476241343108313,0.07526715832679742
2018-02-08,0.8264574661077416,0.5969106905466561,0.0,0.2295467755610855
2018-02-09,0.32004960103061175,0.9995577032504386,0.0,-0.6795081022198268
2018-02-10,0.8955232284962005,0.7694488940820471,0.0,0.1260743344141534
2018-02-11,0.3892016787341631,0.3978657030174272,0.2129326182484097,-0.008664024283264071
2018-02-12,0.01083765148029836,0.827553052274047,0.16160929624565468,-0.8167154007937486
2018-02-13,0.9053819764192637,0.17070836331248018,0.0,0.7346736131067835
2018-02-14,0.09128667678613356,0.030463686308960125,0.8782496369049063,0.06082299047717343
2018-02-15,0.31931363759041487,0.20444837246427305,0.4762379899453121,0.11486526512614181
2018-02-16,0.9500619670508049,0.34041155611425966,0.0,0.6096504109365453
2018-02-17,0.9506071469375561,0.5105807574595599,0.0,0.4400263894779962
2018-02-18,0.5734378881232861,0.6151291405411998,0.0,-0.041691252417913716
2018-02-19,0.6318372121697993,0.9106057172144217,0.0,-0.27876850504462247
2018-02-20,0.44844552197831977,0.5098540095504577,0.04170046847122255,-0.061408487572137904
2018-02-21,0.29321077169806453,0.5012756446257294,0.2055135836762061,-0.20806487292766485
2018-02-22,0.32866454536991596,0.05024300982298213,0.6210924448071019,0.27842153554693383
2018-02-23,0.6725184560770384,0.03491155265622381,0.29256999126673777,0.6376069034208146
2018-02-24,0.75237452943768,0.5511599619163721,0.0,0.20121456752130795
2018-02-25,0.7915790437258485,0.4381786132483445,0.0,0.353400430477504
2018-02-26,0.7896181427945539,0.8391803949802986,0.0,-0.049562252185744726
2018-02-27,0.09120610304869037,0.16067958471184518,0.7481143122394645,-0.06947348166315481
2018-02-28,0.49442030470258147,0.024971662117049598,0.48060803318036893,0.4694486425855319
2018-03-01,0.057558760016644284,0.44903876793012587,0.49340247205322985,-0.3914800079134816
2018-03-02,0.5495288823237355,0.23747855675225749,0.21299256092400698,0.31205032557147805
2018-03-03,0.441530501373377,0.04961437333883745,0.5088551252877855,0.39191612803453957
2018-03-04,0.8877041827582998,0.724598286847629,0.0,0.16310589591067082
2018-03-05,0.3509150125520787,0.11159299995724747,0.5374919874906738,0.2393220125948312
2018-03-06,0.11706701642760586,0.6083195000077717,0.27461348356462245,-0.4912524835801658
2018-03-07,0.14299168205283586,0.28104975016688916,0.575958567780275,-0.1380580681140533
2018-03-08,0.7615106317174722,0.17349605035502202,0.06499331792750573,0.5880145813624502
2018-03-09,0.6182180633162611,0.37975152291931746,0.0020304137644214793,0.2384665403969436
2018-03-10,0.10112267612279024,0.8014457762229537,0.0974315476542561,-0.7003231001001634
2018-03-11,0.08410680611499743,0.3920935769045727,0.5237996169804299,-0.30798677078957526
2018-03-12,0.70096913145912,0.7507696492110557,0.0,-0.049800517751935724
2018-03-13,0.07276300636419353,0.1254862967991507,0.8017506968366558,-0.05272329043495716
2018-03-14,0.8218600592903562,0.7727714196650791,0.0,0.0490886396252771
2018-03-15,0.7062422271564962,0.23693332490664865,0.05682444793685515,0.46930890224984756
2018-03-16,0.08134878064189976,0.6773931298888728,0.24125808946922744,-0.596044349246973
2018-03-17,0.08483771408519192,0.5657815548409963,0.34938073107381173,-0.48094384075580443
2018-03-18,0.9866395785011755,0.9291447172116873,0.0,0.05749486128948811
2018-03-19,0.3742707957561203,0.38732251797531403,0.23840668626856565,-0.013051722219193707
2018-03-20,0.3706421470668909,0.06616518883444045,0.5631926640986686,0.30447695823245047
2018-03-21,0.8127995672575026,0.019155485551252904,0.16804494719124452,0.7936440817062497
2018-03-22,0.9472485773838587,0.8268585609727531,0.0,0.12039001641110558
2018-03-23,0.9860010638228709,0.5247356376614322,0.0,0.46126542616143873
2018-03-24,0.7533781852589416,0.7752440518349493,0.0,-0.021865866576007642
2018-03-25,0.37625958553091576,0.2344256000115147,0.38931481445756955,0.14183398551940107
2018-03-26,0.08350071669866876,0.34508374551323373,0.5714155377880975,-0.26158302881456497
2018-03-27,0.7771469159274368,0.03010387221131894,0.19274921186124427,0.7470430437161178
2018-03-28,0.558404249735805,0.9614923245741122,0.0,-0.4030880748383071
2018-03-29,0.4242220092469763,0.6678679067008134,0.0,-0.24364589745383713
2018-03-30,0.906354385094736,0.9332050877593062,0.0,-0.026850702664570236
2018-03-31,0.11119748230615134,0.2654964074290723,0.6233061102647763,-0.15429892512292098
2018-04-01,0.49262510429085915,0.6114636112256608,0.0,-0.11883850693480169
2018-04-02,0.011353644767419069,0.6784999682926378,0.3101463869399431,-0.6671463235252187
2018-04-03,0.46866064199412627,0.31754970025758844,0.2137896577482853,0.15111094173653783
2018-04-04,0.05630327568183735,0.8481092350156301,0.09558748930253258,-0.7918059593337927
2018-04-05,0.11881791626807192,0.9471614629002478,0.0,-0.8283435466321759
2018-04-06,0.11752624677710488,0.8848551176960043,0.0,-0.7673288709188995
2018-04-07,0.6492103021160636,0.7390669759393725,0.0,-0.08985667382330897
2018-04-08,0.7460448792654233,0.27746467972495403,0.0,0.46858019954046926
2018-04-09,0.5833687650971596,0.28161604210563174,0.13501519279720864,0.3017527229915279
2018-04-10,0.9621725484745419,0.9633603204460379,0.0,-0.0011877719714959989
2018-04-11,0.37487057952370406,0.010284495935692028,0.6148449245406039,0.36458608358801203
2018-04-12,0.28571208628186073,0.7160499732421445,0.0,-0.43033788696028374
2018-04-13,0.8685991281894603,0.7062461625552622,0.0,0.1623529656341981
2018-04-14,0.22359583851945264,0.6226895409497974,0.1537146205307499,-0.3990937024303448
2018-04-15,0.9632225394406113,0.9901088460868658,0.0,-0.026886306646254465
2018-04-16,0.012154474689816341,0.31187943576372523,0.6759660895464584,-0.2997249610739089
2018-04-17,0.969878826707639,0.3399718637932482,0.0,0.6299069629143909
2018-04-18,0.04315991195057611,0.07893940294655555,0.8779006851028683,-0.035779490995979435
2018-04-19,0.8911431136980711,0.44279813654373745,0.0,0.44834497715433363
2018-04-20,0.5277011090862999,0.2610485262348481,0.21125036467885205,0.26665258285145177
2018-04-21,0.9929647961193003,0.3433867021776442,0.0,0.6495780939416561
2018-04-22,0.07379656473539886,0.8345717902556277,0.09163164500897347,-0.7607752255202288
2018-04-23,0.5538542844013208,0.9354845135274957,0.0,-0.38163022912617495
2018-04-24,0.969302535619099,0.18573307200518563,0.0,0.7835694636139133
2018-04-25,0.5230978441701488,0.37250893155346587,0.10439322427638531,0.15058891261668295
2018-04-26,0.6293986381352625,0.9286305621153941,0.0,-0.29923192398013154
2018-04-27,0.6957486889846172,0.06180846068922263,0.2424428503261602,0.6339402282953945
2018-04-28,0.45454106476777323,0.09236052811137851,0.45309840712084826,0.3621805366563947
2018-04-29,0.6275580800840634,0.16279098920622936,0.2096509307097072,0.4647670908778341
2018-04-30,0.5843143119231002,0.5952128341268748,0.0,-0.010898522203774519
2018-05-01,0.901158010490989,0.15047227100599747,0.0,0.7506857394849915
2018-05-02,0.04544638034145787,0.9680763814507335,0.0,-0.9226300011092756
2018-05-03,0.2809631895922303,0.44671452725852034,0.27232228314924933,-0.16575133766629002
2018-05-04,0.9504114840765587,0.5015179603501664,0.0,0.44889352372639235
2018-05-05,0.8902637838909163,0.2466586158054065,0.0,0.6436051680855098
2018-05-06,0.45565675278571294,0.4709602524347335,0.07338299477955357,-0.015303499649020558
2018-05-07,0.6201325978015367,0.6619136326370115,0.0,-0.041781034835474795
2018-05-08,0.2773811829811327,0.7511771369540428,0.0,-0.4737959539729101
2018-05-09,0.1881211597237613,0.753868082709913,0.05801075756632568,-0.5657469229861517
2018-05-10,0.46369840493998216,0.5778911126940883,0.0,-0.11419270775410617
2018-05-11,0.3533522280260528,0.9043597749938572,0.0,-0.5510075469678044
2018-05-12,0.5836561118508721,0.8174078473061094,0.0,-0.2337517354552373
2018-05-13,0.07773463696498484,0.7570481146986254,0.16521724833638973,-0.6793134777336406
2018-05-14,0.9743948076661665,0.05560552168046062,0.0,0.9187892859857059
2018-05-15,0.9862107444796029,0.006877962219649314,0.006911293300747801,0.9793327822599536
2018-05-16,0.6981617140197451,0.21244727719547296,0.0893910087847819,0.4857144368242722
2018-05-17,0.5360963663441204,0.6635235939134523,0.0,-0.1274272275693319
2018-05-18,0.30952761628632774,0.4111974888825458,0.27927489483112644,-0.10166987259621807
2018-05-19,0.8137950197069487,0.40240625929931173,0.0,0.41138876040763694
2018-05-20,0.6847311725538793,0.8845868882296137,0.0,-0.19985571567573446
2018-05-21,0.1626169393448913,0.8955628481318387,0.0,-0.7329459087869474
2018-05-22,0.9109271844938425,0.9091752640535857,0.0,0.0017519204402567379
2018-05-23,0.822537242923169,0.3138780765150273,0.0,0.5086591664081417
2018-05-24,0.949799913291924,0.6910558127392618,0.0,0.2587441005526623
2018-05-25,0.72571950838836,0.27163318127436964,0.002647310337270392,0.45408632711399033
2018-05-26,0.6134151959357899,0.19060983307444979,0.19597497098976036,0.4228053628613401
2018-05-27,0.4182430362906189,0.18463245734736922,0.3971245063620119,0.23361057894324966
2018-05-28,0.9327284833540133,0.34210762086359403,0.0,0.5906208624904192
2018-05-29,0.8660638895004084,0.4299576197798217,0.0,0.43610626972058664
2018-05-30,0.04521867010618941,0.8309491710550684,0.12383215883874221,-0.785730500948879
2018-05-31,0.026366974497252005,0.1198910934727121,0.8537419320300359,-0.09352411897546009
2018-06-01,0.3764633668780496,0.7349258473948942,0.0,-0.3584624805168446
2018-06-02,0.8105533307818329,0.5314549141893053,0.0,0.27909841659252754
2018-06-03,0.9872761293149445,0.2879453426759925,0.0,0.699330786638952
2018-06-04,0.15041689110352818,0.4928195845328246,0.3567635243636472,-0.3424026934292964
2018-06-05,0.5941307153521351,0.29994206977702265,0.10592721487084222,0.2941886455751125
2018-06-06,0.3808908566310215,0.596081955238306,0.023027188130672505,-0.21519109860728447
2018-06-07,0.9699143978146032,0.4338439228552442,0.0,0.536070474959359
2018-06-08,0.8421189231357087,0.16440552907887873,0.0,0.67771339405683
2018-06-09,0.8383287047111379,0.11658307455569672,0.04508822073316543,0.7217456301554411
2018-06-10,0.4686931597949703,0.5466956820721302,0.0,-0.07800252227715987
2018-06-11,0.4148195023376652,0.9024130332861034,0.0,-0.48759353094843827
2018-06-12,0.27340707193070624,0.34395768655768555,0.3826352415116082,-0.07055061462697931
2018-06-13,0.056375496650927115,0.7330001072226232,0.21062439612644968,-0.6766246105716961
2018-06-14,0.8647223762550532,0.658661354939767,0.0,0.20606102131528625
2018-06-15,0.8129010091300776,0.931554914309481,0.0,-0.11865390517940344
2018-06-16,0.9997176732861306,0.8209810172991409,0.0,0.17873665598698973
2018-06-17,0.9966368370739054,0.566605258905463,0.0,0.4300315781684424
2018-06-18,0.5554317056026274,0.6570304982341073,0.0,-0.10159879263147986
2018-06-19,0.7689874151805105,0.8983864665840349,0.0,-0.12939905140352437
2018-06-20,0.944765729882428,0.3995187845869348,0.0,0.5452469452954932
2018-06-21,0.8496473906774115,0.32679470585777737,0.0,0.5228526848196341
2018-06-22,0.24734810174319766,0.010811083635196339,0.741840814621606,0.23653701810800132
2018-06-23,0.4505441353100935,0.8265510741914642,0.0,-0.3760069388813707
2018-06-24,0.12915941515149498,0.8009807004033649,0.06985988444514013,-0.6718212852518699
2018-06-25,0.9540510272587224,0.10445451810015138,0.0,0.849596509158571
2018-06-26,0.60617463445088,0.5768573811327002,0.0,0.029317253318179803
2018-06-27,0.22864280550346272,0.4639816981668874,0.3073754963296499,-0.23533889266342467
2018-06-28,0.6717006844058567,0.11870909550911146,0.2095902200850318,0.5529915888967453
2018-06-29,0.6181282404578958,0.9805682270607236,0.0,-0.3624399866028277
2018-06-30,0.3581627180328405,0.21469588746335544,0.42714139450380406,0.14346683056948506
2018-07-01,0.11355759219962902,0.06723418009056115,0.8192082277098098,0.046323412109067874
2018-07-02,0.6715731955927996,0.5948473795019096,0.0,0.07672581609089002
2018-07-03,0.5203077009037933,0.7388666771330327,0.0,-0.21855897622923937
2018-07-04,0.7723183917356393,0.03244344604718696,0.19523816221717372,0.7398749456884524
2018-07-05,0.5201635011119934,0.6587176387270222,0.0,-0.13855413761502877
2018-07-06,0.8521815003185401,0.5322918759514544,0.0,0.3198896243670857
2018-07-07,0.5519068387744855,0.10326500887504841,0.34482815235046604,0.44864182989943713
2018-07-08,0.5609379715353863,0.17252387694636206,0.26653815151825166,0.3884140945890242
2018-07-09,0.876653602658345,0.5679742973160805,0.0,0.3086793053422645
2018-07-10,0.40348286621239704,0.2963576135132884,0.3001595202743146,0.10712525269910866
2018-07-11,0.13401522845064073,0.9383157286513161,0.0,-0.8043005002006753
2018-07-12,0.028782676313338973,0.8187402294840508,0.15247709420261024,-0.7899575531707118
2018-07-13,0.755137255673619,0.983567206513663,0.0,-0.22842995084004403
2018-07-14,0.6203095513534647,0.259670838950414,0.12001960969612135,0.3606387124030507
2018-07-15,0.7040797680992236,0.969723632797977,0.0,-0.26564386469875345
2018-07-16,0.21296416150891073,0.43123386979155787,0.3558019686995314,-0.21826970828264713
2018-07-17,0.13637147558676976,0.3475187953137546,0.5161097290994756,-0.21114731972698486
2018-07-18,0.014544665667881929,0.05034952696935324,0.9351058073627648,-0.035804861301471314
2018-07-19,0.350587558806597,0.05276525785960262,0.5966471833338004,0.29782230094699436
2018-07-20,0.5899176868546331,0.6920112559466547,0.0,-0.10209356909202161
2018-07-21,0.3922440450997323,0.4579289944340279,0.14982696046623978,-0.06568494933429558
2018-07-22,0.43747492202372906,0.2265216260361057,0.33600345194016523,0.21095329598762336
2018-07-23,0.9041586944937484,0.6139703063252326,0.0,0.2901883881685158
2018-07-24,0.34825546702330035,0.2528581182501112,0.3988864147265885,0.09539734877318917
2018-07-25,0.5139894891598108,0.5776317543444226,0.0,-0.0636422651846118
2018-07-26,0.7836530127411431,0.35920874698269034,0.0,0.42444426575845273
2018-07-27,0.39654278232127016,0.823552226611819,0.0,-0.4270094442905489
2018-07-28,0.6220867002278735,0.8206961607667793,0.0,-0.19860946053890582
2018-07-29,0.8623637087467452,0.4773503981224013,0.0,0.38501331062434385
2018-07-30,0.9495206236576421,0.3508191093350156,0.0,0.5987015143226265
2018-07-31,0.14707348092903794,0.36255979655909454,0.4903667225118675,-0.2154863156300566
2018-08-01,0.9265876251614944,0.8057145256682179,0.0,0.12087309949327651
2018-08-02,0.4921162930795382,0.328179482797612,0.1797042241228498,0.1639368102819262
2018-08-03,0.25824438829895835,0.20905937370684602,0.5326962379941956,0.04918501459211233
2018-08-04,0.4591357562382613,0.08468834187530683,0.45617590188643187,0.3744474143629545
2018-08-05,0.980032575285477,0.4666931208844084,0.0,0.5133394544010687
2018-08-06,0.4926180939928696,0.4821320989198419,0.025249807087288523,0.01048599507302772
2018-08-07,0.3287516102875082,0.8409087104029072,0.0,-0.5121571001153989
2018-08-08,0.6334008543167258,0.22123869644606398,0.14536044923721025,0.4121621578706618
2018-08-09,0.24014561877819307,0.3809912736683999,0.378863107553407,-0.14084565489020684
2018-08-10,0.07586332810866392,0.8084057388936909,0.11573093299764514,-0.732542410785027
2018-08-11,0.12887972191064923,0.8236236107489735,0.047496667340377274,-0.6947438888383243
2018-08-12,0.12804583895777244,0.3846110759787682,0.48734308506345936,-0.25656523702099576
2018-08-13,0.15190269351229435,0.4591240232866809,0.38897328320102476,-0.30722132977438654
2018-08-14,0.13882717264941014,0.3032858908492829,0.5578869365013069,-0.1644587181998728
2018-08-15,0.6408747448032146,0.9325548784193121,0.0,-0.29168013361609746
2018-08-16,0.18188008439914483,0.11864376574158031,0.6994761498592749,0.06323631865756452
2018-08-17,0.3456672833238632,0.93374942300147,0.0,-0.5880821396776068
2018-08-18,0.8967884099060118,0.6838664518353432,0.0,0.2129219580706686
2018-08-19,0.47396164026287235,0.5315721526867312,0.0,-0.05761051242385884
2018-08-20,0.6675577385210272,0.032659060784495875,0.29978320069447695,0.6348986777365313
2018-08-21,0.17231987120162984,0.4755961918220083,0.35208393697636187,-0.30327632062037846
2018-08-22,0.19228901880867078,0.4077481050027323,0.39996287618859694,-0.2154590861940615
2018-08-23,0.04086861626647886,0.16121881197512256,0.7979125717583986,-0.12035019570864369
2018-08-24,0.16893506307216455,0.6564096035006569,0.17465533342717854,-0.48747454042849236
2018-08-25,0.2785903390319586,0.9711509073682858,0.0,-0.6925605683363272
2018-08-26,0.17701048427674682,0.5621888110645251,0.26080070465872807,-0.3851783267877783
2018-08-27,0.08870253375705561,0.7147532764439458,0.19654418979899857,-0.6260507426868902
2018-08-28,0.12063587110060081,0.06845045256601678,0.8109136763333824,0.05218541853458403
2018-08-29,0.46077876803272577,0.41766699581699473,0.1215542361502795,0.04311177221573104
2018-08-30,0.2063337184057925,0.11635848516449587,0.6773077964297116,0.08997523324129664
2018-08-31,0.36426986104807546,0.6127958355365104,0.022934303415414137,-0.24852597448843494
2018-09-01,0.5034172708548569,0.9384821582141546,0.0,-0.4350648873592977
2018-09-02,0.6903948286293653,0.6617777324716385,0.0,0.028617096157726785
2018-09-03,0.039312139841098936,0.07680304831442153,0.8838848118444795,-0.03749090847332259
2018-09-04,0.7994103989090426,0.35466620498508283,0.0,0.4447441939239598
2018-09-05,0.6279003894909078,0.5506633794408515,0.0,0.07723701005005623
2018-09-06,0.08175903194887191,0.4032077561332522,0.5150332119178759,-0.3214487241843803
2018-09-07,0.8735786241067772,0.8336440104751723,0.0,0.03993461363160489
2018-09-08,0.9208724005318132,0.8146710047099892,0.0,0.10620139582182397
2018-09-09,0.06107795985486375,0.6118310201032214,0.3270910200419148,-0.5507530602483577
2018-09-10,0.2768776481472037,0.37345794513270525,0.349664406720091,-0.09658029698550152
2018-09-11,0.8062012797930613,0.25533637376324414,0.0,0.5508649060298172
2018-09-12,0.7482596903836584,0.10587431821312931,0.14586599140321233,0.642385372170529
2018-09-13,0.18452101935637732,0.35489768348655404,0.46058129715706864,-0.1703766641301767
2018-09-14,0.2093493233367103,0.4131725172077195,0.3774781594555702,-0.20382319387100922
2018-09-15,0.370472102791382,0.6758229251040736,0.0,-0.3053508223126916
2018-09-16,0.4845229851910213,0.6581598242975735,0.0,-0.17363683910655214
2018-09-17,0.618254771530296,0.07010813964125695,0.3116370888284471,0.548146631889039
2018-09-18,0.3689136395697724,0.3952593154311578,0.2358270449990698,-0.026345675861385365
2018-09-19,0.4625347161331479,0.18177886721736192,0.3556864166494902,0.280755848915786
2018-09-20,0.7474709381337565,0.1568127053168057,0.09571635654943778,0.5906582328169508
2018-09-21,0.0366832028905979,0.8273021497372459,0.13601464737215618,-0.790618946846648
2018-09-22,0.25243694434402075,0.04191521671625753,0.7056478389397217,0.21052172762776322
2018-09-23,0.7133495858845524,0.41918287590212133,0.0,0.2941667099824311
2018-09-24,0.8952068376871993,0.1682036557665182,0.0,0.7270031819206811
2018-09-25,0.5116774421156661,0.879330215678474,0.0,-0.3676527735628079
2018-09-26,0.5321134852653157,0.5570405132750351,0.0,-0.024927028009719465
2018-09-27,0.10717201133977605,0.23138063637684803,0.6614473522833759,-0.12420862503707197
2018-09-28,0.44741236682345464,0.5024272871663764,0.050160346010168944,-0.05501492034292177
2018-09-29,0.5326172664550232,0.7314863597031158,0.0,-0.19886909324809265
2018-09-30,0.24247050363472966,0.9581180089194338,0.0,-0.7156475052847041
2018-10-01,0.26924323094938096,0.22044600424541894,0.5103107648052001,0.04879722670396203
2018-10-02,0.37728416310462265,0.8861817721293451,0.0,-0.5088976090247225
2018-10-03,0.02007119777772637,0.9343041141674903,0.04562468805478337,-0.9142329163897639
2018-10-04,0.3220791655831783,0.9164205445320662,0.0,-0.5943413789488879
2018-10-05,0.21144800699654465,0.6354143568619098,0.15313763614154552,-0.4239663498653652
2018-10-06,0.32749735217791465,0.6298206544347077,0.04268199338737766,-0.30232330225679305
2018-10-07,0.11976213181925122,0.4032106331838228,0.477027234996926,-0.28344850136457156
2018-10-08,0.890527280739895,0.7523978823037879,0.0,0.13812939843610705
2018-10-09,0.5935924535540487,0.5312940183509319,0.0,0.06229843520311673
2018-10-10,0.6791023191444896,0.6774380712282945,0.0,0.0016642479161951274
2018-10-11,0.7891712386073383,0.42845790384879545,0.0,0.36071333475854284
2018-10-12,0.4984421989290573,0.7314964640431391,0.0,-0.23305426511408178
2018-10-13,0.08692028808742369,0.8244715176045491,0.08860819430802724,-0.7375512295171254
2018-10-14,0.5371065418185478,0.14643625660281612,0.3164572015786361,0.39067028521573166
2018-10-15,0.5868411180208791,0.832929715574228,0.0,-0.2460885975533489
2018-10-16,0.74543947418433,0.5402965317903072,0.0,0.20514294239402275
2018-10-17,0.4316595462296794,0.8446659090902243,0.0,-0.41300636286054493
2018-10-18,0.12758030279556376,0.4313017063410146,0.4411179908634216,-0.30372140354545085
2018-10-19,0.28377590579872447,0.37904048538303503,0.3371836088182405,-0.09526457958431056
2018-10-20,0.3630822963986351,0.9150607325172224,0.0,-0.5519784361185873
2018-10-21,0.6459172413316012,0.2511692675484013,0.10291349111999748,0.3947479737831999
2018-10-22,0.5707783046689119,0.8442123252861431,0.0,-0.2734340206172312
2018-10-23,0.35609672589784624,0.4840205725094041,0.15988270159274964,-0.12792384661155787
2018-10-24,0.9865152487929797,0.5140954425512597,0.0,0.47241980624172
2018-10-25,0.6057748193568872,0.308468281489484,0.08575689915362883,0.29730653786740313
2018-10-26,0.23722679173599448,0.5730422006190157,0.18973100764498985,-0.3358154088830212
2018-10-27,0.10178247262040374,0.3252111962762113,0.573006331103385,-0.22342872365580757
2018-10-28,0.15285913918433203,0.03926941424165231,0.8078714465740157,0.11358972494267972
2018-10-29,0.24595772838450813,0.27199860534435605,0.4820436662711358,-0.026040876959847914
2018-10-30,0.16068137325955567,0.006379043406590679,0.8329395833338537,0.154302329852965
2018-10-31,0.18656702405130576,0.9783547870568566,0.0,-0.7917877630055509
2018-11-01,0.2850951686938471,0.9657472098197475,0.0,-0.6806520411259004
2018-11-02,0.17337359529475482,0.39515529747230504,0.43147110723294013,-0.22178170217755022
2018-11-03,0.8967654246264252,0.728370854339646,0.0,0.16839457028677918
2018-11-04,0.08023374566164221,0.345806098410425,0.5739601559279328,-0.26557235274878277
2018-11-05,0.5245113895702547,0.671093157085976,0.0,-0.14658176751572138
2018-11-06,0.4103968269896615,0.8054300430459791,0.0,-0.3950332160563176
2018-11-07,0.9823786169086064,0.9467562446922407,0.0,0.03562237221636566
2018-11-08,0.11203890216805235,0.400212275849672,0.48774882198227565,-0.28817337368161966
2018-11-09,0.39785559904574164,0.7832979829560477,0.0,-0.38544238391030605
2018-11-10,0.9694704332753689,0.2659284506321188,0.0,0.7035419826432501
2018-11-11,0.8655071258939803,0.9903323037936483,0.0,-0.12482517789966807
2018-11-12,0.8170720709492799,0.025769598764351143,0.15715833028636894,0.7913024721849288
2018-11-13,0.25790282704493983,0.603528806501121,0.13856836645393922,-0.3456259794561811
2018-11-14,0.17088758739006582,0.6595059816513271,0.16960643095860706,-0.4886183942612613
2018-11-15,0.668643219924431,0.6880455570741288,0.0,-0.019402337149697857
2018-11-16,0.9293759891275858,0.12038757878908901,0.0,0.8089884103384968
2018-11-17,0.5567628930139298,0.9385297834731304,0.0,-0.38176689045920065
2018-11-18,0.5716126894698998,0.1811832790500828,0.24720403148001735,0.39042941041981705
2018-11-19,0.2799790936602842,0.6227534032398411,0.09726750309987475,-0.3427743095795569
2018-11-20,0.7694929331919369,0.22267607912308496,0.007830987684978141,0.5468168540688519
2018-11-21,0.18704374855752337,0.3072164170212709,0.5057398344212057,-0.12017266846374752
2018-11-22,0.3236792364042437,0.5464585417281244,0.12986222186763197,-0.22277930532388068
2018-11-23,0.4254364386164168,0.4171934185645765,0.15737014281900674,0.0082430200518403
2018-11-24,0.507610378684455,0.1602256009765063,0.3321640203390387,0.34738477770794873
2018-11-25,0.24240973241508024,0.1709364024208483,0.5866538651640715,0.07147332999423195
2018-11-26,0.11483682473920354,0.41814478816279965,0.4670183870979968,-0.3033079634235961
2018-11-27,0.6106200424416326,0.7572829782755007,0.0,-0.14666293583386814
2018-11-28,0.28863055324025577,0.8979646468477885,0.0,-0.6093340936075328
2018-11-29,0.5812382214226123,0.08412766225938284,0.3346341163180049,0.49711055916322944
2018-11-30,0.1543627152742023,0.39310390755940106,0.45253337716639663,-0.23874119228519874
2018-12-01,0.4811401018548175,0.10024556372287663,0.4186143344223059,0.38089453813194085
2018-12-02,0.5325894325515859,0.016592480632597884,0.45081808681581625,0.515996951918988
2018-12-03,0.05182353682242691,0.6617186826439566,0.2864577805336165,-0.6098951458215297
2018-12-04,0.3366042781939206,0.6024494419665878,0.060946279839491635,-0.2658451637726672
2018-12-05,0.13441467693897424,0.1630191138148862,0.7025662092461396,-0.028604436875911965
2018-12-06,0.06337497047276774,0.2338128330930641,0.7028121964341681,-0.17043786262029637
2018-12-07,0.9899602323899452,0.02370775364451838,0.0,0.9662524787454269
2018-12-08,0.32235384497472297,0.8349472056944037,0.0,-0.5125933607196808
2018-12-09,0.8098744458546349,0.9746905960485515,0.0,-0.1648161501939166
2018-12-10,0.25464065476376385,0.1354595367946908,0.6098998084415453,0.11918111796907305
2018-12-11,0.6815027222239293,0.23147521376529812,0.08702206401077262,0.45002750845863115
2018-12-12,0.7602278598896866,0.868409523946934,0.0,-0.1081816640572475
2018-12-13,0.5956387406078443,0.9264637979561848,0.0,-0.33082505734834056
2018-12-14,0.47157618855015837,0.41962738280681033,0.1087964286430313,0.05194880574334804
2018-12-15,0.41184091414726853,0.050622472269074126,0.5375366135836573,0.3612184418781944
2018-12-16,0.3488682665429953,0.0393918336928194,0.6117398997641853,0.3094764328501759
2018-12-17,0.9295291442478258,0.5739498660690104,0.0,0.3555792781788154
2018-12-18,0.8306194077877291,0.392895108893179,0.0,0.4377242988945501
2018-12-19,0.9650269106665126,0.028652427577654516,0.0063206617558329015,0.9363744830888581
2018-12-20,0.12429722348554473,0.5832523923125568,0.2924503842018985,-0.45895516882701204
2018-12-21,0.7308674752036443,0.011302536589022472,0.25782998820733327,0.7195649386146218
2018-12-22,0.9383404568210378,0.787371958149273,0.0,0.15096849867176487
2018-12-23,0.18123306616566015,0.3064328227033716,0.5123341111309683,-0.12519975653771143
2018-12-24,0.0664962673667775,0.0402580030092321,0.8932457296239904,0.026238264357545393
2018-12-25,0.741120649290059,0.5883522209831533,0.0,0.15276842830690573
2018-12-26,0.5744731131799119,0.3976844144330547,0.027842472387033412,0.1767886987468572
2018-12-27,0.8418287767582721,0.9738004133571495,0.0,-0.13197163659887745
2018-12-28,0.1397723766262895,0.5441986625037022,0.3160289608700083,-0.4044262858774127
2018-12-29,0.7952673118598902,0.2752391810370083,0.0,0.5200281308228819
2018-12-30,0.20162732004774453,0.7094388646339748,0.0889338153182807,-0.5078115445862302
2018-12-31,0.1636559428657045,0.27149200254271133,0.5648520545915842,-0.10783605967700682
2019-01-01,0.16426579793099294,0.9042432914075651,0.0,-0.7399774934765722
2019-01-02,0.8145747202313821,0.37472197050737643,0.0,0.4398527497240057
2019-01-03,0.6651972206962001,0.5498685627762052,0.0,0.11532865791999491
2019-01-04,0.5230654247691193,0.05057310382422886,0.4263614714066518,0.47249232094489046
2019-01-05,0.3588304841235025,0.4261212379522308,0.21504827792426673,-0.06729075382872829
2019-01-06,0.8772005408131083,0.832363539660995,0.0,0.04483700115211331
2019-01-07,0.3924451074226354,0.8056488053633419,0.0,-0.41320369794070655
2019-01-08,0.8165994394715771,0.22431855885352625,0.0,0.5922808806180508
2019-01-09,0.4391349085702184,0.22607907101056268,0.3347860204192189,0.21305583755965574
2019-01-10,0.3769444294249076,0.8173053122132368,0.0,-0.4403608827883292
2019-01-11,0.46267978566960644,0.9303984201693255,0.0,-0.46771863449971907
2019-01-12,0.3013778741641421,0.09536092127300355,0.6032612045628544,0.20601695289113853
2019-01-13,0.7476093801762511,0.45005863942622526,0.0,0.29755074075002585
2019-01-14,0.5027203900924792,0.33745427896422897,0.15982533094329188,0.16526611112825018
2019-01-15,0.2322126951468173,0.8706884554574393,0.0,-0.638475760310622
2019-01-16,0.8995745732745685,0.08352491468001877,0.016900512045412763,0.8160496585945497
2019-01-17,0.3838912213732114,0.2111259425580374,0.4049828360687512,0.172765278815174
2019-01-18,0.5435528611139886,0.7524683375864943,0.0,-0.20891547647250575
2019-01-19,0.9064721109645469,0.051293848981215584,0.042234040054237476,0.8551782619833314
2019-01-20,0.6242379959139921,0.49253538071428926,0.0,0.13170261519970283
2019-01-21,0.11689804070836407,0.44210703467972,0.4409949246119159,-0.32520899397135594
2019-01-22,0.9398321236134751,0.33440117898874866,0.0,0.6054309446247265
2019-01-23,0.6277080530714179,0.3945723153189238,0.0,0.23313573775249408
2019-01-24,0.3349056146570861,0.5299405869302329,0.13515379841268094,-0.1950349722731468
2019-01-25,0.13927207266338726,0.16136735838838312,0.6993605689482296,-0.02209528572499586
2019-01-26,0.794025189270296,0.5719958782835928,0.0,0.2220293109867032
2019-01-27,0.6200727559285135,0.8054323292999863,0.0,-0.1853595733714728
2019-01-28,0.5334610919763215,0.760160929790159,0.0,-0.2266998378138375
2019-01-29,0.8938925830509576,0.15389990469377368,0.0,0.739992678357184
2019-01-30,0.7885972112245307,0.1492494697414739,0.06215331903399535,0.6393477414830568
2019-01-31,0.15167487973275118,0.2681743677449133,0.5801507525223355,-0.11649948801216214
2019-02-01,0.31172206779554823,0.3610747263410372,0.32720320586341456,-0.04935265854548898
2019-02-02,0.24848913981446574,0.4084555814084826,0.34305527877705166,-0.15996644159401685
2019-02-03,0.743946292572677,0.6796972168333453,0.0,0.0642490757393317
2019-02-04,0.03353243473577938,0.056680432165835404,0.9097871330983852,-0.023147997430056022
2019-02-05,0.5698896848713165,0.034672704226066386,0.3954376109026171,0.5352169806452501
2019-02-06,0.7624586857406905,0.391910562943909,0.0,0.3705481227967815
2019-02-07,0.8767656367617495,0.6971636921379805,0.0,0.179601944623769
2019-02-08,0.34208174871590746,0.19343534295648257,0.46448290832760997,0.1486464057594249
2019-02-09,0.8212573046720129,0.6415044812562517,0.0,0.17975282341576115
2019-02-10,0.11063173695520723,0.25982813794029946,0.6295401251044933,-0.14919640098509224
2019-02-11,0.8464522917345182,0.8860861088135163,0.0,-0.03963381707899816
2019-02-12,0.12748866233198242,0.8956899442666165,0.0,-0.7682012819346341
2019-02-13,0.39728729056036727,0.2972872042813265,0.30542550515830624,0.10000008627904078
2019-02-14,0.7972953657795536,0.2299937539632405,0.0,0.5673016118163131
2019-02-15,0.14991742734877378,0.41130397206623126,0.43877860058499496,-0.2613865447174575
2019-02-16,0.22925139523264149,0.24053158518014872,0.5302170195872098,-0.011280189947507235
2019-02-17,0.7222525683930663,0.6723838432917036,0.0,0.04986872510136264
2019-02-18,0.7200365365460744,0.8260646845482855,0.0,-0.10602814800221116
2019-02-19,0.6411476328852973,0.673092130911217,0.0,-0.0319444980259197
2019-02-20,0.6939484444671,0.8243504472493495,0.0,-0.13040200278224945
2019-02-21,0.5427244433475962,0.39699216220747413,0.060283394444929694,0.14573228114012204
2019-02-22,0.25179905890695276,0.15631697070886086,0.5918839703841864,0.0954820881980919
2019-02-23,0.34569599350391944,0.7379509473975921,0.0,-0.3922549538936727
2019-02-24,0.18159771680142567,0.3604745051415539,0.45792777805702045,-0.1788767883401282
2019-02-25,0.9084505613336283,0.6712708252291325,0.0,0.23717973610449583
2019-02-26,0.5833917947661205,0.27064394198176567,0.14596426325211387,0.3127478527843548
2019-02-27,0.4008514167636399,0.08122963480667267,0.5179189484296874,0.3196217819569672
2019-02-28,0.4620058036441327,0.9925817954877634,0.0,-0.5305759918436307
2019-03-01,0.9472833396118153,0.15620150793059928,0.0,0.791081831681216
2019-03-02,0.1533514031160802,0.988420993963481,0.0,-0.8350695908474008
2019-03-03,0.5862298320167972,0.9772799325664473,0.0,-0.39105010054965006
2019-03-04,0.505888678884466,0.7938181039080396,0.0,-0.28792942502357366
2019-03-05,0.6114542354346478,0.6594229620819976,0.0,-0.047968726647349746
2019-03-06,0.01811018382084051,0.5778070502510847,0.4040827659280748,-0.5596968664302442
2019-03-07,0.8721239089441515,0.8661015453778347,0.0,0.006022363566316802
2019-03-08,0.9321182824836124,0.28943952161948794,0.0,0.6426787608641245
2019-03-09,0.5651331835892089,0.46768121248487704,0.0,0.0974519711043319
2019-03-10,0.6966508238768923,0.6193899693665019,0.0,0.07726085451039033
2019-03-11,0.9224993811772957,0.4111904758694911,0.0,0.5113089053078046
2019-03-12,0.7072386343133986,0.427486454090268,0.0,0.27975218022313064
2019-03-13,0.15253904291426135,0.3302846675020844,0.5171762895836542,-0.17774562458782306
2019-03-14,0.5762883601668132,0.564231816684536,0.0,0.012056543482277138
2019-03-15,0.6067150463828559,0.850574528015116,0.0,-0.24385948163226012
2019-03-16,0.424130671302386,0.20152837800631285,0.37434095069130113,0.22260229329607317
2019-03-17,0.7364442356247228,0.9344330387534414,0.0,-0.19798880312871858
2019-03-18,0.9343670147690148,0.6890876537482297,0.0,0.24527936102078518
2019-03-19,0.9255685129067763,0.8232732126800302,0.0,0.10229530022674616
2019-03-20,0.4508393714041321,0.5561906926300116,0.0,-0.10535132122587954
2019-03-21,0.11323804584075525,0.7795167014240635,0.10724525273518126,-0.6662786555833082
2019-03-22,0.9848411989623346,0.01620039733946721,0.0,0.9686408016228674
2019-03-23,0.8388980864459341,0.8183804247795352,0.0,0.0205176616663989
2019-03-24,0.12466268120326685,0.04013885908536652,0.8351984597113666,0.08452382211790033
2019-03-25,0.9208418826173723,0.8899133763628625,0.0,0.030928506254509824
2019-03-26,0.8698963620621283,0.9919627472386433,0.0,-0.12206638517651502
2019-03-27,0.5188380571260721,0.2940674621767778,0.18709448069715007,0.2247705949492943
2019-03-28,0.5912754357449292,0.21031855628579366,0.1984060079692771,0.3809568794591356
2019-03-29,0.39900270387013026,0.7653633638580407,0.0,-0.36636065998791045
2019-03-30,0.05476163882203133,0.2530263409202532,0.6922120202577154,-0.1982647020982219
2019-03-31,0.3351972416459009,0.8655623831722035,0.0,-0.5303651415263025
2019-04-01,0.8028534485980114,0.10284259215747671,0.09430395924451185,0.7000108564405347
2019-04-02,0.004632023004602859,0.12595519637935826,0.8694127806160389,-0.1213231733747554
2019-04-03,0.3334991716911442,0.9791515551006156,0.0,-0.6456523834094714
2019-04-04,0.3981686935909433,0.6738388982700046,0.0,-0.27567020467906134
2019-04-05,0.5373956029379229,0.8468872244289528,0.0,-0.30949162149102993
2019-04-06,0.9198556164127605,0.324329377351518,0.0,0.5955262390612425
2019-04-07,0.34634599436596125,0.6764837495206044,0.0,-0.33013775515464316
2019-04-08,0.3469532018962277,0.5942418273085972,0.058804970795175104,-0.2472886254123695
2019-04-09,0.7375012481097484,0.603150120122947,0.0,0.13435112798680138
2019-04-10,0.45221794088980716,0.6825324595377216,0.0,-0.2303145186479144
2019-04-11,0.22460482293998196,0.5753591731290986,0.20003600393091947,-0.3507543501891166
2019-04-12,0.4524395161326934,0.42906236930266595,0.11849811456464066,0.02337714683002745
2019-04-13,0.14085702037979986,0.27592269438054684,0.5832202852396533,-0.13506567400074698
2019-04-14,0.1763869865062233,0.768581330913202,0.05503168258057467,-0.5921943444069787
2019-04-15,0.49836777273947974,0.2262724300031862,0.27535979725733406,0.27209534273629354
2019-04-16,0.4189254495045479,0.6923543061544142,0.0,-0.27342885664986627
2019-04-17,0.9148459010681,0.23333282264932664,0.0,0.6815130784187734
2019-04-18,0.3623938991166331,0.6253301699544539,0.012275930928912993,-0.2629362708378208
2019-04-19,0.5805883502780435,0.7470782671290289,0.0,-0.16648991685098546
2019-04-20,0.6322642879195304,0.2187138889065392,0.14902182317393042,0.4135503990129912
2019-04-21,0.013094456588333636,0.05994330086130828,0.9269622425503581,-0.046848844272974643
2019-04-22,0.6635373720167106,0.13097374299417408,0.20548888498911533,0.5325636290225365
2019-04-23,0.17803596686975143,0.6059969672710255,0.2159670658592231,-0.42796100040127405
2019-04-24,0.9610703174694551,0.8494464062257355,0.0,0.11162391124371962
2019-04-25,0.14866272775311296,0.04499682123542437,0.8063404510114627,0.10366590651768859
2019-04-26,0.41462412372702373,0.7341512590416462,0.0,-0.3195271353146225
2019-04-27,0.08534966807864386,0.3413186459500521,0.573331685971304,-0.25596897787140827
2019-04-28,0.9968742518459474,0.4785283699195225,0.0,0.5183458819264248
2019-04-29,0.5021950103312426,0.9288595498455656,0.0,-0.42666453951432304
2019-04-30,0.5953850173200438,0.33197150473584547,0.07264347794411075,0.2634135125841983
2019-05-01,0.06707647738842748,0.46533693393948605,0.46758658867208647,-0.3982604565510586
2019-05-02,0.7499604703991778,0.013682414760681105,0.2363571148401411,0.7362780556384967
2019-05-03,0.20990559309558576,0.08159872000483837,0.7084956868995759,0.1283068730907474
2019-05-04,0.8980542894407137,0.258591591134784,0.0,0.6394626983059297
2019-05-05,0.20513964048200717,0.027852240821074403,0.7670081186969184,0.17728739966093277
2019-05-06,0.19068772066366657,0.631375326048251,0.17793695328808246,-0.4406876053845844
2019-05-07,0.03654966784809488,0.4263983568016225,0.5370519753502826,-0.38984868895352764
2019-05-08,0.47206694510999925,0.548145202728022,0.0,-0.07607825761802278
2019-05-09,0.5648411332626164,0.17464718589632955,0.260511680841054,0.3901939473662869
2019-05-10,0.06570863942835237,0.2959320294366161,0.6383593311350315,-0.23022339000826375
2019-05-11,0.7755276166950106,0.6638244748527251,0.0,0.11170314184228547
2019-05-12,0.4532888347480276,0.9653027236303998,0.0,-0.5120138888823722
2019-05-13,0.52439026932758,0.0504167736022092,0.42519295707021076,0.47397349572537084
2019-05-14,0.44076274693822814,0.8903843208552661,0.0,-0.44962157391703794
2019-05-15,0.400763060875326,0.5768812013112085,0.02235573781346556,-0.17611814043588248
2019-05-16,0.5596403313082179,0.5639195667556237,0.0,-0.004279235447405827
2019-05-17,0.1552402459307125,0.5002785352077603,0.34448121886152716,-0.3450382892770478
2019-05-18,0.18192813049527112,0.06939408590418339,0.7486777836005455,0.11253404459108773
2019-05-19,0.8617856210135173,0.08987685173616067,0.04833752725032203,0.7719087692773566
2019-05-20,0.9461154621336327,0.6009120056590861,0.0,0.34520345647454664
2019-05-21,0.37330931627975295,0.3409585714355583,0.28573211228468876,0.032350744844194645
2019-05-22,0.27074467314355377,0.9172680665776807,0.0,-0.6465233934341269
2019-05-23,0.6439995432390158,0.40659053735947226,0.0,0.2374090058795435
2019-05-24,0.4087341710980964,0.14328145870264108,0.4479843701992625,0.2654527123954553
2019-05-25,0.02538635566034486,0.714718833502036,0.2598948108376191,-0.6893324778416912
2019-05-26,0.15615259736619036,0.29335342144100984,0.5504939811927998,-0.13720082407481948
2019-05-27,0.7159722288473975,0.5254703073558932,0.0,0.19050192149150436
2019-05-28,0.6589239419101514,0.69783278550517,0.0,-0.03890884359501867
2019-05-29,0.02709599250348349,0.9002641112020704,0.07263989629444612,-0.8731681186985869
2019-05-30,0.22197216193294944,0.7921911948016761,0.0,-0.5702190328687267
2019-05-31,0.2310747965880714,0.6763610678727241,0.0925641355392045,-0.4452862712846527
2019-06-01,0.6718927435987284,0.6796331823951436,0.0,-0.007740438796415172
2019-06-02,0.019710537754364155,0.9459246440320865,0.03436481821354931,-0.9262141062777224
2019-06-03,0.10410858198457384,0.29582409749653604,0.6000673205188901,-0.1917155155119622
2019-06-04,0.7999160853731894,0.0011120941961874076,0.19897182043062323,0.798803991177002
2019-06-05,0.1785446620543336,0.2719545593981987,0.5495007785474677,-0.09340989734386507
2019-06-06,0.6527461078518747,0.217891379626744,0.1293625125213813,0.4348547282251307
2019-06-07,0.23818278104672652,0.6618345851139982,0.0999826338392753,-0.42365180406727165
2019-06-08,0.09944139275934516,0.633711599765529,0.2668470074751258,-0.5342702070061839
2019-06-09,0.24317219099945409,0.5934613827047238,0.1633664262958221,-0.35028919170526973
2019-06-10,0.7222669318556592,0.0162434432094537,0.26148962493488714,0.7060234886462055
2019-06-11,0.8556964681062857,0.7287780544506475,0.0,0.12691841365563827
2019-06-12,0.8302198645669916,0.3235304124854915,0.0,0.5066894520815001
2019-06-13,0.3971835296184548,0.6650559890066311,0.0,-0.2678724593881763
2019-06-14,0.6680851365706462,0.5565784285021533,0.0,0.11150670806849283
2019-06-15,0.20498429541582097,0.3427309254279072,0.45228477915627185,-0.1377466300120862
2019-06-16,0.29314773026101326,0.13457626710410775,0.572276002634879,0.1585714631569055
2019-06-17,0.8963358185211198,0.09441889766048095,0.009245283818399286,0.8019169208606388
2019-06-18,0.013001923510736035,0.8315183331122236,0.1554797433770404,-0.8185164096014875
2019-06-19,0.08550853085446808,0.918397542081558,0.0,-0.8328890112270899
2019-06-20,0.20788625514602732,0.6497880467642996,0.1423256980896731,-0.44190179161827225
2019-06-21,0.026532203873819715,0.10343411486048337,0.8700336812656969,-0.07690191098666366
2019-06-22,0.18143543508979731,0.4020272168882407,0.41653734802196196,-0.2205917817984434
2019-06-23,0.5830415609696922,0.7289392001051572,0.0,-0.14589763913546505
2019-06-24,0.42142455059249795,0.7798208840100681,0.0,-0.35839633341757016
2019-06-25,0.8926717110769748,0.1182186222910886,0.0,0.7744530887858863
2019-06-26,0.8174435617384409,3.071884538241587e-05,0.18252571941617668,0.8174128428930585
2019-06-27,0.34181735169787597,0.712137045880605,0.0,-0.37031969418272903
2019-06-28,0.2594234334312925,0.35659617598620563,0.3839803905825019,-0.09717274255491315
2019-06-29,0.3796924081672669,0.25448133161826025,0.36582626021447284,0.12521107654900665
2019-06-30,0.5902949425148077,0.01289746978952544,0.3968075876956668,0.5773974727252823
2019-07-01,0.26806364082287626,0.5402994067614997,0.19163695241562406,-0.2722357659386234
2019-07-02,0.624148907849134,0.8511507354259817,0.0,-0.22700182757684773
2019-07-03,0.4094116521912404,0.9576316462725879,0.0,-0.5482199940813475
2019-07-04,0.5520471808519802,0.5657449506132892,0.0,-0.013697769761308987
2019-07-05,0.4361265291353167,0.5144613277398942,0.04941214312478914,-0.07833479860457748
2019-07-06,0.29446575954191767,0.0850563854892411,0.6204778549688412,0.20940937405267657
2019-07-07,0.9484533069621567,0.5488728015425998,0.0,0.3995805054195569
2019-07-08,0.7636057941597608,0.3799790789653946,0.0,0.3836267151943662
2019-07-09,0.14011317576645255,0.6071352808835769,0.2527515433499705,-0.4670221051171244
2019-07-10,0.8684679758979128,0.3887263478765467,0.0,0.4797416280213661
2019-07-11,0.48743119824951364,0.24029912345036675,0.2722696783001196,0.2471320747991469
2019-07-12,0.8945522268940914,0.0949652752283765,0.010482497877532082,0.7995869516657149
2019-07-13,0.7998552559473152,0.31491844458889573,0.0,0.4849368113584195
2019-07-14,0.42521350446923345,0.09664483428775228,0.47814166124301427,0.32856867018148117
2019-07-15,0.022469308320117398,0.17689695082398393,0.8006337408558987,-0.15442764250386654
2019-07-16,0.2686773593849461,0.9873361585795459,0.0,-0.7186587991945999
2019-07-17,0.5416342146608669,0.4441035569066186,0.014262228432514457,0.0975306577542483
2019-07-18,0.6334782198261473,0.5318717665050166,0.0,0.10160645332113072
2019-07-19,0.2578876854332023,0.8736185287372153,0.0,-0.6157308433040131
2019-07-20,0.13935607407282413,0.9955689004906878,0.0,-0.8562128264178637
2019-07-21,0.8349302367992991,0.5827144493446815,0.0,0.2522157874546176
2019-07-22,0.9844021807035521,0.8124738210441717,0.0,0.17192835965938047
2019-07-23,0.5256901823026858,0.32694102433667527,0.1473687933606389,0.19874915796601056
2019-07-24,0.1716792858483035,0.3057439574472911,0.5225767567044054,-0.1340646715989876
2019-07-25,0.27230732651936895,0.4027037209945602,0.32498895248607085,-0.13039639447519125
2019-07-26,0.018390676547466733,0.6725072626736491,0.30910206077888414,-0.6541165861261824
2019-07-27,0.914298806560499,0.6821916892550988,0.0,0.23210711730540023
2019-07-28,0.11775108289014113,0.3152394346494508,0.567009482460408,-0.19748835175930968
2019-07-29,0.5765164755142536,0.1332099241366287,0.29027360034911776,0.44330655137762487
2019-07-30,0.274055220687206,0.6323962564655086,0.09354852284728543,-0.35834103577830256
2019-07-31,0.5541780025157934,0.12832586218876452,0.3174961352954421,0.4258521403270289
2019-08-01,0.6514203883518642,0.5784925082293301,0.0,0.07292788012253415
2019-08-02,0.8297418037072016,0.693422128056309,0.0,0.13631967565089265
2019-08-03,0.2064212717606032,0.7006114963944516,0.09296723184494515,-0.49419022463384843
2019-08-04,0.010995828658480478,0.7534721106595967,0.23553206068192278,-0.7424762820011163
2019-08-05,0.13688563006880727,0.8728594215656645,0.0,-0.7359737914968573
2019-08-06,0.9000186418481051,0.49995899196478844,0.0,0.40005964988331666
2019-08-07,0.8738900775625152,0.7302491895295712,0.0,0.14364088803294406
2019-08-08,0.5974131021703083,0.6191727353658367,0.0,-0.021759633195528427
2019-08-09,0.6005168604336534,0.18663993979768256,0.21284319976866406,0.4138769206359708
2019-08-10,0.6650366745462555,0.025689644869408168,0.30927368058433635,0.6393470296768473
2019-08-11,0.1753712786234496,0.28454138567693377,0.5400873356996166,-0.10917010705348418
2019-08-12,0.9144119459249598,0.4430337063376194,0.0,0.4713782395873404
2019-08-13,0.4187705248920731,0.6171059444286563,0.0,-0.19833541953658318
2019-08-14,0.38313852824949746,0.8499593305032054,0.0,-0.4668208022537079
2019-08-15,0.5189177052828375,0.19624571670616564,0.2848365780109968,0.3226719885766719
2019-08-16,0.046965966775055046,0.1255497898984771,0.8274842433264679,-0.07858382312342205
2019-08-17,0.1662833687560794,0.9634799474743275,0.0,-0.7971965787182481
2019-08-18,0.7380336164263704,0.10804455937640711,0.15392182419722245,0.6299890570499633
2019-08-19,0.08279866792512647,0.47849107010718916,0.43871026196768437,-0.3956924021820627
2019-08-20,0.6031521094663882,0.5855637287933019,0.0,0.017588380673086323
2019-08-21,0.24534910968132095,0.5413744209074383,0.2132764694112408,-0.2960253112261173
2019-08-22,0.38929561404197655,0.0860321570329432,0.5246722289250803,0.30326345700903334
2019-08-23,0.28869373677069987,0.05702691400361937,0.6542793492256808,0.2316668227670805
2019-08-24,0.35567271646494913,0.10548342746103567,0.5388438560740152,0.25018928900391346
2019-08-25,0.7190459051842455,0.5855876838726125,0.0,0.13345822131163299
2019-08-26,0.297121715623175,0.5443448876343211,0.15853339674250388,-0.24722317201114608
2019-08-27,0.5664046402968972,0.23374079203674425,0.19985456766635856,0.33266384826015294
2019-08-28,0.47605040219909966,0.6377741418455916,0.0,-0.1617237396464919
2019-08-29,0.6636711653626481,0.8200675020556494,0.0,-0.15639633669300124
2019-08-30,0.936829739324758,0.041578959846593766,0.02159130082864824,0.8952507794781642
2019-08-31,0.7325720972102503,0.4981299435480424,0.0,0.23444215366220789
2019-09-01,0.21494037859075676,0.6893104121026903,0.09574920930655295,-0.4743700335119335
2019-09-02,0.031183135061284672,0.2523119270696871,0.7165049378690282,-0.2211287920084024
2019-09-03,0.2622640442998251,0.3077709052931491,0.4299650504070258,-0.045506860993324016
2019-09-04,0.5950779307002548,0.6136379029893838,0.0,-0.01855997228912898
2019-09-05,0.05142581348425035,0.8979352934437369,0.05063889307201275,-0.8465094799594866
2019-09-06,0.49636624720123634,0.8099244203028994,0.0,-0.313558173101663
2019-09-07,0.5968428489168892,0.5831302190995835,0.0,0.0137126298173057
2019-09-08,0.3342438908169608,0.7302217177572492,0.0,-0.3959778269402884
2019-09-09,0.7709122037458219,0.3648224702077987,0.0,0.40608973353802325
2019-09-10,0.1065982531337718,0.6409655280987577,0.25243621876747047,-0.5343672749649859
2019-09-11,0.07513778173580876,0.46618159112755697,0.45868062713663427,-0.3910438093917482
2019-09-12,0.7281887562036033,0.1899361364575609,0.08187510733883574,0.5382526197460424
2019-09-13,0.49549131620619846,0.7017382738772572,0.0,-0.20624695767105872
2019-09-14,0.688402396427736,0.556464637348822,0.0,0.13193775907891403
2019-09-15,0.4348273386037462,0.3586215819535914,0.20655107944266238,0.07620575665015483
2019-09-16,0.2464020332391068,0.9113391900786307,0.0,-0.6649371568395239
2019-09-17,0.8191023176741997,0.020934117826733267,0.159963564499067,0.7981681998474665
2019-09-18,0.7994158789689793,0.315773151249496,0.0,0.48364272771948325
2019-09-19,0.6946964708544268,0.05688139777764656,0.24842213136792668,0.6378150730767802
2019-09-20,0.2721451372299627,0.7665273162216272,0.0,-0.4943821789916645
2019-09-21,0.5902306668690871,0.7021074541137926,0.0,-0.11187678724470551
2019-09-22,0.3609738969400268,0.33135221873631704,0.30767388432365617,0.029621678203709756
2019-09-23,0.09158207332663415,0.675662902207073,0.23275502446629281,-0.5840808288804389
2019-09-24,0.9173135754622428,0.39593722619594984,0.0,0.521376349266293
2019-09-25,0.1368186309189614,0.7562537914224343,0.10692757765860428,-0.6194351605034729
2019-09-26,0.9502373538208024,0.4541836627367061,0.0,0.49605369108409636
2019-09-27,0.44600577295795574,0.41227972783166555,0.1417144992103787,0.03372604512629018
2019-09-28,0.18513292883861965,0.934729915488301,0.0,-0.7495969866496813
2019-09-29,0.5419009473783581,0.25087909989070023,0.20721995273094163,0.2910218474876579
2019-09-30,0.8729458358764083,0.12044733999656543,0.0066068241270262895,0.7524984958798429
2019-10-01,0.7322248864095612,0.5845431132594582,0.0,0.147681773150103
2019-10-02,0.8065611478614497,0.9693218122841789,0.0,-0.16276066442272918
2019-10-03,0.6587833667107174,0.37783921372718665,0.0,0.2809441529835307
2019-10-04,0.6922765645178525,0.06203676362878152,0.245686671853366,0.630239800889071
2019-10-05,0.8491956515653193,0.33930526730956745,0.0,0.5098903842557518
2019-10-06,0.24966800885918594,0.5059316543195584,0.24440033682125561,-0.2562636454603725
2019-10-07,0.4894249636431405,0.1619230066322137,0.3486520297246458,0.32750195701092677
2019-10-08,0.22120944181960223,0.658102218056492,0.12068834012390572,-0.4368927762368898
2019-10-09,0.987668007996647,0.9977493890102006,0.0,-0.010081381013553603
2019-10-10,0.9440593396866133,0.4517394759814438,0.0,0.49231986370516945
2019-10-11,0.0394268113685059,0.35472855673021264,0.6058446319012815,-0.31530174536170674
2019-10-12,0.7055751725156885,0.40070416683446664,0.0,0.30487100568122183
2019-10-13,0.9252483174156658,0.11514617839520114,0.0,0.8101021390204647
2019-10-14,0.18057534512733353,0.8832736014262238,0.0,-0.7026982562988903
2019-10-15,0.5679452305526295,0.414825655521352,0.017229113926018558,0.1531195750312775
2019-10-16,0.9154882975880418,0.3872744114248413,0.0,0.5282138861632005
2019-10-17,0.03394597858579884,0.6596902729304743,0.3063637484837268,-0.6257442943446755
2019-10-18,0.6974202672468399,0.4420334209311235,0.0,0.2553868463157164
2019-10-19,0.29734900737255077,0.648233468807846,0.054417523819603186,-0.3508844614352953
2019-10-20,0.9243961953765304,0.061446290130787506,0.0141575144926821,0.8629499052457429
2019-10-21,0.9710582451653678,0.8137233437222274,0.0,0.15733490144314033
2019-10-22,0.9442664891134339,0.9405039528794026,0.0,0.003762536234031333
2019-10-23,0.47421421665746377,0.648765386159386,0.0,-0.17455116950192218
2019-10-24,0.8620426509893134,0.9545659288588108,0.0,-0.09252327786949732
2019-10-25,0.8445493985350704,0.1514323143699633,0.004018287094966322,0.6931170841651071
2019-10-26,0.31910047324325563,0.4774161894803537,0.20348333727639067,-0.15831571623709806
2019-10-27,0.8289154741506773,0.6018067339454473,0.0,0.2271087402052301
2019-10-28,0.03700763471549262,0.5817366474211867,0.3812557178633207,-0.5447290127056941
2019-10-29,0.596269878482053,0.40146177908904324,0.0022683424289037246,0.1948080993930098
2019-10-30,0.23000883728770305,0.3380844093662614,0.43190675334603557,-0.10807557207855834
2019-10-31,0.12056688577727881,0.1268240225504188,0.7526090916723024,-0.006257136773139993
2019-11-01,0.07695320162920916,0.3917424505622782,0.5313043478085127,-0.31478924893306903
2019-11-02,0.6962887758781398,0.16266081510548513,0.1410504090163751,0.5336279607726546
2019-11-03,0.33987496376806614,0.7343656764922184,0.0,-0.39449071272415226
2019-11-04,0.7247667715287615,0.20883093549458998,0.06640229297664857,0.5159358360341715
2019-11-05,0.06535634079894237,0.05856530528453385,0.8760783539165238,0.006791035514408517
2019-11-06,0.31529033783061033,0.5523661378172343,0.13234352435215535,-0.23707579998662398
2019-11-07,0.5394912923753372,0.5952297327194016,0.0,-0.05573844034406439
2019-11-08,0.7907231648389635,0.8719130612805055,0.0,-0.08118989644154195
2019-11-09,0.3187525029320699,0.5769816124176819,0.10426588465024822,-0.25822910948561195
2019-11-10,0.6258913764370091,0.3454808537234457,0.02862776983954518,0.28041052271356337
2019-11-11,0.8859777482361871,0.8030118815263205,0.0,0.08296586670986661
2019-11-12,0.6158631881823046,0.5402788931874211,0.0,0.0755842949948835
2019-11-13,0.23295947475363377,0.07928028463119174,0.6877602406151745,0.15367919012244202
2019-11-14,0.02440078155653802,0.5658505603132467,0.4097486581302153,-0.5414497787567086
2019-11-15,0.8700988739009299,0.9080185454216624,0.0,-0.0379196715207325
2019-11-16,0.021269410850387138,0.39631262549822055,0.5824179636513923,-0.3750432146478334
2019-11-17,0.8747016726841994,0.29632580189980007,0.0,0.5783758707843993
2019-11-18,0.528937134027212,0.14346945701802005,0.32759340895476796,0.38546767700919193
2019-11-19,0.9390676985128962,0.15144552193535732,0.0,0.7876221765775389
2019-11-20,0.7987832357736654,0.4327714843418189,0.0,0.3660117514318465
2019-11-21,0.9979341105333375,0.5956798241615295,0.0,0.40225428637180793
2019-11-22,0.35071181545171015,0.08061540516960175,0.5686727793786881,0.2700964102821084
2019-11-23,0.7671882889311269,0.9395685890251657,0.0,-0.17238030009403882
2019-11-24,0.40193091360924216,0.7551336174451959,0.0,-0.35320270383595376
2019-11-25,0.47987562030390885,0.5866239182836627,0.0,-0.10674829797975383
2019-11-26,0.6275054632183701,0.8284386709389908,0.0,-0.20093320772062073
2019-11-27,0.8736771141863388,0.08018675681211329,0.046136129001547954,0.7934903573742255
2019-11-28,0.9840834691992951,0.4768388777331244,0.0,0.5072445914661707
2019-11-29,0.7682734138645182,0.6300931268616634,0.0,0.13818028700285478
2019-11-30,0.41776678216733376,0.8286529061182892,0.0,-0.4108861239509555
2019-12-01,0.4213570022770702,0.7834695600492677,0.0,-0.36211255777219753
2019-12-02,0.7375823015888915,0.27706924971339963,0.0,0.46051305187549185
2019-12-03,0.23877714576830233,0.9408801695592043,0.0,-0.702103023790902
2019-12-04,0.11047411313139466,0.12434584143087035,0.765180045437735,-0.013871728299475694
2019-12-05,0.35462215764077654,0.8751336186211521,0.0,-0.5205114609803756
2019-12-06,0.28723899165408173,0.9709402496046186,0.0,-0.6837012579505368
2019-12-07,0.2963081204559901,0.17715352322262556,0.5265383563213843,0.11915459723336452
2019-12-08,0.23360775104990994,0.7220660642037853,0.044326184746304786,-0.48845831315387533
2019-12-09,0.04209318963636188,0.040285518777998464,0.9176212915856397,0.0018076708583634193
2019-12-10,0.01787393473341381,0.40542282513915495,0.5767032401274312,-0.38754889040574114
2019-12-11,0.9877223897360315,0.516283299197674,0.0,0.47143909053835753
2019-12-12,0.42777313373586234,0.5806452259096341,0.0,-0.15287209217377173
2019-12-13,0.3843266471596817,0.9359372482485595,0.0,-0.5516106010888778
2019-12-14,0.6796472826930698,0.6722506872941947,0.0,0.007396595398875161
2019-12-15,0.21825388786506417,0.481277951219237,0.30046816091569883,-0.26302406335417283
2019-12-16,0.9499611839502253,0.8096750362658893,0.0,0.140286147684336
2019-12-17,0.786345014415552,0.9505328209544089,0.0,-0.1641878065388569
2019-12-18,0.08941100231225951,0.022066148682290843,0.8885228490054496,0.06734485362996867
2019-12-19,0.41758077578492836,0.9825212722560387,0.0,-0.5649404964711103
2019-12-20,0.8791183075621647,0.08613213906368034,0.03474955337415497,0.7929861684984844
2019-12-21,0.9447320222914103,0.8143867792687614,0.0,0.13034524302264894
2019-12-22,0.4674015112498697,0.2803347525514125,0.2522637361987178,0.18706675869845724
2019-12-23,0.6134113892107077,0.13217965775387175,0.25440895303542055,0.48123173145683595
2019-12-24,0.16703394609207523,0.4398556397138349,0.3931104141940899,-0.2728216936217597
2019-12-25,0.9911686261369765,0.6439565794476135,0.0,0.347212046689363
2019-12-26,0.2316717013834434,0.380951845023475,0.3873764535930816,-0.14928014364003162
2019-12-27,0.9427317741351257,0.05456540828269896,0.0027028175821753875,0.8881663658524267
2019-12-28,0.6496466489923685,0.5994611396587166,0.0,0.050185509333651845
2019-12-29,0.6077367948788591,0.9024032761106747,0.0,-0.2946664812318156
2019-12-30,0.5126885110165086,0.3832153659472517,0.10409612303623972,0.1294731450692569
2019-12-31,0.2306698117177587,0.21633277763082703,0.5529974106514143,0.014337034086931655
2020-01-01,0.17652803200550826,0.4425773459328154,0.38089462206167635,-0.26604931392730713
2020-01-02,0.22048620907017535,0.04836271104878087,0.7311510798810438,0.17212349802139448
2020-01-03,0.18643826214425452,0.8204875844802748,0.0,-0.6340493223360203
2020-01-04,0.7795844735667533,0.8263408109501867,0.0,-0.04675633738343343
2020-01-05,0.3501252591667301,0.5880004634296284,0.06187427740364149,-0.23787520426289832
2020-01-06,0.05784267656339637,0.3531028889383895,0.5890544344982142,-0.2952602123749931
2020-01-07,0.9691026301408113,0.7997833644457834,0.0,0.16931926569502798
2020-01-08,0.8837858849634257,0.5546870247883672,0.0,0.3290988601750585
2020-01-09,0.927752283195213,0.8259323085500162,0.0,0.10181997464519676
2020-01-10,0.9949078226464353,0.6314587925830206,0.0,0.36344903006341467
2020-01-11,0.1738952492194873,0.7844054732127973,0.04169927756771541,-0.61051022399331
2020-01-12,0.39624201890265875,0.59856299321776,0.005194987879581281,-0.2023209743151012
2020-01-13,0.7582384757040913,0.4141410682156662,0.0,0.3440974074884251
2020-01-14,0.6960206180537922,0.9579458599261376,0.0,-0.26192524187234534
2020-01-15,0.15389590633985506,0.5411138248788447,0.3049902687813002,-0.3872179185389897
2020-01-16,0.8158331249906178,0.6050895185405384,0.0,0.2107436064500794
2020-01-17,0.22444057183666066,0.22048763941474925,0.5550717887485901,0.003952932421911415
2020-01-18,0.22381761482262308,0.6256507894272765,0.15053159575010044,-0.4018331746046534
2020-01-19,0.5369744228934136,0.5716076494829438,0.0,-0.034633226589530275
2020-01-20,0.5929399348417032,0.18483839794702495,0.2222216672112719,0.4081015368946782
2020-01-21,0.5800862078378112,0.059587097353143714,0.3603266948090451,0.5204991104846675
2020-01-22,0.09148683739775487,0.6043593197147711,0.30415384288747405,-0.5128724823170162
2020-01-23,0.8774608626303804,0.7636922693503205,0.0,0.11376859328005984
2020-01-24,0.26560004258870606,0.5234013709220082,0.2109985864892857,-0.25780132833330216
2020-01-25,0.12951492128280417,0.2267726253196457,0.6437124533975501,-0.09725770403684153
2020-01-26,0.8887480798689772,0.6665219766930349,0.0,0.22222610317594227
2020-01-27,0.9556514982297534,0.08010572660960225,0.0,0.8755457716201511
2020-01-28,0.8621276172654506,0.4418337048019546,0.0,0.420293912463496
2020-01-29,0.8095160747248781,0.1633667583984202,0.027117166876701737,0.6461493163264579
2020-01-30,0.6552419806390217,0.18445905105988336,0.1602989683010949,0.47078292957913837
2020-01-31,0.5508573706091393,0.20229394915820365,0.24684868023265705,0.34856342145093566
2020-02-01,0.08698675991141014,0.3867070570439779,0.526306183044612,-0.29972029713256776
2020-02-02,0.4084532130706987,0.051150205620397626,0.5403965813089037,0.3573030074503011
2020-02-03,0.372688517012314,0.3977934409290982,0.22951804205858783,-0.025104923916784205
2020-02-04,0.2597537837603262,0.5117074471147008,0.22853876912497295,-0.25195366335437464
2020-02-05,0.7234201136885849,0.4832942849663252,0.0,0.24012582872225974
2020-02-06,0.4958757350787708,0.38278410040304056,0.12134016451818863,0.11309163467573025
2020-02-07,0.08104621590764793,0.8391466080707525,0.07980717602159959,-0.7581003921631045
2020-02-08,0.22018320194981134,0.1453266924205041,0.6344901056296846,0.07485650952930722
2020-02-09,0.6832587636595959,0.505696743781374,0.0,0.17756201987822195
2020-02-10,0.07613085949030018,0.062041416956554296,0.8618277235531455,0.014089442533745888
2020-02-11,0.8512069140487687,0.07115567887790974,0.07763740707332156,0.780051235170859
2020-02-12,0.4951465270139743,0.5738658496770963,0.0,-0.07871932266312198
2020-02-13,0.480586577326648,0.566018424887821,0.0,-0.08543184756117295
2020-02-14,0.5924077846595176,0.878033512844457,0.0,-0.28562572818493936
2020-02-15,0.8246809659251492,0.5578736756600732,0.0,0.266807290265076
2020-02-16,0.34780920790219305,0.9597910204048502,0.0,-0.6119818125026572
2020-02-17,0.6780161525590636,0.04869484839992977,0.2732889990410067,0.6293213041591338
2020-02-18,0.5657319639957911,0.09800768478074107,0.33626035122346787,0.46772427921505
2020-02-19,0.2670282701694213,0.04406586157038139,0.6889058682601973,0.22296240859903993
2020-02-20,0.878629986355158,0.18527685033354002,0.0,0.693353136021618
2020-02-21,0.7974260216069281,0.5412701109416781,0.0,0.25615591066525
2020-02-22,0.6584518346584255,0.645572181427428,0.0,0.01287965323099749
2020-02-23,0.8505817290942419,0.0455851579486688,0.1038331129570893,0.8049965711455731
2020-02-24,0.8672942009598024,0.9459708898455993,0.0,-0.07867668888579693
2020-02-25,0.7083629767150348,0.842165376650381,0.0,-0.13380239993534626
2020-02-26,0.837013328363672,0.2966124821570931,0.0,0.5404008462065789
2020-02-27,0.6974714616692836,0.07718753022646796,0.2253410081042484,0.6202839314428157
2020-02-28,0.6801407717603004,0.16988707321905727,0.14997215502064232,0.5102536985412431
2020-02-29,0.6186113782151843,0.12694441375497267,0.254444208029843,0.49166696446021163
2020-03-01,0.7527166395576412,0.12328377929894685,0.12399958114341192,0.6294328602586944
2020-03-02,0.1586051052930737,0.5185616886657339,0.32283320604119237,-0.35995658337266023
2020-03-03,0.8808707591989284,0.2458474424934003,0.0,0.6350233167055281
2020-03-04,0.871843527745232,0.35813971652914445,0.0,0.5137038112160875
2020-03-05,0.029247283034559146,0.9895053333843224,0.0,-0.9602580503497633
2020-03-06,0.8258167505647627,0.6843142489253448,0.0,0.1415025016394179
2020-03-07,0.1288698674734452,0.9489806670470013,0.0,-0.8201107995735561
2020-03-08,0.3351188542591419,0.1425565550331156,0.5223245907077425,0.1925622992260263
2020-03-09,0.7435082562916078,0.38213947483256927,0.0,0.3613687814590385
2020-03-10,0.1607598960483082,0.5547318032823543,0.2845083006693375,-0.39397190723404607
2020-03-11,0.8179670241190622,0.07675806188873802,0.10527491399219979,0.7412089622303242
2020-03-12,0.8321341779577419,0.004187443627957865,0.16367837841430022,0.827946734329784
2020-03-13,0.5074677337608362,0.6704343337969175,0.0,-0.16296660003608132
2020-03-14,0.00638587171683358,0.6418195168014353,0.3517946114817311,-0.6354336450846018
2020-03-15,0.2870381331749128,0.41078880999961176,0.30217305682547546,-0.12375067682469898
2020-03-16,0.6169269183757422,0.48964407603203264,0.0,0.12728284234370957
2020-03-17,0.9811861780274235,0.4154430005920896,0.0,0.5657431774353339
2020-03-18,0.6318135270166684,0.024005044844888856,0.34418142813844277,0.6078084821717795
2020-03-19,0.2598035810641598,0.3353716062174624,0.4048248127183778,-0.07556802515330263
2020-03-20,0.6340057030996114,0.17708225539728983,0.18891204150309882,0.4569234477023215
2020-03-21,0.5399853797158555,0.09842418910136874,0.3615904311827758,0.44156119061448673
2020-03-22,0.7798453951511436,0.9567204338893498,0.0,-0.1768750387382062
2020-03-23,0.10698063882695841,0.5993597250421656,0.293659636130876,-0.4923790862152072
2020-03-24,0.761027902502028,0.7286562842366027,0.0,0.03237161826542534
2020-03-25,0.5412665786761103,0.3153637432661175,0.14336967805777223,0.22590283540999279
2020-03-26,0.9629920038589946,0.3931471294940152,0.0,0.5698448743649794
2020-03-27,0.3418721660386861,0.23692399389672347,0.42120384006459044,0.10494817214196261
2020-03-28,0.6326218931339481,0.09696567096542474,0.27041243590062713,0.5356562221685234
2020-03-29,0.9320281055100175,0.1790316374415838,0.0,0.7529964680684337
2020-03-30,0.10250972799067926,0.7975140452964858,0.0999762267128349,-0.6950043173058066
2020-03-31,0.9372284872364511,0.6775458051837758,0.0,0.2596826820526753
2020-04-01,0.6878857223008134,0.5469288759854769,0.0,0.14095684631533645
2020-04-02,0.0678370591051719,0.47508987286676807,0.45707306802806,-0.40725281376159617
2020-04-03,0.30096356694681625,0.9224342836561245,0.0,-0.6214707167093082
2020-04-04,0.7081720886452816,0.0727349477786684,0.21909296357605001,0.6354371408666132
2020-04-05,0.0673506014687717,0.28060081323791597,0.6520485852933123,-0.21325021176914427
2020-04-06,0.5821704601762733,0.34993785357071405,0.06789168625301267,0.23223260660555922
2020-04-07,0.34588305695295674,0.7824258122127878,0.0,-0.4365427552598311
2020-04-08,0.6209155177674771,0.9925146201619713,0.0,-0.37159910239449423
2020-04-09,0.04574203381251285,0.24067051475715306,0.7135874514303341,-0.19492848094464021
2020-04-10,0.8715368061523763,0.8743073341370806,0.0,-0.0027705279847043407
2020-04-11,0.9734889691773969,0.8306227604317913,0.0,0.14286620874560563
2020-04-12,0.9688778552856915,0.22465739764176662,0.0,0.7442204576439249
2020-04-13,0.7496518317429247,0.3993325801992226,0.0,0.35031925154370214
2020-04-14,0.13008624013063197,0.4096728692925191,0.4602408905768489,-0.27958662916188715
2020-04-15,0.7582631959290226,0.9782206685265583,0.0,-0.21995747259753573
2020-04-16,0.02458691645880151,0.18089190137889832,0.7945211821623002,-0.1563049849200968
2020-04-17,0.022123551528997254,0.799157971104782,0.1787184773662207,-0.7770344195757848
2020-04-18,0.32361021914954125,0.3341927141731099,0.34219706667734884,-0.010582495023568672
2020-04-19,0.48864319040466575,0.7308703457761604,0.0,-0.24222715537149464
2020-04-20,0.7704074178077932,0.42001100429566285,0.0,0.35039641351213036
2020-04-21,0.6832953766065052,0.57835976311654,0.0,0.10493561348996516
2020-04-22,0.44590270637674834,0.8326117733261311,0.0,-0.3867090669493828
2020-04-23,0.2736266662816659,0.8041655649838841,0.0,-0.5305388987022183
2020-04-24,0.9971245001577111,0.8664231835397002,0.0,0.130701316618011
2020-04-25,0.42618130223597295,0.05961732534465902,0.514201372419368,0.3665639768913139
2020-04-26,0.4513870243296755,0.6920505530397448,0.0,-0.24066352871006935
2020-04-27,0.16362382119166918,0.13998737672176287,0.696388802086568,0.023636444469906315
2020-04-28,0.7948095487499294,0.415818568018411,0.0,0.3789909807315184
2020-04-29,0.6936822257814886,0.5485884150546885,0.0,0.14509381072680017
2020-04-30,0.2207696127887604,0.40273948474683074,0.37649090246440886,-0.18196987195807035
2020-05-01,0.0823810456158427,0.5196116758030075,0.3980072785811498,-0.4372306301871648
2020-05-02,0.6804993020747131,0.9965263087986191,0.0,-0.31602700672390605
2020-05-03,0.6545112142811352,0.13521731371285473,0.21027147200601004,0.5192939005682805
2020-05-04,0.2732595269982093,0.6754560453364256,0.05128442766536512,-0.40219651833821624
2020-05-05,0.9508635622504104,0.3960009663856152,0.0,0.5548625958647951
2020-05-06,0.15105789178090023,0.13300979890732878,0.715932309311771,0.018048092873571453
2020-05-07,0.4323348010426019,0.15873676337430953,0.40892843558308856,0.2735980376682924
2020-05-08,0.9436159201675989,0.9492731062456169,0.0,-0.005657186078018017
2020-05-09,0.4197273169261223,0.879601496711762,0.0,-0.4598741797856397
2020-05-10,0.6385259476640855,0.9070419604150218,0.0,-0.2685160127509363
2020-05-11,0.3975943979627943,0.9915327758273865,0.0,-0.5939383778645922
2020-05-12,0.27421520234867003,0.20831539000851795,0.517469407642812,0.06589981234015208
2020-05-13,0.9839776479598282,0.35543933736406175,0.0,0.6285383105957665
2020-05-14,0.409334006315043,0.6692190299248667,0.0,-0.2598850236098237
2020-05-15,0.8940992036791344,0.48380253986064725,0.0,0.4102966638184872
2020-05-16,0.22995460589108618,0.4183895333783335,0.3516558607305803,-0.18843492748724733
2020-05-17,0.2131047040250833,0.35781124933559305,0.42908404663932365,-0.14470654531050975
2020-05-18,0.03113408288451136,0.5937806319434522,0.37508528517203643,-0.5626465490589408
2020-05-19,0.651666825375885,0.575593428640082,0.0,0.07607339673580304
2020-05-20,0.36852634372376114,0.16145783406424008,0.4700158222119988,0.20706850965952106
2020-05-21,0.864358249839637,0.47173983751843906,0.0,0.392618412321198
2020-05-22,0.47320990669155716,0.5534717762098499,0.0,-0.08026186951829273
2020-05-23,0.9681934279147217,0.5702869387313905,0.0,0.39790648918333127
2020-05-24,0.18552551570312115,0.2101071929123518,0.604367291384527,-0.024581677209230657
2020-05-25,0.8686231679556108,0.7422713922522868,0.0,0.126351775703324
2020-05-26,0.7765968527917417,0.025199094821069634,0.19820405238718863,0.7513977579706721
2020-05-27,0.770921844644052,0.35483185554316266,0.0,0.41608998910088935
2020-05-28,0.8447832281168877,0.7802126485356335,0.0,0.06457057958125412
2020-05-29,0.7610239909429989,0.5638929210554023,0.0,0.19713106988759654
2020-05-30,0.6262203216314154,0.26116243251086024,0.11261724585772437,0.36505788912055515
2020-05-31,0.13124487768238757,0.6949531193430477,0.17380200297456472,-0.5637082416606601
2020-06-01,0.032526179491251916,0.5673909441560734,0.4000828763526747,-0.5348647646648215
2020-06-02,0.9208478478156868,0.7962436094563872,0.0,0.12460423835929968
2020-06-03,0.616650314520738,0.7350251861898234,0.0,-0.11837487166908534
2020-06-04,0.7965372909761763,0.6101079220362347,0.0,0.18642936893994166
2020-06-05,0.4815223515125501,0.488177675310814,0.030299973176635908,-0.006655323798263946
2020-06-06,0.11730818896239448,0.1331821256675234,0.7495096853700821,-0.015873936705128933
2020-06-07,0.12518579220255044,0.26133301788538377,0.6134811899120658,-0.13614722568283333
2020-06-08,0.6855652872289714,0.41909947291708527,0.0,0.2664658143118861
2020-06-09,0.4303058948994627,0.5992992870063887,0.0,-0.168993392106926
2020-06-10,0.20052472670033672,0.5137078552153048,0.28576741808435846,-0.3131831285149681
2020-06-11,0.4915945467414369,0.2881845259595295,0.22022092729903364,0.2034100207819074
2020-06-12,0.06420893707513409,0.006464357789710551,0.9293267051351554,0.057744579285423536
2020-06-13,0.5819714019143988,0.49623922190081393,0.0,0.08573218001358485
2020-06-14,0.26899340443509767,0.2856259885622431,0.44538060700265925,-0.01663258412714541
2020-06-15,0.7975591006371882,0.7346083007105351,0.0,0.06295079992665309
2020-06-16,0.31036195892357377,0.02394626527048349,0.6656917758059427,0.2864156936530903
2020-06-17,0.4552201490818012,0.5848278113057909,0.0,-0.12960766222398967
2020-06-18,0.011620539908100636,0.9414742375060654,0.04690522258583396,-0.9298536975979648
2020-06-19,0.07244688779455888,0.1744092671114995,0.7531438450939416,-0.10196237931694063
2020-06-20,0.3924935564066848,0.47164949075059537,0.1358569528427198,-0.07915593434391055
2020-06-21,0.4799388347171235,0.09142199181713817,0.4286391734657383,0.38851684289998534
2020-06-22,0.6000205481193037,0.6256819122613526,0.0,-0.025661364142048892
2020-06-23,0.29166257870930323,0.5505316805962256,0.15780574069447117,-0.25886910188692236
2020-06-24,0.6949818861265425,0.40736552421283234,0.0,0.2876163619137102
2020-06-25,0.8601223971892046,0.5213770214737412,0.0,0.33874537571546337
2020-06-26,0.7798509888933498,0.8965746584690102,0.0,-0.11672366957566038
2020-06-27,0.039618825348357145,0.19629430231106704,0.7640868723405758,-0.1566754769627099
2020-06-28,0.48050694725782894,0.022564511705347234,0.4969285410368238,0.4579424355524817
2020-06-29,0.10493017841817487,0.861664884699101,0.03340493688272417,-0.7567347062809261
2020-06-30,0.24204501586252747,0.5771170823879065,0.18083790174956604,-0.335072066525379
2020-07-01,0.9866625932671464,0.8906584554618424,0.0,0.09600413780530404
2020-07-02,0.14249554290151323,0.5969452234131726,0.2605592336853142,-0.45444968051165935
2020-07-03,0.49888815345135606,0.8101610899597025,0.0,-0.3112729365083464
2020-07-04,0.6181557343181191,0.42967336335514794,0.0,0.18848237096297116
2020-07-05,0.702464970544104,0.7498599312882688,0.0,-0.04739496074416483
2020-07-06,0.5596486834869141,0.913041466889856,0.0,-0.3533927834029419
2020-07-07,0.00977084741918366,0.5721229637222063,0.41810618885861006,-0.5623521163030226
2020-07-08,0.3264613082439919,0.18078515056237954,0.4927535411936286,0.14567615768161235
2020-07-09,0.5177116433847114,0.26879761503019817,0.2134907415850904,0.24891402835451326
2020-07-10,0.08786649914483335,0.19864457689740578,0.7134889239577609,-0.11077807775257242
2020-07-11,0.35062693120918076,0.24685702759573291,0.4025160411950863,0.10376990361344784
2020-07-12,0.033203108791366565,0.3064154493510364,0.6603814418575971,-0.2732123405596698
2020-07-13,0.07857849715502074,0.5551337867531885,0.3662877160917908,-0.47655528959816773
2020-07-14,0.39692327620159606,0.5879916294638328,0.01508509433457117,-0.1910683532622367
2020-07-15,0.13271575404306035,0.4264997472418611,0.4407844987150785,-0.2937839931988008
2020-07-16,0.5675408482615582,0.6154207798208354,0.0,-0.04787993155927728
2020-07-17,0.6894649691372657,0.08157492561136592,0.22896010525136834,0.6078900435258998
2020-07-18,0.8005866991090829,0.08778823705815997,0.11162506383275717,0.7127984620509229
2020-07-19,0.2001502442448101,0.17182946035765845,0.6280202953975315,0.028320783887151646
2020-07-20,0.16748258225906976,0.5180774980403448,0.3144399197005855,-0.350594915781275
2020-07-21,0.10456784033440025,0.21399467869831357,0.6814374809672862,-0.10942683836391331
2020-07-22,0.6364302495436367,0.28328440349257733,0.08028534696378598,0.35314584605105936
2020-07-23,0.7064757264869012,0.40031283617299407,0.0,0.3061628903139071
2020-07-24,0.03158614482564204,0.8118661240103798,0.15654773116397813,-0.7802799791847378
2020-07-25,0.9362122462436898,0.013862135912860118,0.049925617843450065,0.9223501103308297
2020-07-26,0.05197128365147241,0.6493788202366224,0.2986498961119052,-0.59740753658515
2020-07-27,0.5412963353010705,0.6688765310406853,0.0,-0.12758019573961488
2020-07-28,0.7090605194509164,0.7986557803566365,0.0,-0.08959526090572012
2020-07-29,0.8709691237460856,0.9327529390603132,0.0,-0.06178381531422761
2020-07-30,0.7140869321324278,0.020137848949289827,0.2657752189182824,0.693949083183138
2020-07-31,0.8017280830697918,0.15378370551321618,0.044488211416991996,0.6479443775565756
2020-08-01,0.33945019254280606,0.886171294055993,0.0,-0.546721101513187
2020-08-02,0.8148251137465122,0.45851856218701537,0.0,0.35630655155949686
2020-08-03,0.08011484638467514,0.5645906389334635,0.35529451468186135,-0.48447579254878836
2020-08-04,0.8948166560605276,0.6630272037231474,0.0,0.23178945233738024
2020-08-05,0.5475923761537362,0.6790666044956374,0.0,-0.13147422834190114
2020-08-06,0.8172977699624937,0.9317404033165082,0.0,-0.1144426333540145
2020-08-07,0.45231828451830014,0.9969494174116696,0.0,-0.5446311328933695
2020-08-08,0.643577695196525,0.7201574609309402,0.0,-0.07657976573441527
2020-08-09,0.5264026609361132,0.2872212092051508,0.18637612985873597,0.2391814517309624
2020-08-10,0.7315895217553319,0.8797524022943436,0.0,-0.14816288053901172
2020-08-11,0.08162998203058958,0.04922091454076161,0.8691491034286488,0.03240906748982797
2020-08-12,0.0603520839905638,0.2310808528744962,0.70856706313494,-0.1707287688839324
2020-08-13,0.24710323401014644,0.8973857174637149,0.0,-0.6502824834535684
2020-08-14,0.15954468011318834,0.25619151443935495,0.5842638054474567,-0.09664683432616661
2020-08-15,0.8717835665922017,0.22065105962174847,0.0,0.6511325069704532
2020-08-16,0.21921398735804432,0.13812529314024724,0.6426607195017084,0.08108869421779707
2020-08-17,0.9758652558191313,0.8591117576469165,0.0,0.11675349817221481
2020-08-18,0.33689579177110685,0.5000582591910867,0.16304594903780645,-0.16316246741997986
2020-08-19,0.18211791568869928,0.6748932030541548,0.14298888125714593,-0.4927752873654555
2020-08-20,0.7896985071424791,0.23906638407502967,0.0,0.5506321230674495
2020-08-21,0.6587077755008761,0.7580404210112165,0.0,-0.09933264551034038
2020-08-22,0.498195716453139,0.7600055449620985,0.0,-0.2618098285089595
2020-08-23,0.5553635509376312,0.31259802490830013,0.13203842415406863,0.2427655260293311
2020-08-24,0.7192017782722638,0.41068263301028285,0.0,0.308519145261981
2020-08-25,0.22845474133129873,0.20969027743020086,0.5618549812385004,0.018764463901097872
2020-08-26,0.9963339160567419,0.9765610233229043,0.0,0.019772892733837644
2020-08-27,0.9747931621467831,0.6456025770584116,0.0,0.3291905850883715
2020-08-28,0.6503256863469369,0.9345438807155155,0.0,-0.28421819436857865
2020-08-29,0.19954245092914513,0.30338554362913317,0.4970720054417217,-0.10384309269998804
2020-08-30,0.6802282424312913,0.7818909129968897,0.0,-0.10166267056559841
2020-08-31,0.07219840897917584,0.765858643884742,0.16194294713608215,-0.6936602349055662
2020-09-01,0.030652502205806065,0.6916556518665415,0.2776918459276524,-0.6610031496607355
2020-09-02,0.2576828885112137,0.9656389752668004,0.0,-0.7079560867555867
2020-09-03,0.4626229567393163,0.39355533610631555,0.14382170715436815,0.06906762063300076
2020-09-04,0.8682725054083805,0.1307173235897573,0.0010101710018621812,0.7375551818186232
2020-09-05,0.727169069766308,0.6717088592440608,0.0,0.055460210522247255
2020-09-06,0.742706521199981,0.7293098004772062,0.0,0.013396720722774869
2020-09-07,0.42549333444807536,0.5750605734588147,0.0,-0.14956723901073932
2020-09-08,0.3459349925469629,0.20681789313339627,0.4472471143196408,0.13911709941356665
2020-09-09,0.3710387629846027,0.5044559416693554,0.12450529534604193,-0.13341717868475267
2020-09-10,0.9876495637360578,0.3121897365691294,0.0,0.6754598271669284
2020-09-11,0.04010919141248248,0.42746652816668906,0.5324242804208285,-0.3873573367542066
2020-09-12,0.8670314961224486,0.6452185758446639,0.0,0.22181292027778465
2020-09-13,0.5786754085723934,0.7452147426908345,0.0,-0.16653933411844113
2020-09-14,0.43861541918959046,0.23222469090134312,0.3291598899090664,0.20639072828824734
2020-09-15,0.7252576604151365,0.40532536064695335,0.0,0.31993229976818316
2020-09-16,0.48666894142470285,0.2691615709916292,0.24416948758366797,0.21750737043307367
2020-09-17,0.8734232380816606,0.19863161386186912,0.0,0.6747916242197914
2020-09-18,0.9007018640112585,0.7833872199958384,0.0,0.11731464401542013
2020-09-19,0.4217209268734554,0.9092526944369924,0.0,-0.487531767563537
2020-09-20,0.2768277972350516,0.3702321856845767,0.3529400170803717,-0.09340438844952514
2020-09-21,0.5923503285933622,0.7512789243737669,0.0,-0.15892859578040464
2020-09-22,0.912363345616691,0.8969952893644111,0.0,0.015368056252279882
2020-09-23,0.21066218900566658,0.8461242105302316,0.0,-0.635462021524565
2020-09-24,0.6229665835634828,0.1828133885392259,0.19422002789729131,0.44015319502425687
2020-09-25,0.6315602200925206,0.9562918815133613,0.0,-0.32473166142084076
2020-09-26,0.733113022415281,0.37667644042946247,0.0,0.3564365819858185
2020-09-27,0.1315676851272598,0.33924066117383633,0.5291916536989039,-0.20767297604657653
2020-09-28,0.7158249646820886,0.062431327277780335,0.2217437080401311,0.6533936374043082
2020-09-29,0.909032520665641,0.486173654104883,0.0,0.422858866560758
2020-09-30,0.17968310887024197,0.10901361564092871,0.7113032754888293,0.07066949322931326
2020-10-01,0.23754332492387764,0.248539820927426,0.5139168541486964,-0.01099649600354835
2020-10-02,0.9713950940416396,0.3169426217672814,0.0,0.6544524722743582
2020-10-03,0.18097695270948977,0.808826323491684,0.01019672379882619,-0.6278493707821943
2020-10-04,0.8543850933695791,0.8754886503958965,0.0,-0.021103557026317388
2020-10-05,0.4922778564480348,0.3024663174614697,0.20525582609049553,0.1898115389865651
2020-10-06,0.24723107440317704,0.8586981212445739,0.0,-0.6114670468413969
2020-10-07,0.8707499012725114,0.8572309373697911,0.0,0.013518963902720338
2020-10-08,0.4453052550026655,0.7646509503848735,0.0,-0.31934569538220803
2020-10-09,0.5148173539296902,0.14669511401518154,0.33848753205512827,0.36812223991450865
2020-10-10,0.3592333693997657,0.690322846900729,0.0,-0.3310894775009633
2020-10-11,0.5929508514349274,0.9450240645805688,0.0,-0.35207321314564133
2020-10-12,0.16352387258502277,0.6825404787671571,0.15393564864782017,-0.5190166061821343
2020-10-13,0.3910815366517607,0.33161684910783396,0.27730161424040534,0.05946468754392675
2020-10-14,0.9694123223352875,0.5005793174308313,0.0,0.46883300490445623
2020-10-15,0.25813343270112754,0.6457250433510536,0.09614152394781883,-0.3875916106499261
2020-10-16,0.6567366645412922,0.5105704087285036,0.0,0.14616625581278864
2020-10-17,0.3251900642246949,0.11995294173096982,0.5548569940443353,0.20523712249372505
2020-10-18,0.7734731256866006,0.31206404465202064,0.0,0.46140908103458
2020-10-19,0.13087366071834983,0.8023960305536325,0.06673030872801766,-0.6715223698352827
2020-10-20,0.9698210450785447,0.8614180460955174,0.0,0.1084029989830273
2020-10-21,0.45378954138363925,0.13730003271557023,0.4089104259007905,0.316489508668069
2020-10-22,0.23605046334646396,0.9523867523987246,0.0,-0.7163362890522607
2020-10-23,0.07349674733001266,0.32882261784860933,0.597680634821378,-0.2553258705185967
2020-10-24,0.16975790508754074,0.66231373873072,0.1679283561817393,-0.49255583364317923
2020-10-25,0.5197739485560177,0.7518251459566812,0.0,-0.2320511974006635
2020-10-26,0.3370031764312863,0.8119462346378834,0.0,-0.4749430582065971
2020-10-27,0.8288833658826095,0.9457497022259301,0.0,-0.11686633634332066
2020-10-28,0.43088752366180594,0.3129195480288226,0.25619292830937146,0.11796797563298334
2020-10-29,0.2487142725876299,0.8585064545515545,0.0,-0.6097921819639246
2020-10-30,0.61714498660403,0.13168690343620704,0.2511681099597629,0.485458083167823
2020-10-31,0.7067772168854458,0.7050409063535927,0.0,0.0017363105318530803
2020-11-01,0.16704190790094986,0.7419777295139859,0.09098036258506426,-0.574935821613036
2020-11-02,0.16761921628831766,0.6777232412013204,0.1546575425103619,-0.5101040249130028
2020-11-03,0.03667142693354297,0.252314736135153,0.711013836931304,-0.21564330920161
2020-11-04,0.7364020150656405,0.8730431470152034,0.0,-0.13664113194956284
2020-11-05,0.6638045276218051,0.168858463370395,0.1673370090077999,0.4949460642514101
2020-11-06,0.4746308757498139,0.05363479152083084,0.4717343327293553,0.42099608422898305
2020-11-07,0.8441704489691971,0.7174649906119122,0.0,0.12670545835728497
2020-11-08,0.8056701529500532,0.4754757152327337,0.0,0.3301944377173195
2020-11-09,0.5853543643967521,0.8490980199586761,0.0,-0.2637436555619239
2020-11-10,0.8682712805132586,0.38339714105825895,0.0,0.4848741394549997
2020-11-11,0.20584121003676825,0.16827858850771282,0.6258802014555189,0.03756262152905543
2020-11-12,0.11191961939772788,0.8364421924698697,0.051638188132402396,-0.7245225730721419
2020-11-13,0.2697496115169896,0.5489096316400717,0.1813407568429387,-0.27916002012308205
2020-11-14,0.05708685608931485,0.1891957923903549,0.7537173515203303,-0.13210893630104004
2020-11-15,0.531169528001032,0.7203839985864458,0.0,-0.18921447058541374
2020-11-16,0.9366056922949615,0.5111136384895005,0.0,0.42549205380546096
2020-11-17,0.03934354066850965,0.6043129822403198,0.35634347709117054,-0.5649694415718102
2020-11-18,0.1221099140100268,0.4608983382065819,0.4169917477833913,-0.3387884241965551
2020-11-19,0.4521990282834353,0.8287089838180064,0.0,-0.3765099555345711
2020-11-20,0.9338750175279049,0.8295627156830498,0.0,0.10431230184485507
2020-11-21,0.3161561049767505,0.7093888218243862,0.0,-0.3932327168476357
2020-11-22,0.5072348086883924,0.10540137739646227,0.3873638139151453,0.40183343129193017
2020-11-23,0.0415728590503921,0.8388538619040689,0.11957327904553905,-0.7972810028536768
2020-11-24,0.14834320096208886,0.6710129805329098,0.18064381850500133,-0.522669779570821
2020-11-25,0.9866301229588469,0.6970241660042995,0.0,0.2896059569545474
2020-11-26,0.9651186964360455,0.36298284040387163,0.0,0.6021358560321739
2020-11-27,0.004939980934409616,0.8792795561570067,0.11578046290858368,-0.8743395752225971
2020-11-28,0.951811785423239,0.7253716002348575,0.0,0.2264401851883815
2020-11-29,0.6391199378155004,0.11259046652919447,0.24828959565530517,0.5265294712863059
2020-11-30,0.8679182945200221,0.40777803440616267,0.0,0.46014026011385945
2020-12-01,0.4547398556338591,0.8863803619601417,0.0,-0.4316405063262826
2020-12-02,0.5155960285792502,0.047196701697378995,0.43720726972337076,0.46839932688187125
2020-12-03,0.4888465802569202,0.9614166196420495,0.0,-0.4725700393851293
2020-12-04,0.6668642575461043,0.6791625683195628,0.0,-0.012298310773458443
2020-12-05,0.1396512547563129,0.6313759776433766,0.2289727676003105,-0.4917247228870637
2020-12-06,0.029973589872677953,0.2705592564879914,0.6994671536393307,-0.24058566661531344
2020-12-07,0.3079299415911909,0.24879178873917707,0.443278269669632,0.05913815285201385
2020-12-08,0.7046807627366467,0.9420582194885955,0.0,-0.23737745675194877
2020-12-09,0.20185345212294836,0.29827245423412274,0.4998740936429289,-0.09641900211117438
2020-12-10,0.6734324333249173,0.7755052967189994,0.0,-0.10207286339408206
2020-12-11,0.9699120461072704,0.39312179820707915,0.0,0.5767902479001913
2020-12-12,0.09390071578941839,0.13925407078470398,0.7668452134258776,-0.04535335499528559
2020-12-13,0.6726021182251263,0.01071529769535895,0.3166825840795148,0.6618868205297673
2020-12-14,0.44375021930457115,0.5442573370152508,0.011992443680178044,-0.10050711771067966
2020-12-15,0.8681422543775054,0.9757788185489327,0.0,-0.1076365641714273
2020-12-16,0.1771497894473859,0.3691361938092045,0.4537140167434096,-0.19198640436181857
2020-12-17,0.6926259522261645,0.35719233399304484,0.0,0.3354336182331197
2020-12-18,0.8381152896481102,0.3440916178494421,0.0,0.49402367179866813
2020-12-19,0.9446142194740232,0.5205438373048584,0.0,0.4240703821691648
2020-12-20,0.6832480282896458,0.44066488342429355,0.0,0.24258314486535226
2020-12-21,0.4971747640084273,0.8799146267270145,0.0,-0.3827398627185872
2020-12-22,0.6178472402012138,0.5055207917234903,0.0,0.11232644847772355
2020-12-23,0.8689049844787182,0.5077578381885688,0.0,0.36114714629014943
2020-12-24,0.5706097466388297,0.1383715947205566,0.2910186586406137,0.4322381519182731
2020-12-25,0.03038705969683686,0.982739540910386,0.0,-0.9523524812135491
2020-12-26,0.9309486955069778,0.24997289086882968,0.0,0.6809758046381481
2020-12-27,0.6895267510315611,0.07336406745960267,0.2371091815088362,0.6161626835719585
2020-12-28,0.6765133857772465,0.6631462489752088,0.0,0.013367136802037716
2020-12-29,0.21567515239771717,0.5953663701568727,0.18895847744541017,-0.3796912177591555
2020-12-30,0.6588854702326572,0.4151456539927457,0.0,0.24373981623991148
2020-12-31,0.3938644056541585,0.42219223388067806,0.18394336046516346,-0.02832782822651958
2021-01-01,0.6512329770414921,0.7850639210464312,0.0,-0.1338309440049391
2021-01-02,0.10659303030799072,0.19571264009964906,0.6976943295923602,-0.08911960979165834
2021-01-03,0.657845304603036,0.8202533189448897,0.0,-0.1624080143418537
2021-01-04,0.9994137257706666,0.6487471138950182,0.0,0.3506666118756484
2021-01-05,0.04821203886055603,0.4189697737795244,0.5328181873599196,-0.37075773491896835
2021-01-06,0.9771741842213173,0.4580286165838686,0.0,0.5191455676374487
2021-01-07,0.4069079607228706,0.2566472071860958,0.3364448320910336,0.15026075353677482
2021-01-08,0.8707534503372591,0.7521143326969748,0.0,0.11863911764028434
2021-01-09,0.7823854840582735,0.5128747423052678,0.0,0.2695107417530057
2021-01-10,0.5670162609866678,0.3208545427498436,0.1121291962634886,0.2461617182368242
2021-01-11,0.7384492092513265,0.5960501157609502,0.0,0.14239909349037627
2021-01-12,0.8785155613013479,0.995734452051323,0.0,-0.11721889074997516
2021-01-13,0.404140321651033,0.43526227965655384,0.16059739869241318,-0.031121958005520867
2021-01-14,0.3270331615632387,0.9206914007786196,0.0,-0.5936582392153809
2021-01-15,0.6675933855635847,0.3450168399245661,0.0,0.3225765456390186
2021-01-16,0.8078459419412586,0.054732706924985886,0.13742135113375553,0.7531132350162727
2021-01-17,0.7622851347766157,0.20424210636842888,0.033472758854955376,0.5580430284081869
2021-01-18,0.7978136488586345,0.4186951433276842,0.0,0.3791185055309503
2021-01-19,0.435583314812933,0.219634928594569,0.344781756592498,0.21594838621836399
2021-01-20,0.8178342161750216,0.0002270382182555375,0.18193874560672285,0.8176071779567661
2021-01-21,0.12020905537060844,0.9150015377475272,0.0,-0.7947924823769188
2021-01-22,0.5444890979608495,0.843879411230929,0.0,-0.2993903132700795
2021-01-23,0.0057586604981215705,0.7422922314869471,0.2519491080149313,-0.7365335709888255
2021-01-24,0.3245858299002703,0.16781459564602863,0.5075995744537011,0.15677123425424166
2021-01-25,0.3664615348713979,0.12036357620998606,0.5131748889186161,0.24609795866141182
2021-01-26,0.3961726916092554,0.06760474947238315,0.5362225589183615,0.32856794213687224
2021-01-27,0.6954672066898622,0.7240291887729212,0.0,-0.028561982083059045
2021-01-28,0.38855810127034573,0.9288079606878853,0.0,-0.5402498594175396
2021-01-29,0.44869362262253065,0.430535820913037,0.12077055646443235,0.01815780170949366
2021-01-30,0.23754413087432746,0.11914067199604816,0.6433151971296244,0.1184034588782793
2021-01-31,0.3732517916293401,0.5123928207321066,0.11435538763855335,-0.1391410291027665
2021-02-01,0.22726962726315147,0.34883190745863013,0.4238984652782184,-0.12156228019547866
2021-02-02,0.07319592376844364,0.3748249243499977,0.5519791518815587,-0.30162900058155406
2021-02-03,0.6034485933813779,0.6213306241557073,0.0,-0.01788203077432937
2021-02-04,0.6682127985550163,0.7187181132622024,0.0,-0.05050531470718611
2021-02-05,0.6194903460096145,0.11060359887316085,0.26990605511722465,0.5088867471364537
2021-02-06,0.46349404380057235,0.035590230806476386,0.5009157253929513,0.42790381299409597
2021-02-07,0.3797857801792298,0.9943303026857149,0.0,-0.6145445225064851
2021-02-08,0.8633336495718252,0.23272834891555183,0.0,0.6306053006562734
2021-02-09,0.519081785136218,0.053830524908459076,0.42708768995532287,0.465251260227759
2021-02-10,0.47918187762973097,0.18987532909591998,0.33094279327434906,0.289306548533811
2021-02-11,0.025642065806435688,0.03895784634846422,0.9354000878451001,-0.013315780542028532
2021-02-12,0.34124782762615635,0.39181089461717167,0.266941277756672,-0.050563066991015315
2021-02-13,0.38019561878585706,0.8024017844513243,0.0,-0.4222061656654672
2021-02-14,0.3988227808969005,0.3412444497577206,0.2599327693453789,0.05757833113917987
2021-02-15,0.5801723692273323,0.44418340687836655,0.0,0.13598896234896574
2021-02-16,0.5336025467268785,0.6755867735674388,0.0,-0.14198422684056033
2021-02-17,0.6079050927934446,0.5088940700698802,0.0,0.09901102272356443
2021-02-18,0.7648832615421283,0.8614456860213242,0.0,-0.09656242447919594
2021-02-19,0.8129857387160935,0.8660356750457565,0.0,-0.05304993632966304
2021-02-20,0.7181230762264944,0.009910695491153643,0.27196622828235195,0.7082123807353408
2021-02-21,0.9555236959549347,0.7780463064831992,0.0,0.17747738947173552
2021-02-22,0.01823258267636163,0.46073360024167387,0.5210338170819645,-0.44250101756531224
2021-02-23,0.1957779856835461,0.9888405413036631,0.0,-0.793062555620117
2021-02-24,0.00756287497814212,0.48323207587543515,0.5092050491464227,-0.47566920089729303
2021-02-25,0.647474714154603,0.9868959453882975,0.0,-0.3394212312336945
2021-02-26,0.8980305489499869,0.7545693612057366,0.0,0.14346118774425032
2021-02-27,0.24348229657629927,0.24860488461330632,0.5079128188103944,-0.005122588037007048
2021-02-28,0.9270345447963066,0.5383949792869577,0.0,0.38863956550934897
2021-03-01,0.06026739028956085,0.9921356394785827,0.0,-0.9318682491890219
2021-03-02,0.9344360268055143,0.8575306077519237,0.0,0.0769054190535906
2021-03-03,0.3516226872396344,0.0973668937912211,0.5510104189691445,0.2542557934484133
2021-03-04,0.10142082844921652,0.7063719968099961,0.1922071747407874,-0.6049511683607796
2021-03-05,0.48587175918632564,0.34557958587081306,0.1685486549428613,0.14029217331551258
2021-03-06,0.25677656772050794,0.006982261880348117,0.7362411703991439,0.24979430584015982
2021-03-07,0.28487290196192283,0.4034809690269996,0.3116461290110776,-0.11860806706507676
2021-03-08,0.3072899649262866,0.2347544217249713,0.45795561334874213,0.07253554320131528
2021-03-09,0.8030258978326634,0.8188692705204715,0.0,-0.01584337268780811
2021-03-10,0.5391612766752545,0.3373306088457655,0.12350811447898002,0.201830667829489
2021-03-11,0.31130769915600365,0.8275236939538171,0.0,-0.5162159947978134
2021-03-12,0.6103337833109184,0.0005979388347953085,0.3890682778542863,0.6097358444761231
2021-03-13,0.7161506742231936,0.30781915002611915,0.0,0.4083315241970744
2021-03-14,0.27262400073353377,0.24116521430776194,0.4862107849587043,0.03145878642577182
2021-03-15,0.4135491015253515,0.23356736106861098,0.3528835374060375,0.17998174045674054
2021-03-16,0.12188609333694755,0.0681866197654627,0.8099272868975897,0.05369947357148486
2021-03-17,0.18114934953468032,0.18712427041050173,0.631726380054818,-0.00597492087582141
2021-03-18,0.6811178539649828,0.5555495698856199,0.0,0.12556828407936294
2021-03-19,0.18143834769562694,0.2913610728377445,0.5272005794666286,-0.10992272514211754
2021-03-20,0.5251633836670602,0.41739478232914795,0.05744183400379188,0.10776860133791222
2021-03-21,0.7090462617224327,0.3768668803471885,0.0,0.33217938137524416
2021-03-22,0.10687692309474384,0.8759049249998946,0.01721815190536158,-0.7690280019051507
2021-03-23,0.5673122196289035,0.9052989990105155,0.0,-0.3379867793816119
2021-03-24,0.25656278370136376,0.49295697165586005,0.2504802446427762,-0.2363941879544963
2021-03-25,0.9629268752375798,0.3301559503156044,0.0,0.6327709249219754
2021-03-26,0.4835456467199247,0.10680070400236363,0.40965364927771164,0.3767449427175611
2021-03-27,0.8059925497751581,0.953402879382095,0.0,-0.1474103296069369
2021-03-28,0.5502265421562618,0.06022694490029745,0.3895465129434408,0.4899995972559643
2021-03-29,0.043412532854819164,0.29765027756828044,0.6589371895769004,-0.2542377447134613
2021-03-30,0.6331513755940223,0.29806620117000415,0.0687824232359735,0.3350851744240182
2021-03-31,0.951403342206657,0.3204012861402149,0.0,0.6310020560664421
2021-04-01,0.6016118201463312,0.16428684327240928,0.23410133658125953,0.4373249768739219
2021-04-02,0.8191888594267902,0.7831614309236972,0.0,0.03602742850309304
2021-04-03,0.8842064633484078,0.12249786196598922,0.0,0.7617086013824186
2021-04-04,0.22807977194893247,0.6349066591531628,0.13701356889790473,-0.4068268872042303
2021-04-05,0.21204483990822665,0.12384602670581746,0.6641091333859559,0.08819881320240919
2021-04-06,0.6109809888509917,0.07053563759295656,0.3184833735560517,0.5404453512580352
2021-04-07,0.4110284698067047,0.9094295036858765,0.0,-0.4984010338791718
2021-04-08,0.8398613028667203,0.19012876631870568,0.0,0.6497325365480147
2021-04-09,0.9000231233980112,0.8212501545597043,0.0,0.07877296883830687
2021-04-10,0.3534213793027181,0.5446308711071358,0.10194774959014608,-0.1912094918044177
2021-04-11,0.23687055897448206,0.0778565196087696,0.6852729214167483,0.15901403936571246
2021-04-12,0.7805255152438618,0.9554481914380675,0.0,-0.17492267619420565
2021-04-13,0.2748060355481361,0.24696116699189252,0.4782327974599714,0.027844868556243574
2021-04-14,0.8226143185136784,0.8596453453526065,0.0,-0.037031026838928116
2021-04-15,0.42373825364876283,0.16881000578456418,0.407451740566673,0.25492824786419865
2021-04-16,0.6675498992914705,0.8539428821418529,0.0,-0.18639298285038242
2021-04-17,0.09553531383466818,0.013228812905293985,0.8912358732600378,0.0823065009293742
2021-04-18,0.623859324676573,0.5117804565694807,0.0,0.11207886810709233
2021-04-19,0.4517676787372291,0.7694425794215568,0.0,-0.3176749006843277
2021-04-20,0.5866084631754741,0.9347955174927833,0.0,-0.34818705431730923
2021-04-21,0.16801420774486342,0.909202136206487,0.0,-0.7411879284616236
2021-04-22,0.7368737449441821,0.8196248695476449,0.0,-0.08275112460346279
2021-04-23,0.8627970775432285,0.8881913496613041,0.0,-0.025394272118075545
2021-04-24,0.21673980009077565,0.1992196858370765,0.5840405140721479,0.01752011425369915
2021-04-25,0.09571455552016173,0.28418429571172876,0.6201011487681095,-0.18846974019156704
2021-04-26,0.023638586046336396,0.2889685249210585,0.6873928890326051,-0.2653299388747221
2021-04-27,0.641971500443266,0.3770539310016988,0.0,0.2649175694415672
2021-04-28,0.6070940360887808,0.3933206703851887,0.0,0.21377336570359207
2021-04-29,0.54669741271407,0.5445553246546755,0.0,0.0021420880593945313
2021-04-30,0.23194709611597542,0.15987976336644139,0.6081731405175832,0.07206733274953403
2021-05-01,0.39090599590551467,0.6912466637859893,0.0,-0.30034066788047464
2021-05-02,0.594476335186173,0.1675665393045065,0.23795712550932047,0.42690979588166655
2021-05-03,0.4967668588591694,0.31030848210454753,0.19292465903628309,0.18645837675462185
2021-05-04,0.9877855202148873,0.503345130606154,0.0,0.48444038960873326
2021-05-05,0.13643975255673313,0.7964405615234773,0.06711968591978956,-0.6600008089667442
2021-05-06,0.6951445540475938,0.7394692332387273,0.0,-0.044324679191133476
2021-05-07,0.4043187681042921,0.6455343564105223,0.0,-0.24121558830623013
2021-05-08,0.42819961492561476,0.15577326058017016,0.4160271244942151,0.2724263543454446
2021-05-09,0.7175977656581762,0.5470453456155777,0.0,0.17055242004259852
2021-05-10,0.6924361513243696,0.08744650179988545,0.2201173468757449,0.6049896495244842
2021-05-11,0.9912559937021883,0.37736317679665077,0.0,0.6138928169055375
2021-05-12,0.12839428945412523,0.41351653028995916,0.4580891802559156,-0.28512224083583393
2021-05-13,0.10410964938416634,0.03981143944575383,0.8560789111700798,0.06429820993841251
2021-05-14,0.7243388171287412,0.2739880994699718,0.0016730834012870233,0.45035071765876933
2021-05-15,0.5783869170064091,0.9556494672664894,0.0,-0.37726255026008026
2021-05-16,0.27416066655980587,0.9536326078296895,0.0,-0.6794719412698836
2021-05-17,0.0794193689889866,0.3523270542525393,0.5682535767584741,-0.2729076852635527
2021-05-18,0.08565824959643054,0.043100108948324056,0.8712416414552454,0.04255814064810648
2021-05-19,0.8941908746641183,0.17909493932818155,0.0,0.7150959353359367
2021-05-20,0.1918673247187429,0.39221779343354013,0.41591488184771697,-0.20035046871479723
2021-05-21,0.32337156211552076,0.9477796979692298,0.0,-0.624408135853709
2021-05-22,0.22665640222698802,0.14119906353718492,0.6321445342358271,0.0854573386898031
2021-05-23,0.3549963058319373,0.7635158436682122,0.0,-0.4085195378362749
2021-05-24,0.06942384274609337,0.10868253937469208,0.8218936178792146,-0.03925869662859871
2021-05-25,0.5190597909082704,0.9812575773912768,0.0,-0.46219778648300647
2021-05-26,0.0676125635922149,0.381616499109135,0.5507709372986501,-0.3140039355169201
2021-05-27,0.8003565078223616,0.775234538899056,0.0,0.025121968923305538
2021-05-28,0.23371208191043302,0.3425910828111318,0.42369683527843516,-0.1088790009006988
2021-05-29,0.5400119146045106,0.6276688771588087,0.0,-0.08765696255429811
2021-05-30,0.8800790875614583,0.19201608474003673,0.0,0.6880630028214215
2021-05-31,0.6508773690471942,0.14602101929696254,0.20310161165584328,0.5048563497502316
2021-06-01,0.5329577865513353,0.9380641395681313,0.0,-0.405106353016796
2021-06-02,0.3243337531153756,0.9176472779044335,0.0,-0.5933135247890579
2021-06-03,0.33300191305819793,0.8874689402128824,0.0,-0.5544670271546844
2021-06-04,0.6694869551981901,0.6254334501665935,0.0,0.04405350503159666
2021-06-05,0.9941393612211675,0.8082682112162782,0.0,0.1858711500048893
2021-06-06,0.6618391898493786,0.06903693691137491,0.26912387323924647,0.5928022529380037
2021-06-07,0.5577834173700249,0.33478904189067915,0.10742754073929595,0.22299437547934575
2021-06-08,0.7306505102392461,0.3137031247571562,0.0,0.41694738548208987
2021-06-09,0.46520561228371815,0.6356453219526133,0.0,-0.1704397096688951
2021-06-10,0.060142342600785215,0.3559577734706405,0.5838998839285743,-0.2958154308698553
2021-06-11,0.5622968158779098,0.1485067816436808,0.2891964024784094,0.413790034234229
2021-06-12,0.9576252845053802,0.5964670754135437,0.0,0.3611582090918365
2021-06-13,0.17530294235765964,0.8143839206690815,0.010313136973258863,-0.6390809783114219
2021-06-14,0.6900048908206657,0.3821234944599732,0.0,0.30788139636069256
2021-06-15,0.20093368865905648,0.1322687150984817,0.6667975962424618,0.06866497356057477
2021-06-16,0.5358276844730813,0.19668819731282305,0.2674841182140957,0.3391394871602582
2021-06-17,0.09667644964671962,0.23748330516938398,0.6658402451838964,-0.14080685552266436
2021-06-18,0.45037093625818514,0.2998975929945362,0.24973147074727864,0.15047334326364892
2021-06-19,0.7561633288952461,0.6427950705063091,0.0,0.11336825838893694
2021-06-20,0.3475715242389821,0.600945484537719,0.05148299122329891,-0.25337396029873693
2021-06-21,0.664911724487218,0.6960798615670392,0.0,-0.031168137079821134
2021-06-22,0.7954499607897292,0.36250198453151317,0.0,0.432947976258216
2021-06-23,0.9271778194794527,0.8239976518799783,0.0,0.10318016759947435
2021-06-24,0.23464208185545354,0.20408766115576027,0.5612702569887862,0.030554420699693274
2021-06-25,0.39931591580930814,0.46904074751815394,0.13164333667253791,-0.0697248317088458
2021-06-26,0.15241601333041743,0.8009387215414303,0.04664526512815226,-0.6485227082110129
2021-06-27,0.9924835021583752,0.18015864773261925,0.0,0.812324854425756
2021-06-28,0.9270009679242953,0.10986311374078295,0.0,0.8171378541835124
2021-06-29,0.5399571302805596,0.8836839676879897,0.0,-0.34372683740743015
2021-06-30,0.8420332943764213,0.3429296627591959,0.0,0.4991036316172254
2021-07-01,0.5209579772720422,0.683870124909032,0.0,-0.1629121476369898
2021-07-02,0.6235856880027597,0.02534860426393848,0.3510657077333018,0.5982370837388212
2021-07-03,0.08912443211601662,0.6900468884094496,0.22082867947453377,-0.600922456293433
2021-07-04,0.7552704204968079,0.3161013115469705,0.0,0.4391691089498374
2021-07-05,0.12771348363523483,0.05574085358744174,0.8165456627773234,0.07197263004779308
2021-07-06,0.8260676302525284,0.609812761548117,0.0,0.21625486870441135
2021-07-07,0.7820280876703859,0.24080381607317325,0.0,0.5412242715972126
2021-07-08,0.7087446977429764,0.38680724205188,0.0,0.32193745569109644
2021-07-09,0.036160380524762115,0.08058081228651359,0.8832588071887243,-0.04442043176175148
2021-07-10,0.3031283559453286,0.14716325109494532,0.5497083929597261,0.15596510485038328
2021-07-11,0.26311256991084286,0.29797723549584376,0.4389101945933134,-0.0348646655850009
2021-07-12,0.3601364074715191,0.08975950056015713,0.5501040919683238,0.27037690691136196
2021-07-13,0.08764274676383854,0.9108262646863152,0.001530988549846235,-0.8231835179224767
2021-07-14,0.9369578230310628,0.006047043183978418,0.056995133784958796,0.9309107798470844
2021-07-15,0.5538022407123763,0.4838602188643114,0.0,0.06994202184806486
2021-07-16,0.30552431065802355,0.12324745813255145,0.571228231209425,0.1822768525254721
2021-07-17,0.3969815170742834,0.30767908947794853,0.29533939344776805,0.08930242759633489
2021-07-18,0.44720254050483565,0.9260595598182655,0.0,-0.47885701931342983
2021-07-19,0.6005943333606173,0.16169455327398685,0.23771111336539585,0.43889978008663044
2021-07-20,0.5156794276964978,0.9658323197183326,0.0,-0.45015289202183484
2021-07-21,0.9193919732144173,0.2057943769894217,0.0,0.7135975962249956
2021-07-22,0.49696348290583026,0.7415661084668296,0.0,-0.24460262556099932
2021-07-23,0.9921580148233127,0.5466772648973117,0.0,0.44548074992600095
2021-07-24,0.8514249577450957,0.8844787275967592,0.0,-0.03305376985166342
2021-07-25,0.2085105143573358,0.5539932555031309,0.23749623013953325,-0.34548274114579514
2021-07-26,0.9305952146439163,0.5345592191563087,0.0,0.3960359954876076
2021-07-27,0.11636639788547609,0.1954580003683999,0.688175601746124,-0.0790916024829238
2021-07-28,0.8174497084911916,0.16622936205165872,0.01632092945714969,0.6512203464395329
2021-07-29,0.3806232934765801,0.9164891511155142,0.0,-0.5358658576389341
2021-07-30,0.8779743204450695,0.32783819885003407,0.0,0.5501361215950354
2021-07-31,0.8680566901074503,0.37208225496289593,0.0,0.4959744351445544
2021-08-01,0.8059254001176211,0.7598236584283884,0.0,0.046101741689232756
2021-08-02,0.7900304363070614,0.33882348242280735,0.0,0.451206953884254
2021-08-03,0.3046791390980408,0.9520624466390027,0.0,-0.647383307540962
2021-08-04,0.08091928305125218,0.7379277689988003,0.18115294794994752,-0.6570084859475481
2021-08-05,0.40298017876516146,0.59742924257342,0.0,-0.19444906380825855
2021-08-06,0.17352451498650867,0.8808951605447525,0.0,-0.7073706455582438
2021-08-07,0.6949510889024617,0.04960590834948275,0.25544300274805554,0.645345180552979
2021-08-08,0.34609972653778553,0.25706269218920874,0.3968375812730057,0.0890370343485768
2021-08-09,0.9756102008599149,0.46503633422090995,0.0,0.510573866639005
2021-08-10,0.640972077345332,0.22697853947152102,0.13204938318314696,0.413993537873811
2021-08-11,0.822480563634361,0.7439051873021519,0.0,0.07857537633220901
2021-08-12,0.13252467274184843,0.9192080310537252,0.0,-0.7866833583118767
2021-08-13,0.8620144822726226,0.4237701199309234,0.0,0.43824436234169917
2021-08-14,0.9227571905133943,0.34213260011189495,0.0,0.5806245904014994
2021-08-15,0.4870619188189359,0.9615507321375663,0.0,-0.47448881331863035
2021-08-16,0.6062529377509774,0.44485243282754083,0.0,0.1614005049234366
2021-08-17,0.7648098009029954,0.4890484004492832,0.0,0.2757614004537122
2021-08-18,0.17483862726041255,0.35164987234190537,0.4735115003976821,-0.17681124508149282
2021-08-19,0.5025660764634424,0.9095484730121384,0.0,-0.40698239654869595
2021-08-20,0.3986630277723131,0.5689554832818507,0.032381488945836145,-0.17029245550953764
2021-08-21,0.1463739921622491,0.7621745871816447,0.09145142065610623,-0.6158005950193955
2021-08-22,0.36753442229153144,0.8118067183508864,0.0,-0.4442722960593549
2021-08-23,0.06817230938549357,0.3418490419172582,0.5899786486972483,-0.2736767325317646
2021-08-24,0.025811906949486985,0.43369433132038004,0.540493761730133,-0.40788242437089306
2021-08-25,0.13516628915482276,0.8484717744062646,0.016361936438912594,-0.7133054852514419
2021-08-26,0.9631151115891738,0.36325535167581025,0.0,0.5998597599133636
2021-08-27,0.549529535895017,0.7939351334518513,0.0,-0.24440559755683433
2021-08-28,0.96582216115322,0.9409923225744371,0.0,0.024829838578782848
2021-08-29,0.432497878330132,0.623210373068007,0.0,-0.190712494737875
2021-08-30,0.3118161330852596,0.7416272874518889,0.0,-0.4298111543666293
2021-08-31,0.5061418628402441,0.8050973120411349,0.0,-0.2989554492008908
2021-09-01,0.4395116886329101,0.8450396488966425,0.0,-0.4055279602637324
2021-09-02,0.10566468426174391,0.39505333785679597,0.4992819778814601,-0.28938865359505206
2021-09-03,0.6408263146902062,0.05126345917599817,0.3079102261337956,0.5895628555142081
2021-09-04,0.2160381825095996,0.4018762712367395,0.38208554625366087,-0.18583808872713992
2021-09-05,0.6195879548978296,0.6737562297840898,0.0,-0.05416827488626019
2021-09-06,0.6502010923981534,0.4503503857807928,0.0,0.1998507066173606
2021-09-07,0.1520248531286481,0.7489631508603986,0.09901199601095334,-0.5969382977317504
2021-09-08,0.06134962711066816,0.3569824294686639,0.581667943420668,-0.2956328023579957
2021-09-09,0.7807615860684398,0.6347441411040295,0.0,0.14601744496441027
2021-09-10,0.4598004237693202,0.18641980485397458,0.35377977137670524,0.2733806189153456
2021-09-11,0.05816379550547579,0.7493694366449569,0.1924667678495673,-0.6912056411394811
2021-09-12,0.9948663171697671,0.5456959688130258,0.0,0.4491703483567413
2021-09-13,0.05778056099636664,0.20406438854660058,0.7381550504570328,-0.14628382755023395
2021-09-14,0.6950352288585532,0.29191117349780726,0.013053597643639558,0.4031240553607459
2021-09-15,0.9836789252634136,0.7486087085818324,0.0,0.23507021668158123
2021-09-16,0.23918010421592562,0.4826012356615207,0.2782186601225537,-0.24342113144559507
2021-09-17,0.14224936868719618,0.2160314403930722,0.6417191909197316,-0.07378207170587603
2021-09-18,0.1213849394224289,0.9672711903702976,0.0,-0.8458862509478687
2021-09-19,0.30327514756759555,0.7151250198168879,0.0,-0.41184987224929237
2021-09-20,0.10104581101064669,0.9571348325397961,0.0,-0.8560890215291495
2021-09-21,0.6921613416941319,0.4271050453603432,0.0,0.2650562963337887
2021-09-22,0.06229179813006269,0.47510034069172047,0.46260786117821684,-0.4128085425616578
2021-09-23,0.5094221281497897,0.8979552161850192,0.0,-0.38853308803522946
2021-09-24,0.9966968538529768,0.5250493402453846,0.0,0.47164751360759216
2021-09-25,0.8139702695060188,0.7072789119056672,0.0,0.10669135760035164
2021-09-26,0.6152194382310109,0.25217287749552997,0.13260768427345915,0.3630465607354809
2021-09-27,0.30625362078661167,0.44672646870264054,0.2470199105107478,-0.14047284791602888
2021-09-28,0.6238958362916385,0.12344986581035511,0.2526542978980064,0.5004459704812834
2021-09-29,0.5270414639116516,0.20598003587696168,0.2669785002113867,0.32106142803468996
2021-09-30,0.4260833838903715,0.000943415267631087,0.5729732008419974,0.4251399686227404
2021-10-01,0.13071037674019947,0.03926505164866023,0.8300245716111403,0.09144532509153924
2021-10-02,0.8866042152404667,0.9772838231769293,0.0,-0.09067960793646257
2021-10-03,0.4497846488213225,0.2423536951367623,0.3078616560419152,0.20743095368456022
2021-10-04,0.19462251182076507,0.663310709504002,0.14206677867523299,-0.4686881976832369
2021-10-05,0.3677593508772896,0.8390996987996115,0.0,-0.47134034792232193
2021-10-06,0.41412975252892703,0.5506604592365643,0.03520978823450871,-0.13653070670763723
2021-10-07,0.8275378955668743,0.1531445000839562,0.019317604349169515,0.6743933954829181
2021-10-08,0.733614380561402,0.7281164373361664,0.0,0.005497943225235669
2021-10-09,0.7693048936413398,0.600251410099583,0.0,0.16905348354175675
2021-10-10,0.011031264428647214,0.7312505893473751,0.2577181462239777,-0.7202193249187279
2021-10-11,0.4161539981797615,0.7697466228570872,0.0,-0.35359262467732566
2021-10-12,0.4813441516353236,0.9754103676847451,0.0,-0.49406621604942147
2021-10-13,0.019192276823056686,0.57356328002671,0.40724444315023334,-0.5543710032036533
2021-10-14,0.2598132087450342,0.3416411126906018,0.39854567856436396,-0.0818279039455676
2021-10-15,0.760289823122135,0.6484645569002371,0.0,0.11182526622189792
2021-10-16,0.13710970572899905,0.06844070924262613,0.7944495850283748,0.06866899648637292
2021-10-17,0.5353101314525917,0.8973973183215863,0.0,-0.36208718686899466
2021-10-18,0.2152018720172375,0.11938101133819679,0.6654171166445657,0.09582086067904072
2021-10-19,0.012120774643893273,0.32784283788581825,0.6600363874702885,-0.315722063241925
2021-10-20,0.24120145759954148,0.8157453806261209,0.0,-0.5745439230265794
2021-10-21,0.9758737549100538,0.5973123783307118,0.0,0.37856137657934197
2021-10-22,0.8015371118829896,0.3936355202774421,0.0,0.4079015916055475
2021-10-23,0.9595766443210334,0.4734356593750214,0.0,0.486140984946012
2021-10-24,0.48785404392636245,0.8545473932021803,0.0,-0.36669334927581787
2021-10-25,0.1097361986775035,0.34000438605989214,0.5502594152626044,-0.23026818738238863
2021-10-26,0.547959488973693,0.8696496848121713,0.0,-0.32169019583847835
2021-10-27,0.4543773345599609,0.08813443097669149,0.45748823446334763,0.3662429035832694
2021-10-28,0.844357082739616,0.7767984372086307,0.0,0.06755864553098523
2021-10-29,0.09808258078424459,0.8475476330547363,0.05436978616101906,-0.7494650522704918
2021-10-30,0.4882411370217782,0.18181765283733875,0.32994121014088307,0.30642348418443943
2021-10-31,0.15004866469398426,0.43034653237220044,0.4196048029338153,-0.2802978676782162
2021-11-01,0.32467592689006,0.16549977466365562,0.5098242984462844,0.15917615222640435
2021-11-02,0.7373570773877997,0.7066041289942178,0.0,0.03075294839358189
2021-11-03,0.47601812936876653,0.5353477680616567,0.0,-0.05932963869289021
2021-11-04,0.37588828514576933,0.635323346708321,0.0,-0.2594350615625517
2021-11-05,0.3944762785700353,0.19648696695621115,0.40903675447375354,0.19798931161382416
2021-11-06,0.45944676840598664,0.21174586205241952,0.32880736954159384,0.24770090635356712
2021-11-07,0.7850165438370569,0.04149732550990637,0.17348613065303675,0.7435192183271505
2021-11-08,0.8920846889402344,0.3220675351957297,0.0,0.5700171537445047
2021-11-09,0.9553346865039283,0.559744661333675,0.0,0.3955900251702533
2021-11-10,0.7869033862552951,0.8579349139973288,0.0,-0.0710315277420337
2021-11-11,0.31540689574801273,0.6669274474586807,0.01766565679330656,-0.351520551710668
2021-11-12,0.6881347060865421,0.43539632339975143,0.0,0.2527383826867907
2021-11-13,0.4376031240553919,0.9531201143941378,0.0,-0.5155169903387459
2021-11-14,0.2546706220460512,0.7192452005758319,0.02608417737811697,-0.4645745785297807
2021-11-15,0.8408715794259226,0.93016520286255,0.0,-0.08929362343662739
2021-11-16,0.038426348962324997,0.5275879732721657,0.43398567776550934,-0.48916162430984067
2021-11-17,0.9017619921354235,0.2589042747931396,0.0,0.6428577173422839
2021-11-18,0.46147746462473416,0.052826686364721986,0.48569584901054386,0.40865077826001217
2021-11-19,0.6372014768082804,0.7260848514838505,0.0,-0.08888337467557006
2021-11-20,0.6593539222057827,0.12130299800553412,0.21934307978868317,0.5380509242002486
2021-11-21,0.8951177407065364,0.3027751282719672,0.0,0.5923426124345692
2021-11-22,0.6366696821672073,0.5324709078838974,0.0,0.10419877428330993
2021-11-23,0.6139335847600618,0.5644165877797477,0.0,0.04951699698031409
2021-11-24,0.06665204056068996,0.600583196987136,0.332764762452174,-0.5339311564264461
2021-11-25,0.5184080219452041,0.16625533034970064,0.3153366477050953,0.35215269159550344
2021-11-26,0.15016900081704165,0.37973740482164875,0.4700935943613096,-0.2295684040046071
2021-11-27,0.7374337687214856,0.6171942271169667,0.0,0.12023954160451888
2021-11-28,0.5122219208126745,0.9698188646337847,0.0,-0.45759694382111027
2021-11-29,0.6802277792083533,0.7276311376996887,0.0,-0.04740335849133537
2021-11-30,0.041672900602384266,0.9226037570939578,0.03572334230365792,-0.8809308564915735
2021-12-01,0.08479201604580322,0.762212058314177,0.15299592564001974,-0.6774200422683738
2021-12-02,0.7163233880626823,0.5917169688924004,0.0,0.12460641917028181
2021-12-03,0.07208433599867337,0.19202336913634455,0.7358922948649821,-0.11993903313767118
2021-12-04,0.0712567277652586,0.666685651892513,0.26205762034222835,-0.5954289241272545
2021-12-05,0.01210847523488745,0.6233795659599071,0.3645119588052055,-0.6112710907250196
2021-12-06,0.9565013982994801,0.6024691704572664,0.0,0.35403222784221366
2021-12-07,0.737508359459007,0.48978586798824075,0.0,0.2477224914707662
2021-12-08,0.35325140850206416,0.5286566039892756,0.11809198750866023,-0.17540519548721145
2021-12-09,0.2965355812876552,0.33444252711810407,0.3690218915942407,-0.037906945830448846
2021-12-10,0.34970322974584955,0.5193126926423032,0.13098407761184727,-0.16960946289645362
2021-12-11,0.7746535311811819,0.19755590567847825,0.027790563140339897,0.5770976255027036
2021-12-12,0.6613706110704144,0.8051743973603768,0.0,-0.14380378628996238
2021-12-13,0.18519556786746794,0.1857769546987078,0.6290274774338243,-0.0005813868312398718
2021-12-14,0.17410933533408435,0.08496628988946642,0.7409243747764492,0.08914304544461793
2021-12-15,0.09839564971339732,0.43624602635715737,0.4653583239294453,-0.33785037664376005
2021-12-16,0.6603027197013381,0.6583074395060619,0.0,0.0019952801952762833
2021-12-17,0.7643726622217359,0.43771682493354136,0.0,0.3266558372881946
2021-12-18,0.265046428325004,0.2767541319513086,0.4581994397236874,-0.011707703626304578
2021-12-19,0.020944961030912812,0.5581711838904407,0.42088385507864645,-0.5372262228595279
2021-12-20,0.08217166747642735,0.34700233541219994,0.5708259971113727,-0.2648306679357726
2021-12-21,0.9678600348450305,0.9328676901266331,0.0,0.034992344718397406
2021-12-22,0.29544477747742026,0.9226451396035721,0.0,-0.6272003621261518
2021-12-23,0.7692231478381336,0.5023718199720955,0.0,0.26685132786603816
2021-12-24,0.6246635688542638,0.3278839940182585,0.04745243712747771,0.29677957483600526
2021-12-25,0.3819396396528959,0.7371324139566391,0.0,-0.3551927743037432
2021-12-26,0.2056872621955551,0.03671294348306664,0.7575997943213783,0.16897431871248847
2021-12-27,0.12138641815940643,0.47476900604365124,0.40384457579694233,-0.3533825878842448
2021-12-28,0.6150129680388666,0.33632339427033353,0.048663637690799844,0.2786895737685331
2021-12-29,0.774633780637788,0.9205358851025547,0.0,-0.1459021044647667
2021-12-30,0.6439042535411307,0.012003027272682543,0.3440927191861868,0.6319012262684481
2021-12-31,0.5303021332491583,0.5528148757183491,0.0,-0.022512742469190772
2022-01-01,0.041951223431636264,0.740663581066626,0.21738519550173774,-0.6987123576349897
2022-01-02,0.9684887775943838,0.48501798752404124,0.0,0.48347079007034255
2022-01-03,0.7987141916545746,0.08540303016272166,0.11588277818270376,0.7133111614918529
2022-01-04,0.29282203670096474,0.9724613900279022,0.0,-0.6796393533269375
2022-01-05,0.9799703293588506,0.5180104313760979,0.0,0.4619598979827527
2022-01-06,0.6018815896363221,0.6141862443190114,0.0,-0.012304654682689264
2022-01-07,0.5824226582072465,0.23660978270750732,0.1809675590852462,0.34581287549973916
2022-01-08,0.7480731794295321,0.4834980851068038,0.0,0.2645750943227283
2022-01-09,0.8117697880901376,0.42914949195832186,0.0,0.3826202961318157
2022-01-10,0.6564786073315027,0.07489584200198374,0.2686255506665136,0.5815827653295189
2022-01-11,0.12809574636620003,0.10616035354746722,0.7657439000863328,0.021935392818732802
2022-01-12,0.3382675059944984,0.8374725196187746,0.0,-0.49920501362427616
2022-01-13,0.9280836403260497,0.23981995220659025,0.0,0.6882636881194595
2022-01-14,0.22461561184385193,0.19495827149863054,0.5804261166575175,0.029657340345221384
2022-01-15,0.3721670238375133,0.5049114512501393,0.12292152491234742,-0.13274442741262593
2022-01-16,0.432076882944196,0.7687471313625129,0.0,-0.33667024841831694
2022-01-17,0.4394049896944522,0.06194651857898792,0.4986484917265599,0.37745847111546427
2022-01-18,0.6129395824945255,0.5768079196382558,0.0,0.036131662856269675
2022-01-19,0.9430758377447076,0.11921044284057336,0.0,0.8238653949041342
2022-01-20,0.24069271183250496,0.03646105082561846,0.7228462373418766,0.2042316610068865
2022-01-21,0.12150137630091806,0.05274395216221739,0.8257546715368645,0.06875742413870067
2022-01-22,0.19747048985993731,0.8341641082084413,0.0,-0.636693618348504
2022-01-23,0.8869249002092695,0.11797248362806156,0.0,0.7689524165812079
2022-01-24,0.645810812655206,0.04515136441229195,0.30903782293250204,0.6006594482429141
2022-01-25,0.28590678923916013,0.4378998871429123,0.2761933236179276,-0.15199309790375215
2022-01-26,0.8159469389686173,0.8439934719420248,0.0,-0.028046532973407534
2022-01-27,0.861369996363436,0.26240837648930193,0.0,0.5989616198741341
2022-01-28,0.846514338690278,0.4217126175259164,0.0,0.42480172116436166
2022-01-29,0.9189265336395545,0.03992253256375122,0.04115093379669432,0.8790040010758032
2022-01-30,0.2522410201733616,0.4490785141348759,0.29868046569176254,-0.1968374939615143
2022-01-31,0.7550419287462783,0.5776130806371337,0.0,0.1774288481091446
2022-02-01,0.46053949727414,0.5709070537521448,0.0,-0.11036755647800478
2022-02-02,0.8419985528900615,0.33242669217436516,0.0,0.5095718607156964
2022-02-03,0.7284906771616132,0.3155331806631355,0.0,0.4129574964984777
2022-02-04,0.7764474464997246,0.10662361893659789,0.11692893456367748,0.6698238275631268
2022-02-05,0.6561618376810715,0.3667983206462684,0.0,0.2893635170348031
2022-02-06,0.17742876946970687,0.09949466887296465,0.7230765616573285,0.07793410059674222
2022-02-07,0.5450269188969383,0.7665959447120516,0.0,-0.22156902581511329
2022-02-08,0.9846697395245082,0.9662742977481859,0.0,0.018395441776322352
2022-02-09,0.9373880664971189,0.9700744566667069,0.0,-0.032686390169587964
2022-02-10,0.04317373579701167,0.8650710993753938,0.0917551648275945,-0.8218973635783822
2022-02-11,0.16481481572943713,0.6007921493396191,0.23439303493094377,-0.435977333610182
2022-02-12,0.1317287734545619,0.7008656972438799,0.16740552930155816,-0.569136923789318
2022-02-13,0.7259799099852955,0.28520580268041407,0.0,0.4407741073048814
2022-02-14,0.8177853298569451,0.6307704201726206,0.0,0.18701490968432444
2022-02-15,0.2135113663106719,0.45564954943987745,0.33083908424945063,-0.24213818312920554
2022-02-16,0.505852692951829,0.4820173397769325,0.012129967271238495,0.02383535317489649
2022-02-17,0.8407030280112,0.757776560375158,0.0,0.08292646763604206
2022-02-18,0.7328015447662506,0.28191835559725165,0.0,0.45088318916899894
2022-02-19,0.5422372054918483,0.3180396116945199,0.13972318281363183,0.2241975937973284
2022-02-20,0.5903476904587729,0.9246417911286366,0.0,-0.33429410066986376
2022-02-21,0.50836054691628,0.056224294850972245,0.4354151582327478,0.4521362520653077
2022-02-22,0.2975484513188206,0.4856342984133404,0.21681725026783905,-0.1880858470945198
2022-02-23,0.5650219928590161,0.9128008004078617,0.0,-0.3477788075488456
2022-02-24,0.6888853020500907,0.610363007818157,0.0,0.07852229423193369
2022-02-25,0.8733229158608077,0.5464070742121321,0.0,0.3269158416486756
2022-02-26,0.6362913539792481,0.2497441792293552,0.11396446679139671,0.38654717474989286
2022-02-27,0.761121537043158,0.34327548906444827,0.0,0.4178460479787097
2022-02-28,0.160071634954573,0.8520484158046929,0.0,-0.6919767808501199
2022-03-01,0.4615574744197899,0.5592181317684581,0.0,-0.09766065734866824
2022-03-02,0.009331619827093296,0.5147421937567799,0.47592618641612683,-0.5054105739296866
2022-03-03,0.24667886452162302,0.09957971354002892,0.653741421938348,0.1470991509815941
2022-03-04,0.7264617151130048,0.01602815645512312,0.25751012843187204,0.7104335586578817
2022-03-05,0.9918099513493635,0.9636851886870491,0.0,0.02812476266231434
2022-03-06,0.0991780995872159,0.37698616728684164,0.5238357331259424,-0.27780806769962574
2022-03-07,0.40149431586128825,0.6032130620995043,0.0,-0.20171874623821606
2022-03-08,0.8000709686991595,0.07971507318728499,0.12021395811355551,0.7203558955118745
2022-03-09,0.20403563462889884,0.6831142857230466,0.1128500796480546,-0.4790786510941477
2022-03-10,0.5550849493022862,0.9325667087059609,0.0,-0.3774817594036747
2022-03-11,0.7330712960296748,0.5756652529974197,0.0,0.15740604303225514
2022-03-12,0.615985450260179,0.12611532237541057,0.2578992273644104,0.48987012788476847
2022-03-13,0.18802473461541613,0.5817215274734767,0.23025373791110715,-0.3936967928580606
2022-03-14,0.3553845686857394,0.7663472131046524,0.0,-0.41096264441891295
2022-03-15,0.7837917844853972,0.40641653657401866,0.0,0.37737524791137855
2022-03-16,0.5542265141320166,0.8798377479414679,0.0,-0.32561123380945123
2022-03-17,0.005229613542912737,0.6486829533573645,0.3460874330997228,-0.6434533398144517
2022-03-18,0.7609907600280938,0.8992489182892025,0.0,-0.13825815826110865
2022-03-19,0.03531135494023907,0.6235053112473372,0.3411833338124237,-0.5881939563070981
2022-03-20,0.7457337827312321,0.13128797200482423,0.12297824526394363,0.6144458107264079
2022-03-21,0.2024805601652374,0.3096917111051891,0.4878277287295735,-0.1072111509399517
2022-03-22,0.9580734801193802,0.20179494825245692,0.0,0.7562785318669233
2022-03-23,0.3679407513020845,0.9088264977168623,0.0,-0.5408857464147778
2022-03-24,0.3269316163380791,0.7604000672874827,0.0,-0.43346845094940356
2022-03-25,0.14888805033244468,0.676398368910006,0.17471358075754928,-0.5275103185775614
2022-03-26,0.3056042154902149,0.3009663196316217,0.39342946487816344,0.0046378958585931995
2022-03-27,0.8766507618282006,0.18404477205021352,0.0,0.692605989777987
2022-03-28,0.9963343376272473,0.7564510879889118,0.0,0.23988324963833552
2022-03-29,0.36830953050684834,0.47415794587907967,0.157532523614072,-0.10584841537223133
2022-03-30,0.44861063095454257,0.22578955215062912,0.3255998168948283,0.22282107880391344
2022-03-31,0.722070938202737,0.6166219781652751,0.0,0.10544896003746196
2022-04-01,0.8861957804650745,0.040333852138451975,0.0734703673964735,0.8458619283266225
2022-04-02,0.5930443341867842,0.3261702541282535,0.08078541168496234,0.26687408005853064
2022-04-03,0.39152569817782934,0.46855699459113465,0.13991730723103601,-0.0770312964133053
2022-04-04,0.41262184084862374,0.14795833410940584,0.4394198250419704,0.2646635067392179
2022-04-05,0.6956181464968069,0.9846544775908396,0.0,-0.2890363310940327
2022-04-06,0.0032182636042786816,0.20909736458961425,0.7876843718061071,-0.20587910098533557
2022-04-07,0.6195893374598407,0.13035313004326554,0.2500575324968938,0.48923620741657514
2022-04-08,0.3554930104413574,0.2035348738868964,0.4409721156717462,0.151958136554461
2022-04-09,0.7941973312770843,0.7690611331597242,0.0,0.02513619811736001
2022-04-10,0.09299063982313216,0.4255056592718428,0.48150370090502503,-0.33251501944871065
2022-04-11,0.5882022669483905,0.565415939752538,0.0,0.022786327195852496
2022-04-12,0.48097288988612374,0.021009156986360744,0.4980179531275155,0.459963732899763
2022-04-13,0.6423255259052274,0.034431308573314556,0.32324316552145804,0.6078942173319128
2022-04-14,0.06485359448296835,0.44582554982701617,0.4893208556900155,-0.3809719553440478
2022-04-15,0.5799837874281313,0.8166552432016235,0.0,-0.23667145577349225
2022-04-16,0.5614845879595237,0.8852388787075652,0.0,-0.3237542907480415
2022-04-17,0.5606600944161709,0.08670656759564022,0.35263333798818886,0.4739535268205307
2022-04-18,0.6034876665964548,0.5383631021010228,0.0,0.06512456449543202
2022-04-19,0.6764679372263622,0.9132296862792705,0.0,-0.23676174905290825
2022-04-20,0.8049889996807698,0.38797275439788637,0.0,0.4170162452828834
2022-04-21,0.26982072012821434,0.8295658314283686,0.0,-0.5597451113001543
2022-04-22,0.8250494101800621,0.1336956543994362,0.04125493542050174,0.6913537557806259
2022-04-23,0.4982556822634536,0.9353944896677987,0.0,-0.4371388074043451
2022-04-24,0.07705827913433116,0.7514233175313026,0.1715184033343662,-0.6743650383969715
2022-04-25,0.0585509292439792,0.9413343927869017,0.00011467796911912576,-0.8827834635429225
2022-04-26,0.3342383186960608,0.6766172335525065,0.0,-0.34237891485644567
2022-04-27,0.7848969771114676,0.363403931999427,0.0,0.42149304511204055
2022-04-28,0.7076809347409158,0.9381811725247224,0.0,-0.23050023778380668
2022-04-29,0.7886149646724064,0.2755667763091785,0.0,0.513048188363228
2022-04-30,0.5172690564416094,0.33217252206173253,0.1505584214966581,0.18509653437987683
2022-05-01,0.44019899795549056,0.7008084180017403,0.0,-0.26060942004624976
2022-05-02,0.14745252670628395,0.7653162995253863,0.08723117376832978,-0.6178637728191023
2022-05-03,0.32819275360931155,0.9294034838491538,0.0,-0.6012107302398423
2022-05-04,0.43401936617387527,0.2048024090562095,0.36117822476991523,0.22921695711766576
2022-05-05,0.08860042967961723,0.797998035219224,0.1134015351011588,-0.7093976055396067
2022-05-06,0.22061195271121126,0.7385460533969634,0.0408419938918253,-0.5179341006857522
2022-05-07,0.5982252940637388,0.06379455625359787,0.3379801496826633,0.5344307378101409
2022-05-08,0.7356631142391898,0.38722314121020696,0.0,0.3484399730289829
2022-05-09,0.9983475113929496,0.2827654570600986,0.0,0.715582054332851
2022-05-10,0.9331133313435577,0.3044904243540304,0.0,0.6286229069895273
2022-05-11,0.6425651995351915,0.9829468795547008,0.0,-0.3403816800195093
2022-05-12,0.421248053294072,0.6427774134799279,0.0,-0.2215293601858559
2022-05-13,0.6361773647082327,0.7176761577934996,0.0,-0.08149879308526686
2022-05-14,0.785651618080232,0.9766176373150092,0.0,-0.19096601923477718
2022-05-15,0.11833619092338732,0.3772017824576387,0.504462026618974,-0.25886559153425137
2022-05-16,0.40990488969628824,0.8018401684528059,0.0,-0.3919352787565177
2022-05-17,0.8398022856356172,0.43453096330449537,0.0,0.40527132233112184
2022-05-18,0.383832951933044,0.8695336718149798,0.0,-0.48570071988193575
2022-05-19,0.5718722712271865,0.18065754131130318,0.24747018746151028,0.39121472991588335
2022-05-20,0.5877693608621982,0.9476861770642796,0.0,-0.3599168162020814
2022-05-21,0.18447625313363936,0.21877170841087967,0.596752038455481,-0.034295455277240317
2022-05-22,0.3622354416522884,0.3262205069809315,0.3115440513667801,0.03601493467135686
2022-05-23,0.33451128874193214,0.7561922341067805,0.0,-0.42168094536484835
2022-05-24,0.026196708532064794,0.3937551415654067,0.5800481499025285,-0.3675584330333419
2022-05-25,0.024191763891355245,0.6082113767664467,0.3675968593421981,-0.5840196128750914
2022-05-26,0.8316970436757735,0.4445735010694285,0.0,0.38712354260634496
2022-05-27,0.2730708099728124,0.7423699370897818,0.0,-0.4692991271169694
2022-05-28,0.5180787662388154,0.22833125236861085,0.2535899813925737,0.2897475138702046
2022-05-29,0.29872557358877305,0.05845798723687701,0.6428164391743499,0.24026758635189605
2022-05-30,0.9406792451153405,0.29992939747306624,0.0,0.6407498476422743
2022-05-31,0.25929675886577375,0.47430866486843026,0.266394576265796,-0.21501190600265652
2022-06-01,0.4296568127389351,0.16802005219267857,0.40232313506838635,0.2616367605462565
2022-06-02,0.8727302504846018,0.3547972896563887,0.0,0.5179329608282132
2022-06-03,0.8419335667918086,0.3999830182935685,0.0,0.4419505484982401
2022-06-04,0.18610141784627732,0.05739184368827355,0.7565067384654491,0.12870957415800377
2022-06-05,0.8026433097957104,0.5833072481842045,0.0,0.21933606161150587
2022-06-06,0.45818688673789265,0.8843434279712875,0.0,-0.42615654123339486
2022-06-07,0.4829688720853552,0.15174291295305242,0.36528821496159236,0.3312259591323028
2022-06-08,0.13347997241594378,0.597808013401514,0.2687120141825422,-0.46432804098557023
2022-06-09,0.08060151375712465,0.6647392049108463,0.2546592813320291,-0.5841376911537216
2022-06-10,0.7279393069737652,0.41933468041928834,0.0,0.30860462655447685
2022-06-11,0.49646115235529975,0.70109758736427,0.0,-0.20463643500897022
2022-06-12,0.43685070261517955,0.41073154349101204,0.1524177538938084,0.026119159124167513
2022-06-13,0.7295082286523967,0.5046372879774349,0.0,0.22487094067496183
2022-06-14,0.7655128989911097,0.00735304455442698,0.22713405645446327,0.7581598544366828
2022-06-15,0.15890816766935356,0.6917201141346888,0.14937171819595763,-0.5328119464653353
2022-06-16,0.6102251494776413,0.6613426789447244,0.0,-0.051117529467083145
2022-06-17,0.13535408227768553,0.03840087732634456,0.8262450403959699,0.09695320495134097
2022-06-18,0.7513750860290457,0.3682501073951331,0.0,0.3831249786339126
2022-06-19,0.6569551562671395,0.9790318407916674,0.0,-0.32207668452452787
2022-06-20,0.956614621083458,0.4207365625686168,0.0,0.5358780585148412
2022-06-21,0.06895801635642118,0.5019454051318417,0.4290965785117371,-0.43298738877542053
2022-06-22,0.05705472115125432,0.9099301581597186,0.03301512068902712,-0.8528754370084642
2022-06-23,0.28218707469320015,0.7172618758657564,0.0005510494410434497,-0.43507480117255626
2022-06-24,0.26170568373590597,0.5820701311242236,0.15622418513987046,-0.3203644473883176
2022-06-25,0.24697879907199982,0.7978046813410725,0.0,-0.5508258822690727
2022-06-26,0.9062545805210367,0.8643662664559733,0.0,0.04188831406506344
2022-06-27,0.2495461998495061,0.45688807173726687,0.29356572841322703,-0.20734187188776076
2022-06-28,0.271949726128631,0.4751083649318354,0.2529419089395336,-0.2031586388032044
2022-06-29,0.7593982624179637,0.3860509356518358,0.0,0.3733473267661279
2022-06-30,0.44973984245054,0.9667061400184606,0.0,-0.5169662975679206
2022-07-01,0.7767105569551812,0.6971662542903504,0.0,0.07954430266483081
2022-07-02,0.06536615756438524,0.0832230662080723,0.8514107762275425,-0.017856908643687053
2022-07-03,0.4875711936733843,0.8629596233130185,0.0,-0.37538842963963415
2022-07-04,0.03361360018328263,0.4805599408362681,0.4858264589804493,-0.44694634065298544
2022-07-05,0.06265320345535452,0.06875390642248747,0.868592890122158,-0.006100702967132943
2022-07-06,0.906437453344411,0.549717255163311,0.0,0.3567201981810999
2022-07-07,0.13924537111759516,0.4171642789757021,0.44359034990670276,-0.2779189078581069
2022-07-08,0.5324206822752171,0.8777494048626249,0.0,-0.34532872258740777
2022-07-09,0.41109560260070654,0.20399460360938737,0.3849097937899061,0.20710099899131917
2022-07-10,0.3473433262588427,0.8264646094921829,0.0,-0.47912128323334024
2022-07-11,0.8998333456872725,0.5576886911854527,0.0,0.34214465450181974
2022-07-12,0.0218233967754895,0.05461030321346905,0.9235663000110415,-0.032786906437979546
2022-07-13,0.6637896861755891,0.9718453013254846,0.0,-0.30805561514989555
2022-07-14,0.9633944342135504,0.5126152441031999,0.0,0.4507791901103505
2022-07-15,0.5601681834618419,0.2908768542315825,0.14895496230657557,0.26929132923025945
2022-07-16,0.9368224620330918,0.4694068419892581,0.0,0.46741562004383375
2022-07-17,0.05225787928602377,0.857857783517489,0.08988433719648725,-0.8055999042314652
2022-07-18,0.4187933190741614,0.3049031243850635,0.2763035565407751,0.11389019468909789
2022-07-19,0.26015779096205116,0.19267639648670032,0.5471658125512485,0.06748139447535084
2022-07-20,0.7308209649807298,0.12907124693088146,0.14010778808838875,0.6017497180498483
2022-07-21,0.9812970904972467,0.29785939839021125,0.0,0.6834376921070354
2022-07-22,0.2565300624442478,0.7800480870400435,0.0,-0.5235180245957957
2022-07-23,0.6541746014740745,0.4716263651952617,0.0,0.18254823627881278
2022-07-24,0.19809763275974013,0.22748160369353998,0.5744207635467199,-0.029383970933799852
2022-07-25,0.5653302545716099,0.1661849996097492,0.2684847458186409,0.3991452549618607
2022-07-26,0.4639324866883362,0.3327294765103791,0.2033380368012847,0.1312030101779571
2022-07-27,0.9720053296315371,0.9399243728857088,0.0,0.032080956745828226
2022-07-28,0.6085272726964666,0.3430267125900244,0.04844601471350907,0.2655005601064422
2022-07-29,0.3495063720868188,0.9881240759546354,0.0,-0.6386177038678166
2022-07-30,0.11409578488793337,0.4852304557653562,0.40067375934671046,-0.3711346708774228
2022-07-31,0.15124682873493456,0.17916391829015088,0.6695892529749146,-0.027917089555216323
2022-08-01,0.2253169299512351,0.8911400917935094,0.0,-0.6658231618422743
2022-08-02,0.250966661340298,0.4603553731348269,0.2886779655248751,-0.2093887117945289
2022-08-03,0.8506160578411378,0.7096713435045244,0.0,0.14094471433661337
2022-08-04,0.5612227882825249,0.9837115832091518,0.0,-0.42248879492662683
2022-08-05,0.5233909113743664,0.050175350319974,0.42643373830565956,0.47321556105439244
2022-08-06,0.11476887186921747,0.09669455978756714,0.7885365683432154,0.018074312081650334
2022-08-07,0.860139693349435,0.7204567414627562,0.0,0.13968295188667879
2022-08-08,0.7228143032084837,0.281825003295472,0.0,0.4409892999130117
2022-08-09,0.06766836190000158,0.18430139695009906,0.7480302411498994,-0.11663303505009748
2022-08-10,0.7078350972297687,0.039361879819729495,0.25280302295050183,0.6684732174100392
2022-08-11,0.5435382173426461,0.021846711986201806,0.4346150706711521,0.5216915053564443
2022-08-12,0.08172534574677826,0.7744856031197909,0.14378905113343088,-0.6927602573730126
2022-08-13,0.45830064152865646,0.13443342736955,0.40726593110179354,0.32386721415910646
2022-08-14,0.484696287130047,0.4677206159711509,0.047583096898802135,0.01697567115889609
2022-08-15,0.16577454016327575,0.605896815179483,0.22832864465724123,-0.44012227501620726
2022-08-16,0.9456981470002823,0.42835180056884625,0.0,0.5173463464314361
2022-08-17,0.8499753714806619,0.027106652336233106,0.12291797618310496,0.8228687191444288
2022-08-18,0.6690223373291083,0.7835015025879088,0.0,-0.11447916525880053
2022-08-19,0.4622955610006072,0.010513224541653488,0.5271912144577393,0.4517823364589537
2022-08-20,0.4117655415845085,0.761889894377484,0.0,-0.3501243527929755
2022-08-21,0.6509734671509542,0.8933044937881227,0.0,-0.24233102663716855
2022-08-22,0.5454318694069055,0.4328399210571723,0.02172820953592225,0.11259194834973318
2022-08-23,0.062273105881885615,0.5355424730977982,0.40218442102031615,-0.4732693672159126
2022-08-24,0.5125026487703317,0.47698339261765377,0.01051395861201454,0.035519256152677925
2022-08-25,0.8064036172328395,0.3892086186234388,0.0,0.4171949986094007
2022-08-26,0.45923987759695806,0.8874245353703603,0.0,-0.4281846577734022
2022-08-27,0.05195657755426841,0.8939335106699905,0.05410991177574109,-0.8419769331157221
2022-08-28,0.7862781993840331,0.3358163646415345,0.0,0.45046183474249857
2022-08-29,0.2013637821359744,0.615069754014698,0.18356646384932762,-0.4137059718787236
2022-08-30,0.2586208348880388,0.9269075621458641,0.0,-0.6682867272578253
2022-08-31,0.1647063534322959,0.9620584989413515,0.0,-0.7973521455090556
2022-09-01,0.33021506487149754,0.5089590404220475,0.16082589470645492,-0.17874397555055
2022-09-02,0.756751505688635,0.4528248052843268,0.0,0.30392670040430825
2022-09-03,0.5193858595039373,0.2786943159285258,0.20191982456753688,0.24069154357541156
2022-09-04,0.20488127415071256,0.95887187319041,0.0,-0.7539905990396975
2022-09-05,0.8778300781520408,0.14281430447286736,0.0,0.7350157736791735
2022-09-06,0.8795818549515292,0.579829576047725,0.0,0.2997522789038042
2022-09-07,0.8705784250460069,0.2825502675186389,0.0,0.588028157527368
2022-09-08,0.23879621138153928,0.2790082903477966,0.4821954982706641,-0.040212078966257336
2022-09-09,0.4512393441809881,0.40496858737618846,0.14379206844282344,0.04627075680479964
2022-09-10,0.9849896561408751,0.9987929358156545,0.0,-0.013803279674779456
2022-09-11,0.7720124763099904,0.054966306839822066,0.17302121685018756,0.7170461694701683
2022-09-12,0.027167421225559818,0.5785418182035315,0.3942907605709087,-0.5513743969779716
2022-09-13,0.06520459126049205,0.08257215803527718,0.8522232507042308,-0.017367566774785126
2022-09-14,0.46393137681233276,0.15452082999051897,0.38154779319714827,0.3094105468218138
2022-09-15,0.9092202058615602,0.4395629417728987,0.0,0.4696572640886615
2022-09-16,0.5387017979527142,0.5104601313464413,0.0,0.02824166660627292
2022-09-17,0.4978125080342902,0.258792408364524,0.24339508360118578,0.23902009966976623
2022-09-18,0.10547369995663058,0.3164571308744162,0.5780691691689532,-0.2109834309177856
2022-09-19,0.656780104724294,0.08696702025593306,0.2562528750197729,0.569813084468361
2022-09-20,0.8221031606002255,0.3032197838442505,0.0,0.518883376755975
2022-09-21,0.38042000750756233,0.9665584393805441,0.0,-0.5861384318729818
2022-09-22,0.7756118509253275,0.9447073816724817,0.0,-0.16909553074715422
2022-09-23,0.9644766539008116,0.334878290136985,0.0,0.6295983637638266
2022-09-24,0.2037664591276891,0.5708539362787616,0.22537960459354933,-0.3670874771510725
2022-09-25,0.5233296311947413,0.9095953911109443,0.0,-0.38626575991620304
2022-09-26,0.28713795808457554,0.0061838226408966745,0.7066782192745278,0.28095413544367887
2022-09-27,0.7928544190338394,0.8106835703375919,0.0,-0.01782915130375251
2022-09-28,0.5775933658811575,0.948369552788919,0.0,-0.3707761869077615
2022-09-29,0.6345824175503038,0.09132573433355706,0.2740918481161392,0.5432566832167467
2022-09-30,0.7979141596158941,0.16144768603292103,0.040638154351184896,0.636466473582973
2022-10-01,0.3959704726624549,0.9607463027713554,0.0,-0.5647758301089005
2022-10-02,0.9150900684070432,0.5375401436403463,0.0,0.3775499247666969
2022-10-03,0.53302886724614,0.014196634471723701,0.45277449828213634,0.5188322327744163
2022-10-04,0.157954822835348,0.25763199876352916,0.5844131784011228,-0.09967717592818115
2022-10-05,0.6958991181688025,0.4499436742688596,0.0,0.24595544389994284
2022-10-06,0.7932613504382544,0.6929089110247677,0.0,0.1003524394134867
2022-10-07,0.31676167706752667,0.7331603781367996,0.0,-0.4163987010692729
2022-10-08,0.857179256998753,0.9954215129254561,0.0,-0.13824225592670314
2022-10-09,0.9061432547657664,0.287511199383759,0.0,0.6186320553820074
2022-10-10,0.2769044873778089,0.5382201018684752,0.18487541075371583,-0.2613156144906663
2022-10-11,0.9835214727152221,0.533323547859605,0.0,0.45019792485561705
2022-10-12,0.14071152804875842,0.4056452594472375,0.4536432125040041,-0.2649337313984791
2022-10-13,0.20201566840248997,0.1691618938424202,0.6288224377550898,0.03285377456006977
2022-10-14,0.18422483923802613,0.9774565631838426,0.0,-0.7932317239458164
2022-10-15,0.8939897100078704,0.8533171866665861,0.0,0.04067252334128435
2022-10-16,0.6542925523249619,0.4983330282942372,0.0,0.15595952403072466
2022-10-17,0.15210428322227287,0.6032454226840298,0.24465029409369732,-0.45114113946175693
2022-10-18,0.440323418368349,0.2272610535596623,0.3324155280719887,0.21306236480868668
2022-10-19,0.615298025069802,0.5437870703917469,0.0,0.07151095467805513
2022-10-20,0.08346408498938329,0.6949701331214758,0.2215657818891409,-0.6115060481320925
2022-10-21,0.8824163684073387,0.5151670283865888,0.0,0.36724934002074994
2022-10-22,0.8036035354415352,0.9902851705849413,0.0,-0.18668163514340608
2022-10-23,0.5052067735766382,0.6113416562477262,0.0,-0.10613488267108795
2022-10-24,0.9671266152591704,0.37097371259216905,0.0,0.5961529026670014
2022-10-25,0.4177609792750997,0.7721520276158381,0.0,-0.3543910483407384
2022-10-26,0.9841103190364978,0.17046251158164205,0.0,0.8136478074548558
2022-10-27,0.6679199988036271,0.38451581370626653,0.0,0.28340418509736054
2022-10-28,0.6346712732539415,0.34695895037758584,0.0183697763684727,0.2877123228763556
2022-10-29,0.165954895295785,0.43180709510777726,0.40223800959643774,-0.26585219981199226
2022-10-30,0.881927758304644,0.7817798259287263,0.0,0.10014793237591768
2022-10-31,0.42748968792061515,0.48417303216340746,0.0883372799159774,-0.05668334424279231
2022-11-01,0.16223340578247936,0.7940144502659627,0.04375214395155791,-0.6317810444834834
2022-11-02,0.01260751997575904,0.5764889031398659,0.41090357688437507,-0.5638813831641069
2022-11-03,0.5597556836383826,0.34206943465755535,0.09817488170406208,0.21768624898082722
2022-11-04,0.5273996221226763,0.8099787436834724,0.0,-0.2825791215607961
2022-11-05,0.7193536223691586,0.23828967055309158,0.042356707077749856,0.481063951816067
2022-11-06,0.8902580530178021,0.2243829797997955,0.0,0.6658750732180067
2022-11-07,0.07940658464302952,0.5045029240548358,0.4160904913021347,-0.42509633941180625
2022-11-08,0.7314964903403623,0.2608492459620889,0.0076542636975487355,0.47064724437827343
2022-11-09,0.18741194409758222,0.009087034951216322,0.8035010209512015,0.1783249091463659
2022-11-10,0.858177053157164,0.6482975272988015,0.0,0.20987952585836245
2022-11-11,0.8190635138616561,0.511093821472398,0.0,0.3079696923892581
2022-11-12,0.5407937549855444,0.4455178144931612,0.013688430521294426,0.0952759404923832
2022-11-13,0.7102427986233115,0.9669685146183153,0.0,-0.2567257159950038
2022-11-14,0.3143501131837484,0.5711991839629137,0.11445070285333792,-0.2568490707791653
2022-11-15,0.47116789893281463,0.8634315777893845,0.0,-0.3922636788565699
2022-11-16,0.8216368977104717,0.13945023620516017,0.03891286608436817,0.6821866615053115
2022-11-17,0.4592651971732139,0.5692064631294277,0.0,-0.10994126595621379
2022-11-18,0.3577982653254418,0.8679796267309029,0.0,-0.5101813614054611
2022-11-19,0.4942124472502999,0.583105757279898,0.0,-0.0888933100295981
2022-11-20,0.8282492524372184,0.7180141781270015,0.0,0.11023507431021684
2022-11-21,0.33520804737087273,0.3720435678122074,0.2927483848169199,-0.036835520441334646
2022-11-22,0.1737615931357438,0.09244951703706661,0.7337888898271896,0.08131207609867719
2022-11-23,0.7120140203307808,0.4579002951270714,0.0,0.25411372520370934
2022-11-24,0.8259782127080818,0.3944793908388575,0.0,0.4314988218692243
2022-11-25,0.10063747852353333,0.8670601823789473,0.03230233909751934,-0.766422703855414
2022-11-26,0.23987411275594472,0.24399530235247224,0.516130584891583,-0.004121189596527519
2022-11-27,0.1419719897609939,0.9667342275351081,0.0,-0.8247622377741142
2022-11-28,0.3479414115821666,0.9581381198044961,0.0,-0.6101967082223295
2022-11-29,0.45035097890541265,0.2476316430714387,0.30201737802314865,0.20271933583397395
2022-11-30,0.7488263369633065,0.3480519554773205,0.0,0.400774381485986
2022-12-01,0.6511475848816741,0.895555740873885,0.0,-0.24440815599221088
2022-12-02,0.6209285674784312,0.9666222208961075,0.0,-0.3456936534176763
2022-12-03,0.3523749466096544,0.44343910283604404,0.20418595055430155,-0.09106415622638964
2022-12-04,0.8414475530847599,0.3209970456408978,0.0,0.5204505074438621
2022-12-05,0.47128716739816456,0.526094013251542,0.0026188193502934,-0.05480684585337747
2022-12-06,0.9791049380151545,0.6877692063657348,0.0,0.2913357316494197
2022-12-07,0.6341421382957368,0.2734745153749798,0.09238334632928336,0.36066762292075705
2022-12-08,0.12626474156450274,0.7364731746190728,0.13726208381642446,-0.6102084330545701
2022-12-09,0.676177562075434,0.051657357114641034,0.27216508080992496,0.624520204960793
2022-12-10,0.325104015431699,0.04929449276441644,0.6256014918038846,0.27580952266728254
2022-12-11,0.6863271966860974,0.3862877051455452,0.0,0.3000394915405522
2022-12-12,0.06964114816240574,0.3534731920607206,0.5768856597768737,-0.28383204389831485
2022-12-13,0.1748814371759594,0.3156332153671523,0.5094853474568883,-0.1407517781911929
2022-12-14,0.8557372589057863,0.49101976266891,0.0,0.3647174962368763
2022-12-15,0.2271795570235149,0.32073358231157123,0.4520868606649139,-0.09355402528805634
2022-12-16,0.83704112524294,0.19225791846809193,0.0,0.6447832067748481
2022-12-17,0.27927608845441043,0.3094695490886009,0.41125436245698865,-0.030193460634190483
2022-12-18,0.6428819100587077,0.974904272810235,0.0,-0.3320223627515273
2022-12-19,0.694150573509831,0.4111134169948486,0.0,0.2830371565149824
2022-12-20,0.5126547531450529,0.44471277685833577,0.0426324699966113,0.06794197628671717
2022-12-21,0.3053106766967313,0.57654498995114,0.1181443333521287,-0.2712343132544087
2022-12-22,0.21264437637109612,0.9833407684142266,0.0,-0.7706963920431305
2022-12-23,0.03318935456242622,0.241601276435763,0.7252093690018108,-0.2084119218733368
2022-12-24,0.3039464012407238,0.6812821105324338,0.014771488226842378,-0.37733570929171
2022-12-25,0.653162790531283,0.7159846935417241,0.0,-0.0628219030104411
2022-12-26,0.9383048184484827,0.6073244167930659,0.0,0.33098040165541676
2022-12-27,0.871204482263052,0.08857833963664408,0.040217178100303896,0.782626142626408
2022-12-28,0.7660647765353026,0.6768722758275765,0.0,0.08919250070772611
2022-12-29,0.7884473432532987,0.06409471103617548,0.14745794571052584,0.7243526322171232
2022-12-30,0.6649849034759953,0.5961426495498969,0.0,0.06884225392609833
2022-12-31,0.260286857566003,0.7395811772217427,0.00013196521225433688,-0.47929431965573965
2023-01-01,0.9071950307058299,0.21096989061995042,0.0,0.6962251400858794
2023-01-02,0.670732311905834,0.841622007542774,0.0,-0.17088969563694
2023-01-03,0.56044063098044,0.030353805533004263,0.4092055634865558,0.5300868254474357
2023-01-04,0.11098946921348107,0.8438128636583061,0.045197667128212826,-0.732823394444825
2023-01-05,0.4470555438064254,0.4603290506427651,0.0926154055508095,-0.013273506836339655
2023-01-06,0.4603582712019263,0.2175879399316445,0.3220537888664292,0.2427703312702818
2023-01-07,0.86456360952267,0.133778144993968,0.0016582454833620197,0.730785464528702
2023-01-08,0.5466482201877885,0.9533071675823725,0.0,-0.4066589473945841
2023-01-09,0.38040054897040965,0.07266558758115671,0.5469338634484336,0.30773496138925294
2023-01-10,0.9768003285106593,0.19909341993592566,0.0,0.7777069085747337
2023-01-11,0.11072059332631567,0.34782234743304596,0.5414570592406384,-0.2371017541067303
2023-01-12,0.4225484283119446,0.6202348489611205,0.0,-0.19768642064917585
2023-01-13,0.04202467517140529,0.5448010852760984,0.4131742395524963,-0.5027764101046931
2023-01-14,0.7399041207669304,0.12564349241231398,0.13445238682075566,0.6142606283546164
2023-01-15,0.9180765521991506,0.2897279837382146,0.0,0.628348568460936
2023-01-16,0.28003732955048943,0.23875177108602408,0.4812108993634865,0.041285558464465355
2023-01-17,0.8583416767991209,0.21354285449034138,0.0,0.6447988223087795
2023-01-18,0.29221823046189777,0.41114433647998705,0.2966374330581152,-0.11892610601808928
2023-01-19,0.9107701616439152,0.7040314525916569,0.0,0.20673870905225833
2023-01-20,0.7539619035967839,0.21745293221723594,0.028585164185980116,0.536508971379548
2023-01-21,0.8049067768414386,0.3666788797029814,0.0,0.4382278971384572
2023-01-22,0.0180065556004545,0.39091742684116226,0.5910760175583832,-0.37291087124070776
2023-01-23,0.962810357074026,0.9764565294354102,0.0,-0.013646172361384212
2023-01-24,0.7266709920703233,0.9546663568790689,0.0,-0.2279953648087456
2023-01-25,0.3047510953861333,0.8001375827520759,0.0,-0.4953864873659426
2023-01-26,0.8293946648588469,0.24165892081918516,0.0,0.5877357440396618
2023-01-27,0.28152119841492995,0.06803731409166969,0.6504414874934004,0.21348388432326026
2023-01-28,0.872753839566128,0.31690413772062476,0.0,0.5558497018455032
2023-01-29,0.11258039041193701,0.26679454943383085,0.6206250601542321,-0.15421415902189384
2023-01-30,0.7036859774607958,0.5059258001463939,0.0,0.19776017731440187
2023-01-31,0.5406984766449103,0.7777279100677931,0.0,-0.23702943342288274
2023-02-01,0.09653447019544081,0.858322938878858,0.045142590925701165,-0.7617884686834172
2023-02-02,0.24189382825883898,0.8448640854105085,0.0,-0.6029702571516695
2023-02-03,0.01240403627731479,0.35967556122306776,0.6279204024996174,-0.347271524945753
2023-02-04,0.46876796546450583,0.6872343434606829,0.0,-0.21846637799617707
2023-02-05,0.3012652607600004,0.31283419752422004,0.3859005417157796,-0.011568936764219662
2023-02-06,0.5983574842977588,0.06090554323518271,0.3407369724670585,0.5374519410625761
2023-02-07,0.2972378077086172,0.7015652656029423,0.0011969266884405139,-0.4043274578943251
2023-02-08,0.2999191115069847,0.009827552569787845,0.6902533359232275,0.29009155893719685
2023-02-09,0.7431931987316034,0.40918258745848857,0.0,0.3340106112731148
2023-02-10,0.04814283597835345,0.32937926930207573,0.6224778947195708,-0.2812364333237223
2023-02-11,0.9028949951919872,0.6933775385188524,0.0,0.20951745667313482
2023-02-12,0.8522638743911815,0.7662454727603789,0.0,0.08601840163080254
2023-02-13,0.6678046832264065,0.30409463597128383,0.028100680802309652,0.3637100472551227
2023-02-14,0.5932215701073843,0.8116270144448535,0.0,-0.21840544433746922
2023-02-15,0.8923024981396522,0.29391676050493376,0.0,0.5983857376347185
2023-02-16,0.18533017952871444,0.4463263599865612,0.3683434604847243,-0.2609961804578468
2023-02-17,0.07896916219082861,0.7270185270141339,0.19401231079503745,-0.6480493648233053
2023-02-18,0.2395101699095381,0.6929202292247886,0.06756960086567332,-0.45341005931525047
2023-02-19,0.7945782787001903,0.9873684723122,0.0,-0.19279019361200977
2023-02-20,0.03467026672648332,0.22516102421593187,0.7401687090575848,-0.19049075748944855
2023-02-21,0.5828068350834896,0.6623179135395824,0.0,-0.07951107845609273
2023-02-22,0.9954375161913099,0.6096819082757774,0.0,0.38575560791553254
2023-02-23,0.8556960938375394,0.9150984544900299,0.0,-0.05940236065249049
2023-02-24,0.5214456890435895,0.15636214164487505,0.3221921693115355,0.3650835473987144
2023-02-25,0.06364090928664234,0.751798163586933,0.1845609271264247,-0.6881572543002906
2023-02-26,0.8313735143857098,0.5682686162687683,0.0,0.2631048981169415
2023-02-27,0.5989785081772105,0.2746658697879054,0.12635562203488404,0.32431263838930513
2023-02-28,0.11493299705956683,0.4744349141471741,0.4106320887932591,-0.35950191708760726
2023-03-01,0.0938572848233562,0.3337765970697978,0.572366118106846,-0.23991931224644159
2023-03-02,0.9096268194365924,0.5793134027884609,0.0,0.3303134166481315
2023-03-03,0.6692002629380784,0.8890006108146659,0.0,-0.21980034787658742
2023-03-04,0.8292867993167555,0.569304984412202,0.0,0.2599818149045535
2023-03-05,0.8789789002822673,0.631722418326584,0.0,0.24725648195568328
2023-03-06,0.5717723520483222,0.5187478471147094,0.0,0.05302450493361277
2023-03-07,0.5174463517550413,0.051165506445475906,0.4313881417994828,0.4662808453095654
2023-03-08,0.4304274103209902,0.23285855687609425,0.33671403280291556,0.19756885344489594
2023-03-09,0.3169465877911193,0.49200172943208276,0.19105168277679796,-0.17505514164096347
2023-03-10,0.43459596085871177,0.31023528374470477,0.25516875539658346,0.124360677114007
2023-03-11,0.7738796557301564,0.18176359776119422,0.0443567465086494,0.5921160579689622
2023-03-12,0.6019234310151316,0.5041328419184383,0.0,0.09779058909669325
2023-03-13,0.8925232899548461,0.3228097934478503,0.0,0.5697134965069958
2023-03-14,0.4433800143791877,0.2581076431734147,0.29851234244739755,0.185272371205773
2023-03-15,0.607089578718754,0.4639854174403808,0.0,0.14310416127837322
2023-03-16,0.6313075530919887,0.13328425808217315,0.23540818882583814,0.49802329500981557
2023-03-17,0.5916971623063255,0.9277457330754073,0.0,-0.3360485707690818
2023-03-18,0.7026337730855163,0.867702097919239,0.0,-0.1650683248337227
2023-03-19,0.23743346837480628,0.7076205857405353,0.0549459458846584,-0.47018711736572905
2023-03-20,0.5123637775457907,0.10621382758845621,0.38142239486575313,0.40614994995733444
2023-03-21,0.10422480280834767,0.775877254469693,0.1198979427219593,-0.6716524516613454
2023-03-22,0.38451132764481255,0.807957328109019,0.0,-0.42344600046420644
2023-03-23,0.4876670686212644,0.7677646177143377,0.0,-0.2800975490930733
2023-03-24,0.6522242595454725,0.11396588711924116,0.23380985333528637,0.5382583724262313
2023-03-25,0.9505310525862035,0.6439079570677647,0.0,0.3066230955184388
2023-03-26,0.6006510665483559,0.8343247957493986,0.0,-0.23367372920104268
2023-03-27,0.7435939161765598,0.5773534012196677,0.0,0.16624051495689207
2023-03-28,0.5062660594952028,0.646407375228089,0.0,-0.14014131573288624
2023-03-29,0.6341040313763313,0.4583634794263062,0.0,0.17574055195002514
2023-03-30,0.07093221613377343,0.5287073198840526,0.40036046398217395,-0.4577751037502792
2023-03-31,0.254391580841847,0.034376858351725215,0.7112315608064278,0.22001472249012177
2023-04-01,0.3618530932051387,0.6389630219732846,0.0,-0.2771099287681459
2023-04-02,0.47249335500651357,0.08144721289115919,0.44605943210232724,0.3910461421153544
2023-04-03,0.045648745502383736,0.4350145943402234,0.5193366601573929,-0.38936584883783965
2023-04-04,0.14002409755331768,0.2926550976674078,0.5673208047792745,-0.15263100011409014
2023-04-05,0.2768143077913058,0.5454279502117131,0.17775774199698113,-0.2686136424204073
2023-04-06,0.9715326909010507,0.13341633552320709,0.0,0.8381163553778436
2023-04-07,0.33134700710305076,0.6916434019733182,0.0,-0.36029639487026743
2023-04-08,0.48204105811208253,0.7950115369284704,0.0,-0.31297047881638784
2023-04-09,0.19609771273839294,0.1633544497431565,0.6405478375184506,0.032743262995236444
2023-04-10,0.6107800710757683,0.10431308735188216,0.2849068415723496,0.5064669837238861
2023-04-11,0.2806832155159743,0.14551548278735915,0.5738013016966665,0.13516773272861515
2023-04-12,0.20699257843842678,0.8771275618985017,0.0,-0.6701349834600749
2023-04-13,0.5165726284459791,0.5281892617563562,0.0,-0.0116166333103771
2023-04-14,0.005505799160420821,0.4672609960075026,0.5272332048320766,-0.4617551968470818
2023-04-15,0.0076640326492253275,0.10671181910235428,0.8856241482484204,-0.09904778645312895
2023-04-16,0.21906880910185778,0.6495560067569618,0.13137518414118043,-0.430487197655104
2023-04-17,0.03672136250082114,0.8679995918950899,0.09527904560408895,-0.8312782293942688
2023-04-18,0.10802575413069138,0.828185869323453,0.06378837654585567,-0.7201601151927616
2023-04-19,0.3388606493387516,0.6260547089808013,0.035084641680447115,-0.2871940596420497
2023-04-20,0.8025856795798129,0.07527871665167363,0.12213560376851351,0.7273069629281392
2023-04-21,0.5720486433693008,0.11239702717601296,0.3155543294546862,0.45965161619328787
2023-04-22,0.5126677259564164,0.049308987109824676,0.4380232869337589,0.46335873884659173
2023-04-23,0.29348882320812164,0.2574792164924693,0.44903196029940906,0.03600960671565234
2023-04-24,0.9317537194328164,0.13566146716037775,0.0,0.7960922522724386
2023-04-25,0.39701504123719167,0.2600480402524339,0.34293691851037444,0.13696700098475778
2023-04-26,0.08709276679577149,0.3850580557189617,0.5278491774852668,-0.2979652889231902
2023-04-27,0.6170665161178013,0.9429827840711357,0.0,-0.3259162679533344
2023-04-28,0.11383839347660141,0.6103760597816921,0.2757855467417065,-0.49653766630509066
2023-04-29,0.3452231428016921,0.8349737856829623,0.0,-0.48975064288127024
2023-04-30,0.5074119387178089,0.7103515007123322,0.0,-0.20293956199452334
2023-05-01,0.8742225246851758,0.11250313052663174,0.01327434478819245,0.7617193941585441
2023-05-02,0.49354658034011867,0.7359204063739488,0.0,-0.24237382603383018
2023-05-03,0.7022587660316643,0.27509888155912443,0.022642352409211308,0.42715988447253983
2023-05-04,0.9928168389990704,0.6391078469947064,0.0,0.353708992004364
2023-05-05,0.13148911989798162,0.3409619736429885,0.5275489064590299,-0.2094728537450069
2023-05-06,0.2747315255195195,0.9976722632646592,0.0,-0.7229407377451397
2023-05-07,0.3945760755976464,0.2635514794967778,0.3418724449055758,0.13102459610086858
2023-05-08,0.42182817853883137,0.27913047077426967,0.29904135068689897,0.1426977077645617
2023-05-09,0.41102107526554577,0.9306722555623983,0.0,-0.5196511802968525
2023-05-10,0.9076110025565549,0.02464440463632267,0.06774459280712242,0.8829665979202322
2023-05-11,0.7140326444668564,0.6966889878731969,0.0,0.01734365659365955
2023-05-12,0.6079052140907037,0.7253263907358781,0.0,-0.11742117664517437
2023-05-13,0.3093727178627821,0.8363785774103993,0.0,-0.5270058595476173
2023-05-14,0.8237903842212947,0.9744393106384753,0.0,-0.15064892641718064
2023-05-15,0.9550605114849889,0.9756019191566524,0.0,-0.02054140767166346
2023-05-16,0.8211982825502265,0.0652767575664639,0.11352495988330957,0.7559215249837626
2023-05-17,0.0015651051914729042,0.8218393227529025,0.1765955720556246,-0.8202742175614296
2023-05-18,0.636401370183407,0.6463099336573813,0.0,-0.009908563473974286
2023-05-19,0.051135381442100725,0.6473421343730912,0.3015224841848081,-0.5962067529309905
2023-05-20,0.25760722033372185,0.1283499266146948,0.6140428530515833,0.12925729371902706
2023-05-21,0.059524700347771686,0.6501871664456533,0.290288133206575,-0.5906624660978816
2023-05-22,0.6037954529493877,0.9824825806012478,0.0,-0.3786871276518601
2023-05-23,0.6865899134926068,0.911818569539447,0.0,-0.22522865604684017
2023-05-24,0.11448763806590512,0.4391306608048505,0.44638170112924436,-0.3246430227389454
2023-05-25,0.3838388830449795,0.03994797328609434,0.5762131436689262,0.34389090975888514
2023-05-26,0.456236508955542,0.36229349000020483,0.18147000104425315,0.09394301895533719
2023-05-27,0.3690530217609166,0.8263903116005552,0.0,-0.4573372898396386
2023-05-28,0.12102500048519305,0.701499101465166,0.17747589804964092,-0.580474100979973
2023-05-29,0.4189477901874754,0.4593436555939564,0.12170855421856819,-0.04039586540648099
2023-05-30,0.7511780478084181,0.055101535158831094,0.19372041703275078,0.696076512649587
2023-05-31,0.07100766453325547,0.4268947278233026,0.5020976076434419,-0.35588706329004716
2023-06-01,0.08018001408190345,0.4690249397178835,0.45079504620021305,-0.38884492563598005
2023-06-02,0.3547712918359842,0.928555532894136,0.0,-0.5737842410581517
2023-06-03,0.941725711618925,0.6410861035821595,0.0,0.3006396080367656
2023-06-04,0.668572646722914,0.3116529166546489,0.019774436622437053,0.35691973006826516
2023-06-05,0.6786699566725648,0.5253182644507214,0.0,0.15335169222184342
2023-06-06,0.36191999083786497,0.06605530782216007,0.572024701339975,0.2958646830157049
2023-06-07,0.5936607912085384,0.9725682356497368,0.0,-0.3789074444411984
2023-06-08,0.010131184027743378,0.360059901930726,0.6298089140415306,-0.34992871790298263
2023-06-09,0.6360960464095422,0.4778673549131358,0.0,0.1582286914964064
2023-06-10,0.9132869475762367,0.3552839742369226,0.0,0.5580029733393141
2023-06-11,0.6125734683448192,0.6825117301162001,0.0,-0.06993826177138096
2023-06-12,0.873698593466345,0.662232158329593,0.0,0.211466435136752
2023-06-13,0.7239730554660938,0.7153223105291356,0.0,0.008650744936958166
2023-06-14,0.12055841640369025,0.26814322961192083,0.6112983539843889,-0.14758481320823058
2023-06-15,0.9024533072858417,0.315668481164066,0.0,0.5867848261217757
2023-06-16,0.06644384435577488,0.12525123109620795,0.8083049245480172,-0.058807386740433065
2023-06-17,0.5339674725477638,0.6555099718461126,0.0,-0.12154249929834882
2023-06-18,0.14213712379345766,0.03979712733565255,0.8180657488708898,0.10233999645780512
2023-06-19,0.011706610730904066,0.5976823355234591,0.39061105374563687,-0.585975724792555
2023-06-20,0.422034260127639,0.8696958848516338,0.0,-0.44766162472399484
2023-06-21,0.29504070765415624,0.8908321482896335,0.0,-0.5957914406354773
2023-06-22,0.486000493797603,0.4490377603699617,0.0649617458324353,0.03696273342764134
2023-06-23,0.5771998867345508,0.45930368821307377,0.0,0.11789619852147704
2023-06-24,0.04373907230894736,0.07696918300801736,0.8792917446830353,-0.033230110699070003
2023-06-25,0.12300329512374564,0.6707650254430357,0.20623167943321863,-0.5477617303192901
2023-06-26,0.5586423964504253,0.8212594203728455,0.0,-0.26261702392242015
2023-06-27,0.34316735317265823,0.24465505460471304,0.41217759222262873,0.09851229856794519
2023-06-28,0.729173487549448,0.42130088163336465,0.0,0.30787260591608334
2023-06-29,0.6522916485919397,0.8388393367652703,0.0,-0.18654768817333067
2023-06-30,0.8456043629899068,0.877120467662288,0.0,-0.031516104672381196
2023-07-01,0.6924928266692253,0.24317998026422594,0.06432719306654877,0.44931284640499936
2023-07-02,0.42993107739014813,0.5505706345413642,0.019498288068487635,-0.1206395571512161
2023-07-03,0.6729666223944324,0.19249315063582706,0.13454022696974055,0.48047347175860533
2023-07-04,0.2753811742554185,0.10187876413955654,0.6227400616050249,0.17350241011586198
2023-07-05,0.3063134987782127,0.9111205013919575,0.0,-0.6048070026137449
2023-07-06,0.7889851599207933,0.8205075042321092,0.0,-0.03152234431131584
2023-07-07,0.4464195164015822,0.7600349018031739,0.0,-0.31361538540159173
2023-07-08,0.7983803405183525,0.04876631881314042,0.1528533406685071,0.7496140217052121
2023-07-09,0.8224223736682784,0.8437287927102575,0.0,-0.021306419041979052
2023-07-10,0.8575623376612838,0.43804407590538375,0.0,0.4195182617559
2023-07-11,0.9166352358412073,0.34239512329585964,0.0,0.5742401125453477
2023-07-12,0.43098522051329624,0.5464763610253764,0.022538418461327314,-0.1154911405120802
2023-07-13,0.31886681832113883,0.09135324272355583,0.5897799389553053,0.227513575597583
2023-07-14,0.5821987465941139,0.7566465493523988,0.0,-0.17444780275828498
2023-07-15,0.3711724234376276,0.5824350768882959,0.04639249967407655,-0.2112626534506683
2023-07-16,0.601074166800233,0.18659009687316752,0.21233573632659952,0.41448406992706543
2023-07-17,0.7055858626438246,0.1882321997690456,0.1061819375871298,0.517353662874779
2023-07-18,0.6884050184921369,0.18424865157267423,0.1273463299351889,0.5041563669194626
2023-07-19,0.37455288702012135,0.057002387551933986,0.5684447254279447,0.31755049946818736
2023-07-20,0.16686020169875282,0.5877984493716848,0.2453413489295624,-0.420938247672932
2023-07-21,0.43052933846220753,0.8403481775885081,0.0,-0.40981883912630057
2023-07-22,0.14259414408190874,0.0174982139873886,0.8399076419307027,0.12509593009452014
2023-07-23,0.8900970351838083,0.04900464497127355,0.060898319844918114,0.8410923902125348
2023-07-24,0.3458774607378574,0.5727702766869458,0.08135226257519679,-0.2268928159490884
2023-07-25,0.15445974722332378,0.8194956853860523,0.026044567390623885,-0.6650359381627285
2023-07-26,0.025447759905750877,0.3267388905686336,0.6478133495256155,-0.3012911306628827
2023-07-27,0.6458223862864843,0.34961439880772216,0.004563214905793589,0.2962079874787621
2023-07-28,0.6369023174547432,0.5963464974967759,0.0,0.04055581995796731
2023-07-29,0.34060416658129167,0.274212889124147,0.38518294429456135,0.06639127745714468
2023-07-30,0.071711888847651,0.02660836607768413,0.9016797450746649,0.045103522769966875
2023-07-31,0.409628894895232,0.7352285181015961,0.0,-0.32559962320636404
2023-08-01,0.3112174950633936,0.6256499129414531,0.06313259199515331,-0.31443241787805953
2023-08-02,0.6771206397350094,0.5807559990556591,0.0,0.09636464067935024
2023-08-03,0.6057792494526903,0.7416841289918231,0.0,-0.13590487953913277
2023-08-04,0.36459372819754,0.6752308375620375,0.0,-0.3106371093644975
2023-08-05,0.2178925542549901,0.20588198817832115,0.5762254575666887,0.01201056607666895
2023-08-06,0.9880359661555919,0.35248104694335114,0.0,0.6355549192122407
2023-08-07,0.45400162119611487,0.126110141678625,0.41988823712526013,0.32789147951748987
2023-08-08,0.688274235780237,0.12985701341788103,0.18186875080188192,0.558417222362356
2023-08-09,0.14055296757836078,0.6761957463565392,0.1832512860651,-0.5356427787781785
2023-08-10,0.4855896996593978,0.8586001069824982,0.0,-0.3730104073231004
2023-08-11,0.027536719869465487,0.962732583861139,0.009730696269395489,-0.9351958639916735
2023-08-12,0.50545511791045,0.6283471175494444,0.0,-0.12289199963899444
2023-08-13,0.9640174071177023,0.18410132336095697,0.0,0.7799160837567454
2023-08-14,0.3842067129858002,0.1056503454489307,0.5101429415652691,0.2785563675368695
2023-08-15,0.03899601257491159,0.8128509715367578,0.14815301588833063,-0.7738549589618462
2023-08-16,0.03095579091934353,0.5787564763599993,0.3902877327206572,-0.5478006854406557
2023-08-17,0.3879867599468695,0.6182850210137198,0.0,-0.23029826106685036
2023-08-18,0.16002493646319405,0.7814620887547092,0.058512974782096716,-0.6214371522915152
2023-08-19,0.023352096328185912,0.7032772277324516,0.2733706759393625,-0.6799251314042657
2023-08-20,0.7562136139501768,0.8344582528560966,0.0,-0.07824463890591982
2023-08-21,0.4585230088818907,0.05621390545987848,0.48526308565823084,0.4023091034220122
2023-08-22,0.2892447719726545,0.7475206367465048,0.0,-0.4582758647738503
2023-08-23,0.9000831830164807,0.8508527573220954,0.0,0.049230425694385294
2023-08-24,0.11613896020052561,0.28613504245831434,0.59772599734116,-0.16999608225778873
2023-08-25,0.9559188289553192,0.6404472739932529,0.0,0.31547155496206636
2023-08-26,0.3139667173773528,0.3141620638369721,0.3718712187856751,-0.00019534645961927222
2023-08-27,0.8884036723086812,0.957971066482454,0.0,-0.06956739417377278
2023-08-28,0.6029428764794615,0.03342357243550376,0.3636335510850347,0.5695193040439578
2023-08-29,0.8267073597414875,0.579792843832955,0.0,0.24691451590853242
2023-08-30,0.9840131632104643,0.1665035470495151,0.0,0.8175096161609492
2023-08-31,0.2884054378187457,0.7122202051771587,0.0,-0.42381476735841295
2023-09-01,0.961135485407593,0.17589028341866209,0.0,0.7852452019889309
2023-09-02,0.38948189490242036,0.23538326189835757,0.3751348431992221,0.1540986330040628
2023-09-03,0.3855119047369223,0.4943708110457581,0.1201172842173196,-0.10885890630883577
2023-09-04,0.3403871042545057,0.9148349499968781,0.0,-0.5744478457423724
2023-09-05,0.5414076073475852,0.21171437214797084,0.24687802050444396,0.32969323519961435
2023-09-06,0.1541450431784871,0.14424002111810352,0.7016149357034094,0.009905022060383573
2023-09-07,0.5537114853580112,0.7589768318540306,0.0,-0.20526534649601946
2023-09-08,0.541704812410004,0.500619532333931,0.0,0.04108528007607304
2023-09-09,0.76190181260487,0.9117851123817714,0.0,-0.1498832997769014
2023-09-10,0.8336499619375856,0.14661455715984228,0.019735480902572156,0.6870354047777433
2023-09-11,0.44044135031242404,0.6459278930230393,0.0,-0.20548654271061528
2023-09-12,0.30233324935149375,0.23287914615181504,0.4647876044966912,0.06945410319967871
2023-09-13,0.25933489731709447,0.1567604286516393,0.5839046740312662,0.10257446866545517
2023-09-14,0.19462383670487193,0.6834294151572705,0.12194674813785755,-0.4888055784523986
2023-09-15,0.05764758219902488,0.5936846199087332,0.3486677978922419,-0.5360370377097083
2023-09-16,0.34244797883471334,0.7548274583623312,0.0,-0.4123794795276179
2023-09-17,0.27024769213078326,0.30946257644618236,0.4202897314230344,-0.0392148843153991
2023-09-18,0.9664173858664074,0.44797165638218994,0.0,0.5184457294842174
2023-09-19,0.5577088262500439,0.4054716763304185,0.036819497419537606,0.15223714991962545
2023-09-20,0.34727703903050755,0.9840894639665142,0.0,-0.6368124249360066
2023-09-21,0.580467600993696,0.2922489567393879,0.12728344226691612,0.2882186442543081
2023-09-22,0.1391967013456955,0.2948172383467669,0.5659860603075376,-0.15562053700107137
2023-09-23,0.4440437492022029,0.3545482088286074,0.2014080419691897,0.08949554037359553
2023-09-24,0.6262343214210638,0.5645940812903215,0.0,0.06164024013074232
2023-09-25,0.4888978317924514,0.25232274426374524,0.2587794239438034,0.23657508752870615
2023-09-26,0.40177880065432425,0.9152899403792739,0.0,-0.5135111397249497
2023-09-27,0.9938483888996982,0.2656855648662635,0.0,0.7281628240334347
2023-09-28,0.880314762148927,0.8958157315601947,0.0,-0.015500969411267662
2023-09-29,0.6234059581594401,0.10347506364658465,0.27311897819397524,0.5199308945128555
2023-09-30,0.5693773611822828,0.6565627023996523,0.0,-0.08718534121736954
2023-10-01,0.620660479824584,0.9069855184382437,0.0,-0.28632503861365965
2023-10-02,0.20131210782243325,0.16874943839822953,0.6299384537793372,0.032562669424203716
2023-10-03,0.3951377432643186,0.968326960099255,0.0,-0.5731892168349364
2023-10-04,0.03945953289089932,0.4528833604155117,0.507657106693589,-0.4134238275246124
2023-10-05,0.47554603748682667,0.9457151084410245,0.0,-0.4701690709541978
2023-10-06,0.5430245839576632,0.676820043630047,0.0,-0.13379545967238382
2023-10-07,0.2277497361032096,0.30158686987355154,0.47066339402323887,-0.07383713377034196
2023-10-08,0.9640288471655137,0.18830252491710642,0.0,0.7757263222484073
2023-10-09,0.909454610937242,0.3037350462250994,0.0,0.6057195647121426
2023-10-10,0.7221432354559059,0.09301740926267499,0.18483935528141915,0.6291258261932309
2023-10-11,0.5333866287653626,0.14386796634332977,0.32274540489130765,0.3895186624220328
2023-10-12,0.869969159647685,0.10466044034648114,0.025370400005833904,0.7653087193012038
2023-10-13,0.1306523438234629,0.42294354374155774,0.44640411243497935,-0.2922911999180948
2023-10-14,0.790509794274885,0.7955783762575864,0.0,-0.005068581982701437
2023-10-15,0.1248208139668483,0.1413835542163402,0.7337956318168115,-0.016562740249491892
2023-10-16,0.7942106625494054,0.13032043317233588,0.0754689042782587,0.6638902293770695
2023-10-17,0.27576756825135695,0.6434289495173308,0.08080348223131228,-0.3676613812659738
2023-10-18,0.8770905810181889,0.19718298196806627,0.0,0.6799075990501227
2023-10-19,0.9440420938253978,0.0976100381089916,0.0,0.8464320557164062
2023-10-20,0.14879596940511564,0.16684857820557764,0.6843554523893067,-0.018052608800462
2023-10-21,0.4626756050653935,0.9237313958767761,0.0,-0.4610557908113826
2023-10-22,0.9809873781626851,0.8214712527761908,0.0,0.1595161253864943
2023-10-23,0.4834074359731466,0.3540645623550941,0.1625280016717593,0.12934287361805252
2023-10-24,0.8635475225145451,0.6558207673273928,0.0,0.20772675518715233
2023-10-25,0.5887315221313199,0.5372756736680381,0.0,0.05145584846328177
2023-10-26,0.37532990791960186,0.6771242634825639,0.0,-0.3017943555629621
2023-10-27,0.2857835555258702,0.6826711524627593,0.03154529201137046,-0.39688759693688913
2023-10-28,0.20322309108608727,0.6287340150599929,0.1680428938539198,-0.42551092397390566
2023-10-29,0.7617981913776972,0.2661013685373086,0.0,0.49569682284038863
2023-10-30,0.3865405068230279,0.03900642076281813,0.574453072414154,0.34753408606020975
2023-10-31,0.5112754622007512,0.4555667819901088,0.033157755809140044,0.05570868021064235
2023-11-01,0.4923254800011819,0.8909738846907038,0.0,-0.3986484046895219
2023-11-02,0.5772790292331312,0.5694972585185759,0.0,0.007781770714555325
2023-11-03,0.8655771456245522,0.8323910417019079,0.0,0.03318610392264432
2023-11-04,0.9807393435834294,0.9916243429612281,0.0,-0.010884999377798743
2023-11-05,0.40758420857381694,0.16361620413827627,0.4287995872879068,0.24396800443554068
2023-11-06,0.8275189221063031,0.6917776391419823,0.0,0.13574128296432075
2023-11-07,0.7645277946547177,0.6742935737000246,0.0,0.09023422095469302
2023-11-08,0.5735289514555733,0.9799554473582784,0.0,-0.4064264959027052
2023-11-09,0.9560471436119331,0.9856007339528003,0.0,-0.029553590340867242
2023-11-10,0.20047451552840279,0.6866786117241295,0.11284687274746774,-0.4862040961957267
2023-11-11,0.10926421030962141,0.24361479198219427,0.6471209977081843,-0.13435058167257286
2023-11-12,0.8539619669554221,0.798555838130599,0.0,0.0554061288248231
2023-11-13,0.4391498166337483,0.1070291342110381,0.4538210491552136,0.3321206824227102
2023-11-14,0.8469688542070605,0.7806993041716287,0.0,0.06626955003543178
2023-11-15,0.8930902051954149,0.9101961241446964,0.0,-0.017105918949281484
2023-11-16,0.06245759361907144,0.38283339476843525,0.5547090116124933,-0.3203758011493638
2023-11-17,0.8834647629860607,0.6306352949830805,0.0,0.25282946800298023
2023-11-18,0.4483190553694222,0.4301427320968263,0.12153821253375152,0.018176323272595885
2023-11-19,0.5104324890042322,0.43776505498812845,0.05180245600763933,0.07266743401610376
2023-11-20,0.6265925110932102,0.31037088910812005,0.06303659979866971,0.3162216219850902
2023-11-21,0.9263826067300868,0.7621296204503246,0.0,0.16425298627976215
2023-11-22,0.01911609442976403,0.9361765641665052,0.04470734140373078,-0.9170604697367412
2023-11-23,0.4768434683178171,0.9407508592344611,0.0,-0.463907390916644
2023-11-24,0.6877220424305607,0.17478128487493383,0.1374966726945055,0.5129407575556268
2023-11-25,0.7227069576982285,0.874743649656566,0.0,-0.15203669195833758
2023-11-26,0.692532431537108,0.7374314414271221,0.0,-0.04489900989001416
2023-11-27,0.13443512940812186,0.25283740069028926,0.6127274699015889,-0.1184022712821674
2023-11-28,0.29939558837168123,0.06728461292151455,0.6333197987068042,0.23211097545016668
2023-11-29,0.35871552541701346,0.26799726688437797,0.37328720769860857,0.09071825853263549
2023-11-30,0.804437207679505,0.9122082367815256,0.0,-0.10777102910202063
2023-12-01,0.278759872414553,0.6331786748957723,0.08806145268967469,-0.35441880248121926
2023-12-02,0.21070496386720317,0.7210546608978718,0.06824037523492499,-0.5103496970306687
2023-12-03,0.9574480190380962,0.25715235110909584,0.0,0.7002956679290003
2023-12-04,0.0088632851134689,0.7193881555748203,0.2717485593117108,-0.7105248704613514
2023-12-05,0.9978208556819782,0.028121506277923758,0.0,0.9696993494040544
2023-12-06,0.6768212988573956,0.3753213457730138,0.0,0.3014999530843818
2023-12-07,0.8284692994491171,0.6267533485423312,0.0,0.20171595090678585
2023-12-08,0.29461939634619316,0.14609656554132022,0.5592840381124866,0.14852283080487294
2023-12-09,0.014315277667059978,0.8230035744469347,0.1626811478860053,-0.8086882967798747
2023-12-10,0.73786951856153,0.23503129881191864,0.02709918262655131,0.5028382197496114
2023-12-11,0.8341445970006758,0.6522811128184463,0.0,0.18186348418222953
2023-12-12,0.7404761319535191,0.4051971425753297,0.0,0.33527898937818945
2023-12-13,0.1428502873008386,0.5960435954776472,0.2611061172215142,-0.4531933081768086
2023-12-14,0.7534279222569691,0.10745055262890812,0.1391215251141228,0.645977369628061
2023-12-15,0.768922782107641,0.016912799921607324,0.2141644179707517,0.7520099821860337
2023-12-16,0.6585405156700549,0.9095644273803012,0.0,-0.2510239117102463
2023-12-17,0.7661159327955862,0.2696300087671828,0.0,0.4964859240284034
2023-12-18,0.8459214396777321,0.8196770027804591,0.0,0.02624443689727307
2023-12-19,0.6136041142374584,0.9993503004722002,0.0,-0.3857461862347418
2023-12-20,0.08860471396967906,0.21143125799891116,0.6999640280314098,-0.1228265440292321
2023-12-21,0.48762780966721087,0.2651707411833556,0.24720144914943354,0.22245706848385527
2023-12-22,0.07764933467160506,0.6628597876346657,0.25949087769372925,-0.5852104529630606
2023-12-23,0.40754303103243084,0.9654486346006212,0.0,-0.5579056035681904
2023-12-24,0.40710648912562764,0.9158143481907439,0.0,-0.5087078590651163
2023-12-25,0.06600984414024158,0.5028755200655849,0.43111463579417353,-0.4368656759253433
2023-12-26,0.3488205339694793,0.7951102825267247,0.0,-0.44628974855724535
2023-12-27,0.11099809879131484,0.13574585309990106,0.7532560481087841,-0.024747754308586223
2023-12-28,0.8082352100092222,0.9774381842040123,0.0,-0.16920297419479013
2023-12-29,0.9476880259644708,0.9643532340359865,0.0,-0.016665208071515725
2023-12-30,0.0723164752579386,0.16372895787917097,0.7639545668628904,-0.09141248262123236
2023-12-31,0.9551152072917014,0.2994231248031066,0.0,0.6556920824885948
2024-01-01,0.5225765993367452,0.10015499750676693,0.3772684031564879,0.42242160182997823
2024-01-02,0.2995656779538739,0.2717175988981797,0.4287167231479464,0.027848079055694197
2024-01-03,0.07686207527616351,0.8159557894152066,0.10718213530862986,-0.7390937141390431
2024-01-04,0.5006242680704178,0.37831560716525947,0.12106012476432271,0.12230866090515835
2024-01-05,0.7945155444907487,0.08839696714675838,0.11708748836249294,0.7061185773439903
2024-01-06,0.7070864772666982,0.34222552477890456,0.0,0.3648609524877936
2024-01-07,0.05022601146397376,0.9813833342412801,0.0,-0.9311573227773063
2024-01-08,0.07290183536790351,0.6296835952592029,0.29741456937289357,-0.5567817598912994
2024-01-09,0.4028732826326371,0.41616094640615775,0.18096577096120514,-0.013287663773520642
2024-01-10,0.2952904940479433,0.16653851349727,0.5381709924547867,0.12875198055067327
2024-01-11,0.23238432305604784,0.9861767972836948,0.0,-0.753792474227647
2024-01-12,0.2810044989087136,0.8208490092631288,0.0,-0.5398445103544152
2024-01-13,0.8034827432968846,0.2814773024509194,0.0,0.5220054408459652
2024-01-14,0.9292280536318539,0.07006869572118946,0.0007032506469566435,0.8591593579106644
2024-01-15,0.4051026945275664,0.05662555737755803,0.5382717480948755,0.3484771371500084
2024-01-16,0.9061110021324971,0.12037814950553383,0.0,0.7857328526269632
2024-01-17,0.32149570124788196,0.5807685836144216,0.09773571513769641,-0.25927288236653967
2024-01-18,0.4764369863437916,0.9287634212054924,0.0,-0.45232643486170077
2024-01-19,0.22602899781599972,0.4967434280059845,0.2772275741780158,-0.27071443018998476
2024-01-20,0.640476042175844,0.8429454824561972,0.0,-0.20246944028035319
2024-01-21,0.9789811151748089,0.4458866198598078,0.0,0.5330944953150011
2024-01-22,0.6034930960433786,0.7085835457678252,0.0,-0.10509044972444659
2024-01-23,0.35781408411354887,0.7318727372865008,0.0,-0.37405865317295195
2024-01-24,0.6478174459905284,0.17396370590333865,0.17821884810613298,0.4738537400871897
2024-01-25,0.12292067846538757,0.36121605897581177,0.5158632625588007,-0.2382953805104242
2024-01-26,0.8886590802653986,0.6373021565380239,0.0,0.2513569237273747
2024-01-27,0.5030839507798364,0.07069660818436618,0.42621944103579745,0.4323873425954702
2024-01-28,0.44934974203964206,0.3615401877629566,0.18911007019740134,0.08780955427668546
2024-01-29,0.5858647884535192,0.5347994662811925,0.0,0.05106532217232673
2024-01-30,0.6247838627894025,0.9962244930446387,0.0,-0.3714406302552362
2024-01-31,0.07177580622651303,0.47453356262244073,0.45369063115104624,-0.4027577563959277
2024-02-01,0.6826172212234024,0.8160567571143236,0.0,-0.13343953589092117
2024-02-02,0.24193168031552958,0.43206728506661773,0.3260010346178527,-0.19013560475108815
2024-02-03,0.7139526325065898,0.7963907226197089,0.0,-0.08243809011311909
2024-02-04,0.8225347943841967,0.5954148016201084,0.0,0.22711999276408834
2024-02-05,0.8039585075525203,0.8865954415023983,0.0,-0.08263693394987803
2024-02-06,0.5525009674078891,0.4109425523501099,0.03655648024200098,0.14155841505777922
2024-02-07,0.5201698923107512,0.6043044198214789,0.0,-0.0841345275107277
2024-02-08,0.14287596133941172,0.6300186806188274,0.2271053580417609,-0.48714271927941566
2024-02-09,0.7753461504031356,0.4173829418004733,0.0,0.3579632086026623
2024-02-10,0.27140938044671437,0.14431204368748152,0.5842785758658041,0.12709733675923285
2024-02-11,0.49669542281794654,0.09355940691233555,0.4097451702697179,0.403136015905611
2024-02-12,0.2842740929275167,0.0166715505996331,0.6990543564728502,0.2676025423278836
2024-02-13,0.13382836299969314,0.8735342642452146,0.0,-0.7397059012455215
2024-02-14,0.6295576968917366,0.23647491223869455,0.13396739086956888,0.39308278465304203
2024-02-15,0.05433203482290383,0.21150674928176805,0.7341612158953281,-0.15717471445886422
2024-02-16,0.7486452341262,0.7360354004260655,0.0,0.012609833700134465
2024-02-17,0.31758679526111666,0.32001611308739175,0.3623970916514916,-0.0024293178262750903
2024-02-18,0.00013469300448532007,0.5060446924118366,0.4938206145836781,-0.5059099994073513
2024-02-19,0.5111291392372298,0.1625110652974563,0.3263597954653139,0.3486180739397735
2024-02-20,0.046851908527603126,0.9597457214619692,0.0,-0.9128938129343661
2024-02-21,0.27616955782089947,0.8515814000172374,0.0,-0.5754118421963379
2024-02-22,0.7069764874557162,0.8637896229650033,0.0,-0.1568131355092871
2024-02-23,0.06268962162186587,0.4067737485720052,0.5305366298061289,-0.34408412695013935
2024-02-24,0.8393384923560023,0.7623612137071728,0.0,0.07697727864882953
2024-02-25,0.003819922658583108,0.14387615538978016,0.8523039219516367,-0.14005623273119705
2024-02-26,0.24682386920190225,0.008619002591780278,0.7445571282063175,0.23820486661012197
2024-02-27,0.7409040561520714,0.019972932578028124,0.23912301126990043,0.7209311235740433
2024-02-28,0.3162701497293068,0.5866017374045605,0.09712811286613277,-0.27033158767525367
2024-02-29,0.10189238806601353,0.4553949052479408,0.4427127066860457,-0.35350251718192727
2024-03-01,0.3602339188004279,0.5180153489085197,0.12175073229105238,-0.15778143010809187
2024-03-02,0.27039328638452553,0.007463140417219405,0.7221435731982551,0.26293014596730613
2024-03-03,0.8427119021605549,0.4226866196574257,0.0,0.4200252825031292
2024-03-04,0.31334791758514313,0.7180681612008608,0.0,-0.4047202436157177
2024-03-05,0.7889324717760072,0.44269370196743585,0.0,0.3462387698085714
2024-03-06,0.8918721448107347,0.7322192063122223,0.0,0.15965293849851248
2024-03-07,0.43381741957652953,0.23301896439683478,0.3331636160266357,0.20079845517969475
2024-03-08,0.909943143854392,0.8131420044817255,0.0,0.09680113937266654
2024-03-09,0.37731805396319285,0.5884312404534523,0.03425070558335486,-0.21111318649025945
2024-03-10,0.9640784164901082,0.21076309942990623,0.0,0.7533153170602019
2024-03-11,0.08928952452557293,0.23672047585383293,0.6739899996205941,-0.14743095132826
2024-03-12,0.6870192665032427,0.628030464569537,0.0,0.0589888019337057
2024-03-13,0.49381404045692867,0.8299395932124434,0.0,-0.3361255527555147
2024-03-14,0.38764880545564706,0.4156277820291552,0.19672341251519776,-0.02797897657350812
2024-03-15,0.6327118787486009,0.2583004291275922,0.10898769212380688,0.3744114496210087
2024-03-16,0.7038570916343312,0.8670116069106004,0.0,-0.16315451527626923
2024-03-17,0.004363269650309087,0.6692682917508349,0.326368438598856,-0.6649050221005258
2024-03-18,0.16695308874719872,0.4480854872830765,0.38496142396972477,-0.2811323985358778
2024-03-19,0.7130460506343187,0.48790019527930184,0.0,0.22514585535501686
2024-03-20,0.6663854135782065,0.2042564679363964,0.12935811848539713,0.46212894564181006
2024-03-21,0.9660475051286772,0.6268026300648439,0.0,0.3392448750638333
2024-03-22,0.761037790250783,0.35874251054288864,0.0,0.40229527970789436
2024-03-23,0.950772707731338,0.9956451766743493,0.0,-0.04487246894301122
2024-03-24,0.702540501534807,0.48018351526188785,0.0,0.2223569862729191
2024-03-25,0.29805220863944315,0.4858856061896132,0.21606218517094367,-0.18783339755017003
2024-03-26,0.10536492225085647,0.5658517874106719,0.32878329033847165,-0.4604868651598154
2024-03-27,0.7818238633449356,0.9167560031187467,0.0,-0.13493213977381113
2024-03-28,0.6441492214759159,0.8008180998597503,0.0,-0.15666887838383436
2024-03-29,0.04818601239329623,0.4511300697978414,0.5006839178088623,-0.4029440574045452
2024-03-30,0.36005046590097833,0.718699265972796,0.0,-0.35864880007181765
2024-03-31,0.9567998154842862,0.5862354987807616,0.0,0.3705643167035245
2024-04-01,0.5004011457102012,0.4923670487012489,0.0072318055885498556,0.008034097008952301
2024-04-02,0.43272913601970464,0.19231577278435052,0.37495509119594483,0.24041336323535412
2024-04-03,0.457699605159294,0.4639362634548909,0.0783641313858151,-0.006236658295596942
2024-04-04,0.20888272400516372,0.24581858702257464,0.5452986889722616,-0.03693586301741092
2024-04-05,0.3687071708647952,0.9148421498516547,0.0,-0.5461349789868595
2024-04-06,0.3698132559871766,0.33540681349634693,0.29477993051647644,0.03440644249082969
2024-04-07,0.0523550201874724,0.9522640145333723,0.0,-0.8999089943458999
2024-04-08,0.7675676285179183,0.5330552900947112,0.0,0.23451233842320707
2024-04-09,0.416504431903879,0.6315443786761603,0.0,-0.21503994677228133
2024-04-10,0.8221798868164233,0.5429404444893278,0.0,0.2792394423270955
2024-04-11,0.8503480011198954,0.1293806169667009,0.02027138191340372,0.7209673841531945
2024-04-12,0.21199405469865806,0.37582121900794097,0.41218472629340097,-0.1638271643092829
2024-04-13,0.6573534821701286,0.09914611227762393,0.2435004055522475,0.5582073698925046
2024-04-14,0.4722818041629817,0.6229540441833817,0.0,-0.15067224002040003
2024-04-15,0.8801567379214851,0.4468741952004389,0.0,0.43328254272104616
2024-04-16,0.21574067917645412,0.7779849715709368,0.006274349252609057,-0.5622442923944827
2024-04-17,0.6778132003100442,0.22047048099936983,0.10171631869058595,0.4573427193106744
2024-04-18,0.6077521222527226,0.16456605842933492,0.2276818193179425,0.44318606382338765
2024-04-19,0.2953014775718328,0.4063322309637678,0.2983662914643994,-0.11103075339193502
2024-04-20,0.1366009036511726,0.9265853832183811,0.0,-0.7899844795672085
2024-04-21,0.6516397604772766,0.7104218150124118,0.0,-0.058782054535135186
2024-04-22,0.7385974581323307,0.41892362479291867,0.0,0.319673833339412
2024-04-23,0.31562734376335,0.5172721697543106,0.16710048648233944,-0.20164482599096056
2024-04-24,0.6448326040223138,0.08421301117709834,0.27095438480058787,0.5606195928452155
2024-04-25,0.39513090761150327,0.9845758963761131,0.0,-0.5894449887646098
2024-04-26,0.7132068832826177,0.6664073046949189,0.0,0.04679957858769879
2024-04-27,0.1992152748940531,0.2854040684634225,0.5153806566425244,-0.08618879356936937
2024-04-28,0.8902150026361744,0.5858083942152443,0.0,0.30440660842093004
2024-04-29,0.28740959646557973,0.10948236606899397,0.6031080374654263,0.17792723039658576
2024-04-30,0.3677859877561529,0.9658366688075836,0.0,-0.5980506810514307
2024-05-01,0.058091952080349785,0.17478498788336594,0.7671230600362843,-0.11669303580301615
2024-05-02,0.1115122123212764,0.6480303180552142,0.24045746962350945,-0.5365181057339378
2024-05-03,0.5158619027123281,0.24545446253893044,0.23868363474874144,0.2704074401733977
2024-05-04,0.2675926767279715,0.7175613826485358,0.01484594062349276,-0.44996870592056426
2024-05-05,0.8354802257421944,0.7768213672402811,0.0,0.058658858501913325
2024-05-06,0.014693388654953843,0.6734197289114326,0.3118868824336135,-0.6587263402564788
2024-05-07,0.3790940486719362,0.6144994602551925,0.006406491072871279,-0.23540541158325634
2024-05-08,0.3373455467690927,0.8924690939520117,0.0,-0.555123547182919
2024-05-09,0.019327630917601035,0.07862671098975804,0.9020456580926409,-0.05929908007215701
2024-05-10,0.12436839900051022,0.3309147657801952,0.5447168352192946,-0.20654636677968496
2024-05-11,0.41364267491863527,0.24828747963084596,0.33806984545051877,0.1653551952877893
2024-05-12,0.49286458444744663,0.9880139620654216,0.0,-0.49514937761797495
2024-05-13,0.4042897472548691,0.3893897796668735,0.2063204730782574,0.01489996758799561
2024-05-14,0.5309376784120938,0.7326126992403987,0.0,-0.2016750208283049
2024-05-15,0.5951316749056815,0.6847251638810046,0.0,-0.08959348897532304
2024-05-16,0.00992382112783563,0.21208123747737773,0.7779949413947866,-0.2021574163495421
2024-05-17,0.4640951594535039,0.23899768021155132,0.2969071603349448,0.22509747924195256
2024-05-18,0.9634992408875883,0.2812845635530341,0.0,0.6822146773345542
2024-05-19,0.5190322801295487,0.4111272782593792,0.06984044161107206,0.10790500187016949
2024-05-20,0.6775422674589532,0.2343250656505268,0.08813266689052002,0.4432172018084264
2024-05-21,0.3118638579168832,0.019651482746847804,0.668484659336269,0.2922123751700354
2024-05-22,0.7739913781527625,0.8793930568071955,0.0,-0.10540167865443295
2024-05-23,0.7729214818761151,0.9656098313808841,0.0,-0.19268834950476899
2024-05-24,0.521296047654139,0.34157038703156795,0.1371335653142931,0.179725660622571
2024-05-25,0.9760138232792136,0.33850687942547286,0.0,0.6375069438537407
2024-05-26,0.12555021476265338,0.007091812774370987,0.8673579724629756,0.11845840198828239
2024-05-27,0.016947664889580993,0.680250688330374,0.30280164678004495,-0.6633030234407931
2024-05-28,0.770158211757096,0.8254398957486287,0.0,-0.05528168399153277
2024-05-29,0.8071555373648825,0.14660830036000316,0.04623616227511429,0.6605472370048794
2024-05-30,0.12020722912057624,0.15966634936715074,0.720126421512273,-0.0394591202465745
2024-05-31,0.2655828329586061,0.7900832499714378,0.0,-0.5245004170128317
2024-06-01,0.01755236336662891,0.6162907483541447,0.36615688827922643,-0.5987383849875157
2024-06-02,0.2933086107805647,0.04486055762771701,0.6618308315917183,0.24844805315284768
2024-06-03,0.7731418739186715,0.6225469904622817,0.0,0.15059488345638983
2024-06-04,0.5179605277125789,0.30891772284376606,0.173121749443655,0.20904280486881288
2024-06-05,0.3480955931682881,0.36872515547084594,0.28317925136086597,-0.020629562302557858
2024-06-06,0.3717392949063303,0.7697314182968802,0.0,-0.3979921233905499
2024-06-07,0.0013536257154681541,0.8109351926726106,0.18771118161192124,-0.8095815669571425
2024-06-08,0.2998005275652359,0.40035662683983064,0.29984284559493346,-0.10055609927459475
2024-06-09,0.6464587416379305,0.9471529360063548,0.0,-0.30069419436842426
2024-06-10,0.9741944438163571,0.40646271795207223,0.0,0.5677317258642849
2024-06-11,0.8470608269838995,0.7718360352301099,0.0,0.0752247917537896
2024-06-12,0.023594964645529126,0.48387726456425906,0.4925277707902118,-0.46028229991872993
2024-06-13,0.8985606046748393,0.897532326522084,0.0,0.001028278152755302
2024-06-14,0.7831984132986259,0.9077612436501786,0.0,-0.12456283035155269
2024-06-15,0.7803761235709804,0.08741680787108386,0.13220706855793574,0.6929593156998965
2024-06-16,0.4579957590035715,0.9364933313102257,0.0,-0.47849757230665424
2024-06-17,0.3980052929545028,0.8255348415204157,0.0,-0.42752954856591285
2024-06-18,0.3029157288331926,0.7913107143126669,0.0,-0.48839498547947424
2024-06-19,0.06569485895436578,0.20091133968552244,0.7333938013601118,-0.13521648073115666
2024-06-20,0.2282353634936991,0.8051192087546649,0.0,-0.5768838452609658
2024-06-21,0.24660363497802462,0.8501327346850368,0.0,-0.6035290997070122
2024-06-22,0.4840770697102016,0.28915033445415095,0.22677259583564746,0.19492673525605064
2024-06-23,0.747444406596694,0.9522600783623237,0.0,-0.20481567176562976
2024-06-24,0.4738098283979466,0.04986014639916425,0.47633002520288914,0.42394968199878236
2024-06-25,0.057844449447160606,0.14990925324713966,0.7922462973056997,-0.09206480379997906
2024-06-26,0.9577898009882039,0.5375811380515143,0.0,0.42020866293668957
2024-06-27,0.9427243190941123,0.5757924711223097,0.0,0.36693184797180256
2024-06-28,0.7851895431484084,0.6451500833009034,0.0,0.140039459847505
2024-06-29,0.9913279015642206,0.016969129315466458,0.0,0.9743587722487541
2024-06-30,0.5444823328002629,0.9603667746221303,0.0,-0.41588444182186735
2024-07-01,0.9627683502532061,0.04458809273414399,0.0,0.9181802575190621
2024-07-02,0.07560504061675077,0.14306195272340239,0.7813330066598468,-0.06745691210665161
2024-07-03,0.3656807482613713,0.01401451752605698,0.6203047342125717,0.35166623073531433
2024-07-04,0.22538126800676583,0.5668584332940947,0.20776029869913948,-0.34147716528732885
2024-07-05,0.19583308413427003,0.9322668839209722,0.0,-0.7364337997867022
2024-07-06,0.14080294889267608,0.6659471660804642,0.1932498850268597,-0.5251442171877881
2024-07-07,0.6224136415659967,0.8226574684804273,0.0,-0.20024382691443066
2024-07-08,0.7813218557473051,0.013281203458580082,0.20539694079411486,0.768040652288725
2024-07-09,0.5782983994203607,0.5420152984797261,0.0,0.03628310094063458
2024-07-10,0.14696270958820967,0.4595629775055219,0.39347431290626844,-0.3126002679173122
2024-07-11,0.8111237699334709,0.49896794422079305,0.0,0.31215582571267786
2024-07-12,0.6359547071637285,0.07221318533518795,0.29183210750108357,0.5637415218285405
2024-07-13,0.3881657061269955,0.6844353610693075,0.0,-0.29626965494231194
2024-07-14,0.674130295536063,0.5032204148586344,0.0,0.17090988067742852
2024-07-15,0.25990497924283285,0.765148849861264,0.0,-0.5052438706184311
2024-07-16,0.3451922084942105,0.48529063406171535,0.16951715744407414,-0.14009842556750485
2024-07-17,0.9174858431319902,0.14938163622643208,0.0,0.7681042069055581
2024-07-18,0.2905045056714204,0.648256954077822,0.06123854025075759,-0.35775244840640164
2024-07-19,0.4699882681579366,0.17238636210516622,0.3576253697368972,0.29760190605277037
2024-07-20,0.8901411373960146,0.8723945633548149,0.0,0.017746574041199725
2024-07-21,0.7077213502675275,0.6131162390692415,0.0,0.09460511119828596
2024-07-22,0.06220322616470275,0.15720388355695425,0.780592890278343,-0.0950006573922515
2024-07-23,0.14730304427897034,0.9623380574812068,0.0,-0.8150350132022365
2024-07-24,0.007841590771916818,0.5183654633353206,0.47379294589276255,-0.5105238725634038
2024-07-25,0.6309217902291634,0.072898451871655,0.2961797578991816,0.5580233383575084
2024-07-26,0.4476734254104183,0.6268329044150672,0.0,-0.1791594790046489
2024-07-27,0.13427485090227553,0.2531989070128102,0.6125262420849142,-0.11892405611053469
2024-07-28,0.9579341210567704,0.8036934518773025,0.0,0.154240669179468
2024-07-29,0.5296597239456199,0.8178220735661906,0.0,-0.28816234962057075
2024-07-30,0.24189329411288918,0.9789473558546619,0.0,-0.7370540617417727
2024-07-31,0.5006035711547075,0.5018695310245037,0.0,-0.0012659598697961627
2024-08-01,0.6796203327351078,0.45495687972773713,0.0,0.22466345300737067
2024-08-02,0.07623921797356448,0.7534756054464806,0.1702851765799549,-0.6772363874729161
2024-08-03,0.274703815047892,0.13247065634192656,0.5928255286101815,0.14223315870596542
2024-08-04,0.8069654908839936,0.5469155137931242,0.0,0.2600499770908694
2024-08-05,0.45966487040266124,0.5462476001308509,0.0,-0.0865827297281897
2024-08-06,0.5465771420322949,0.08947312281038722,0.3639497351573179,0.4571040192219077
2024-08-07,0.43281600220946925,0.41798408550691357,0.14919991228361718,0.01483191670255568
2024-08-08,0.04389994264300512,0.853284798567202,0.10281525878979292,-0.8093848559241968
2024-08-09,0.16574977982015593,0.8561536219946603,0.0,-0.6904038421745043
2024-08-10,0.4455416387418909,0.099237664919681,0.4552206963384281,0.3463039738222099
2024-08-11,0.20918546540792782,0.09072088274783086,0.7000936518442413,0.11846458266009696
2024-08-12,0.04997902865967874,0.2626954770019353,0.687325494338386,-0.21271644834225656
2024-08-13,0.8436496640518237,0.8747660625539935,0.0,-0.03111639850216974
2024-08-14,0.9811925291641158,0.12890258507349894,0.0,0.8522899440906169
2024-08-15,0.7931428739967394,0.7199968026274463,0.0,0.07314607136929319
2024-08-16,0.853784921704667,0.10116561961310322,0.04504945868222976,0.7526193020915638
2024-08-17,0.24197713031704537,0.6231378537478254,0.13488501593512925,-0.38116072343078
2024-08-18,0.9606269755131998,0.3560672991191448,0.0,0.604559676394055
2024-08-19,0.19692570445342839,0.788913962965867,0.014160332580704593,-0.5919882585124386
2024-08-20,0.9514298103618323,0.2336904488253636,0.0,0.7177393615364687
2024-08-21,0.994819293965951,0.6392018293899598,0.0,0.3556174645759912
2024-08-22,0.7117228057460487,0.23568253457588495,0.05259465967806631,0.4760402711701638
2024-08-23,0.9811437317918219,0.7136602831121538,0.0,0.2674834486796681
2024-08-24,0.5695397795671037,0.8736780345607488,0.0,-0.3041382549936451
2024-08-25,0.25954178317609033,0.12680179912676004,0.6136564176971496,0.1327399840493303
2024-08-26,0.43699588566562086,0.8665956885955035,0.0,-0.42959980292988265
2024-08-27,0.593560935378786,0.5935752544142979,0.0,-1.4319035511967115e-05
2024-08-28,0.07308156202701499,0.12711049086702397,0.799807947105961,-0.05402892884000898
2024-08-29,0.6223432646172461,0.427541855359712,0.0,0.19480140925753409
2024-08-30,0.9811778367622945,0.1608602934850979,0.0,0.8203175432771966
2024-08-31,0.19010764978372763,0.7003478888665695,0.10954446134970286,-0.5102402390828419
2024-09-01,0.7925951162883833,0.7588681344179496,0.0,0.03372698187043366
2024-09-02,0.9078987937796194,0.10579652027279896,0.0,0.8021022735068204
2024-09-03,0.9437015928202208,0.5061398526946443,0.0,0.43756174012557647
2024-09-04,0.9601356044054472,0.8146250560259172,0.0,0.14551054837953004
2024-09-05,0.5214596387214719,0.9361630415509965,0.0,-0.41470340282952456
2024-09-06,0.9773079079915037,0.51351786674177,0.0,0.46379004124973366
2024-09-07,0.7573102071344389,0.950279223611407,0.0,-0.19296901647696818
2024-09-08,0.1616714362369619,0.5356889704560298,0.3026395933070083,-0.3740175342190679
2024-09-09,0.47690010646797,0.39419049459990796,0.12890939893212205,0.08270961186806203
2024-09-10,0.718331175372004,0.8482031285528955,0.0,-0.1298719531808915
2024-09-11,0.24734031581908333,0.49298271045808906,0.2596769737228276,-0.24564239463900572
2024-09-12,0.6406151835488874,0.47190251056452304,0.0,0.16871267298436432
2024-09-13,0.6666004790466192,0.4903124894098283,0.0,0.17628798963679093
2024-09-14,0.1626997438085659,0.8467850018697454,0.0,-0.6840852580611795
2024-09-15,0.5650853124527563,0.8319415416880521,0.0,-0.26685622923529584
2024-09-16,0.7716269109786077,0.4035199924402112,0.0,0.3681069185383965
2024-09-17,0.4988956645359419,0.333299859870525,0.16780447559353306,0.1655958046654169
2024-09-18,0.012103116776107425,0.4919280240391293,0.4959688591847633,-0.47982490726302185
2024-09-19,0.009038469079292177,0.572772509737109,0.4181890211835988,-0.5637340406578168
2024-09-20,0.3570293439700122,0.23833721062799695,0.40463344540199087,0.11869213334201523
2024-09-21,0.926194068431782,0.7939550847155906,0.0,0.13223898371619136
2024-09-22,0.22867677960360877,0.4864827657324229,0.28484045466396835,-0.2578059861288141
2024-09-23,0.6343636888716871,0.3340455484199596,0.03159076270835326,0.30031814045172756
2024-09-24,0.22207587069332058,0.10682099296399061,0.6711031363426888,0.11525487772932996
2024-09-25,0.3216699896595486,0.23884516040360693,0.43948484993684445,0.0828248292559417
2024-09-26,0.848042089601484,0.9492811717559837,0.0,-0.10123908215449973
2024-09-27,0.7288614422699469,0.3050996868195266,0.0,0.4237617554504203
2024-09-28,0.09539927731321063,0.16885928936703531,0.7357414333197541,-0.07346001205382469
2024-09-29,0.4287020209864336,0.4606727916549932,0.11062518735857318,-0.03197077066855958
2024-09-30,0.029169763645264468,0.3070877433602487,0.6637424929944868,-0.2779179797149842
2024-10-01,0.480890146603009,0.035159250271194153,0.48395060312579685,0.44573089633181484
2024-10-02,0.6624340117010681,0.32314521727941725,0.014420771019514667,0.33928879442165083
2024-10-03,0.11850262359815156,0.5441086239394686,0.33738875246237987,-0.425606000341317
2024-10-04,0.28888493890916567,0.5517123720199669,0.1594026890708674,-0.26282743311080126
2024-10-05,0.3978366255021569,0.3565589211768887,0.24560445332095437,0.04127770432526823
2024-10-06,0.9195310246560497,0.44730275625260063,0.0,0.4722282684034491
2024-10-07,0.993255015422964,0.9655179182347664,0.0,0.027737097188197612
2024-10-08,0.044911298995615856,0.3773484772303116,0.5777402237740725,-0.33243717823469576
2024-10-09,0.761007923495392,0.258226813259983,0.0,0.5027811102354091
2024-10-10,0.37172406640234323,0.24346704406676012,0.38480888953089665,0.12825702233558312
2024-10-11,0.39245818622948003,0.45776461270413416,0.1497772010663858,-0.06530642647465412
2024-10-12,0.7542649733470227,0.7595201487169441,0.0,-0.005255175369921372
2024-10-13,0.9184264321454086,0.2059881841884732,0.0,0.7124382479569354
2024-10-14,0.9509285945025484,0.7092961271407681,0.0,0.24163246736178035
2024-10-15,0.5771225860383208,0.021149823349416286,0.40172759061226293,0.5559727626889045
2024-10-16,0.3571211593005028,0.418932977983946,0.22394586271555117,-0.06181181868344321
2024-10-17,0.7875490858587793,0.7758650652027869,0.0,0.011684020655992389
2024-10-18,0.25100138326230026,0.3387329557744314,0.41026566096326833,-0.08773157251213115
2024-10-19,0.5640740288335178,0.5637371014453995,0.0,0.00033692738811830214
2024-10-20,0.35857846152487316,0.2049792328259108,0.43644230564921604,0.15359922869896236
2024-10-21,0.6566310737078761,0.7419953911261723,0.0,-0.0853643174182962
2024-10-22,0.2403989128935069,0.05227910326875962,0.7073219838377335,0.18811980962474728
2024-10-23,0.19159294573482577,0.8525426448755004,0.0,-0.6609496991406746
2024-10-24,0.9182390866754371,0.19819638642166815,0.0,0.7200427002537689
2024-10-25,0.1018036829495369,0.8743980317083307,0.023798285342132353,-0.7725943487587938
2024-10-26,0.5059579077349317,0.3525292413005173,0.14151285096455102,0.15342866643441433
2024-10-27,0.22085278296300892,0.7226835744744866,0.05646364256250447,-0.5018307915114777
2024-10-28,0.03892996332566745,0.31922529778618847,0.6418447388881441,-0.280295334460521
2024-10-29,0.03601881829142639,0.9059116712346476,0.058069510473926056,-0.8698928529432212
2024-10-30,0.17522177210582734,0.12663712551837436,0.6981411023757983,0.048584646587452984
2024-10-31,0.8667703545060003,0.1785197892725987,0.0,0.6882505652334016
2024-11-01,0.28247874397702666,0.4930301251588023,0.22449113086417105,-0.21055138118177563
2024-11-02,0.9504591705752957,0.08193843903814613,0.0,0.8685207315371496
2024-11-03,0.5816222929891935,0.19598018470176193,0.22239752230904453,0.3856421082874316
2024-11-04,0.4366141897687661,0.9437663822120144,0.0,-0.5071521924432483
2024-11-05,0.5800888346694546,0.9764896611478872,0.0,-0.39640082647843256
2024-11-06,0.5166983852262678,0.37625932933042194,0.10704228544331029,0.14043905589584582
2024-11-07,0.7587762537573252,0.9232860210139356,0.0,-0.16450976725661048
2024-11-08,0.28249606597285226,0.5448246756734317,0.172679258353716,-0.2623286097005795
2024-11-09,0.3530503916003024,0.26974246587376705,0.37720714252593057,0.08330792572653534
2024-11-10,0.8940943025332507,0.7023987210805986,0.0,0.1916955814526521
2024-11-11,0.9464565131504055,0.6589018065748572,0.0,0.28755470657554827
2024-11-12,0.8925582274864745,0.9891253191087334,0.0,-0.09656709162225885
2024-11-13,0.4194479939573136,0.2650472874092833,0.3155047186334031,0.1544007065480303
2024-11-14,0.7803655030068817,0.6720595026617354,0.0,0.10830600034514626
2024-11-15,0.4763357333010988,0.052023755029446894,0.4716405116694543,0.4243119782716519
2024-11-16,0.4975398521461022,0.11364603869671941,0.3888141091571784,0.3838938134493828
2024-11-17,0.20468010905728395,0.003918374951093262,0.7914015159916228,0.2007617341061907
2024-11-18,0.5911303032585165,0.9994606810596731,0.0,-0.40833037780115666
2024-11-19,0.18613589775334793,0.8022736971474778,0.011590405099174306,-0.6161377993941298
2024-11-20,0.33156469906719377,0.7867230147335408,0.0,-0.455158315666347
2024-11-21,0.8550302016199351,0.5097260752881797,0.0,0.34530412633175545
2024-11-22,0.20707580921085522,0.30006708290543993,0.49285710788370485,-0.09299127369458471
2024-11-23,0.07115828517343281,0.15126428446267592,0.7775774303638913,-0.08010599928924311
2024-11-24,0.0690075926128163,0.28467473884646366,0.64631766854072,-0.21566714623364736
2024-11-25,0.9407845205031079,0.3759712219291391,0.0,0.5648132985739688
2024-11-26,0.5069204379618346,0.756310096980294,0.0,-0.24938965901845944
2024-11-27,0.40941207181701833,0.5396617889031524,0.05092613927982925,-0.1302497170861341
2024-11-28,0.8108785810079184,0.07748362655548269,0.11163779243659888,0.7333949544524357
2024-11-29,0.835825927910516,0.01802900895891224,0.14614506313057174,0.8177969189516038
2024-11-30,0.3321910331156046,0.10233217953406315,0.5654767873503322,0.22985885358154146
2024-12-01,0.6936180574737952,0.41049871369737934,0.0,0.2831193437764159
2024-12-02,0.7711228158518866,0.9331929170490183,0.0,-0.16207010119713172
2024-12-03,0.6546506868659545,0.6374024812092216,0.0,0.017248205656732907
2024-12-04,0.15159507480009937,0.8018258998755151,0.046579025324385515,-0.6502308250754157
2024-12-05,0.875883083517057,0.46637459450454855,0.0,0.40950848901250847
2024-12-06,0.5390945527360087,0.3616660831950428,0.09923936406894851,0.17742846954096592
2024-12-07,0.2824724263700037,0.10840037271662273,0.6091272009133736,0.17407205365338096
2024-12-08,0.4252281854376939,0.875933022186205,0.0,-0.45070483674851103
2024-12-09,0.03757109039890738,0.7831600290279028,0.1792688805731898,-0.7455889386289954
2024-12-10,0.12786680122241756,0.1681180975977251,0.7040151011798573,-0.040251296375307555
2024-12-11,0.7655467505158609,0.5122605638762605,0.0,0.25328618663960034
2024-12-12,1.1634755366141114e-05,0.4873748079212449,0.512613557323389,-0.48736317316587874
2024-12-13,0.4165658284822922,0.6250915526865286,0.0,-0.20852572420423643
2024-12-14,0.5225101810855884,0.9461868939912612,0.0,-0.42367671290567277
2024-12-15,0.054634420000972295,0.5797714417624796,0.36559413823654807,-0.5251370217615073
2024-12-16,0.9730781629723328,0.5402172667786186,0.0,0.43286089619371426
2024-12-17,0.22612533124967193,0.050322932934663944,0.7235517358156641,0.175802398315008
2024-12-18,0.30419871963628087,0.06290747601802393,0.6328938043456952,0.24129124361825693
2024-12-19,0.30394251225502733,0.1873467913267889,0.5087106964181838,0.11659572092823844
2024-12-20,0.2304166621173499,0.03247077169174828,0.7371125661909018,0.19794589042560162
2024-12-21,0.001473822086311416,0.7433528955700124,0.2551732823436762,-0.741879073483701
2024-12-22,0.7293447940879964,0.7233303039939631,0.0,0.006014490094033209
2024-12-23,0.9668454997992854,0.13605623443164294,0.0,0.8307892653676424
2024-12-24,0.22429348328504506,0.8360789007952809,0.0,-0.6117854175102359
2024-12-25,0.6630471918034224,0.15478603484611198,0.1821667733504656,0.5082611569573104
2024-12-26,0.7418963269587151,0.3011755869973588,0.0,0.4407207399613563
2024-12-27,0.8484253790905247,0.248976899161365,0.0,0.5994484799291597
2024-12-28,0.4226291970136091,0.3723070985730478,0.2050637044133431,0.05032209844056135
2024-12-29,0.30293090564042924,0.25466376588996187,0.4424053284696089,0.04826713975046737
2024-12-30,0.3252951340230311,0.48895092643845206,0.18575393953851682,-0.16365579241542094
2024-12-31,0.7126213330985128,0.4074078813546854,0.0,0.3052134517438274
2025-01-01,0.816779466505636,0.9865694907793265,0.0,-0.1697900242736905
2025-01-02,0.18161396775660266,0.055926350128225666,0.7624596821151717,0.125687617628377
2025-01-03,0.3709410081577652,0.14218137638735162,0.4868776154548832,0.22875963177041359
2025-01-04,0.90194019674915,0.052825893908602484,0.04523390934224747,0.8491143028405476
2025-01-05,0.8066935196947392,0.6258411949823758,0.0,0.18085232471236345
2025-01-06,0.9848584027624758,0.05450927741371958,0.0,0.9303491253487562
2025-01-07,0.7542482596820808,0.8364397373761233,0.0,-0.08219147769404256
2025-01-08,0.39319520102792227,0.5119386306819278,0.09486616829014993,-0.11874342965400553
2025-01-09,0.5906378339946378,0.5270076245815337,0.0,0.06363020941310404
2025-01-10,0.6610142542473203,0.5615945077121942,0.0,0.09941974653512609
2025-01-11,0.07845581631712395,0.17081370630621073,0.7507304773766653,-0.09235788998908678
2025-01-12,0.5444969591038651,0.19769030311448754,0.25781273778164737,0.34680665598937754
2025-01-13,0.7093208284726096,0.3188173228730047,0.0,0.3905035055996049
2025-01-14,0.16732130400106038,0.5934964158218514,0.2391822801770882,-0.42617511182079104
2025-01-15,0.7806317174255571,0.21011777594021452,0.009250506634228328,0.5705139414853426
2025-01-16,0.5837727805141116,0.11633172713326123,0.29989549235262714,0.4674410533808504
2025-01-17,0.9522217856975946,0.9701168864184322,0.0,-0.017895100720837553
2025-01-18,0.042422298206891695,0.021981814809622913,0.9355958869834854,0.020440483397268783
2025-01-19,0.26532613755546697,0.8026974053360216,0.0,-0.5373712677805547
2025-01-20,0.6015538792998241,0.7880351495750221,0.0,-0.186481270275198
2025-01-21,0.2965599122059307,0.297214113845096,0.4062259739489733,-0.0006542016391652972
2025-01-22,0.7144241640712422,0.1356266160073134,0.1499492199214444,0.5787975480639288
2025-01-23,0.759005282521931,0.14562864670542341,0.09536607077264558,0.6133766358165076
2025-01-24,0.10251596406647445,0.6974316172371925,0.20005241869633306,-0.594915653170718
2025-01-25,0.5138544642067677,0.6428065910861737,0.0,-0.12895212687940594
2025-01-26,0.5088905555910559,0.7827456742513867,0.0,-0.27385511866033085
2025-01-27,0.36928077021554107,0.9374811723991047,0.0,-0.5682004021835636
2025-01-28,0.9329248625696721,0.691927363266592,0.0,0.24099749930308012
2025-01-29,0.8275063198732212,0.15585153655144346,0.016642143575335333,0.6716547833217777
2025-01-30,0.6972093819096368,0.24344261676541068,0.05934800132495255,0.4537667651442261
2025-01-31,0.7143266357349976,0.8421937308731146,0.0,-0.127867095138117
2025-02-01,0.4617161438131191,0.20930607583420857,0.32897778035267233,0.2524100679789105
2025-02-02,0.9209945210965759,0.07252231695448141,0.006483161948942717,0.8484722041420945
2025-02-03,0.6945954272532854,0.7032800540422505,0.0,-0.008684626788965089
2025-02-04,0.7289810616558164,0.40252635549014204,0.0,0.3264547061656744
2025-02-05,0.8616909037873453,0.9200400525459036,0.0,-0.058349148758558345
2025-02-06,0.274071589342191,0.6502550710936615,0.07567333956414746,-0.37618348175147054
2025-02-07,0.807070903866703,0.09041897779166075,0.10251011834163626,0.7166519260750422
2025-02-08,0.19524060295649204,0.9478565672536607,0.0,-0.7526159642971687
2025-02-09,0.34534195224488784,0.2585572636402459,0.39610078411486627,0.08678468860464195
2025-02-10,0.3356104542698427,0.33721249040628576,0.32717705532387154,-0.0016020361364430524
2025-02-11,0.9785254683891406,0.40226041368354204,0.0,0.5762650547055985
2025-02-12,0.8565372237479268,0.05122429640431325,0.0922384798477599,0.8053129273436136
2025-02-13,0.7011698615902597,0.49651542223060485,0.0,0.20465443935965488
2025-02-14,0.7270567616153901,0.12331849107529225,0.14962474730931763,0.6037382705400979
2025-02-15,0.5620727944025711,0.40097032668835175,0.03695687890907717,0.16110246771421932
2025-02-16,0.9470906671085191,0.3507097879920843,0.0,0.5963808791164348
2025-02-17,0.49625875288236154,0.7728400834265033,0.0,-0.2765813305441418
2025-02-18,0.3805177098698945,0.8031705116327311,0.0,-0.4226528017628366
2025-02-19,0.163035336931591,0.153412882389088,0.683551780679321,0.00962245454250299
2025-02-20,0.786205652261058,0.3665511873792262,0.0,0.4196544648818318
2025-02-21,0.7344439320755914,0.3733531610318317,0.0,0.36109077104375975
2025-02-22,0.3843550385241349,0.15141044393608505,0.46423451753978007,0.23294459458804984
2025-02-23,0.02519341395922936,0.7984535050511905,0.17635308098958014,-0.7732600910919611
2025-02-24,0.8389973277180107,0.7072283283354233,0.0,0.13176899938258746
2025-02-25,0.011417983454073632,0.19038178629703473,0.7982002302488916,-0.1789638028429611
2025-02-26,0.703699779629051,0.36672190859379905,0.0,0.3369778710352519
2025-02-27,0.970257109726057,0.10580502485651422,0.0,0.8644520848695428
2025-02-28,0.43766132814820347,0.6282065970930439,0.0,-0.19054526894484047
2025-03-01,0.23497340499595276,0.12137192454861967,0.6436546704554276,0.11360148044733309
2025-03-02,0.7048710100433817,0.9859341686249178,0.0,-0.2810631585815361
2025-03-03,0.8171281420155851,0.7806820746878623,0.0,0.03644606732772282
2025-03-04,0.5464303160778473,0.39023854958399506,0.06333113433815762,0.15619176649385225
2025-03-05,0.9670352752561462,0.5785639322793544,0.0,0.38847134297679176
2025-03-06,0.0516687216579611,0.9113418162164088,0.036989462125630146,-0.8596730945584476
2025-03-07,0.5047955983045281,0.5540992803958261,0.0,-0.049303682091297985
2025-03-08,0.7184539473225501,0.17449848639795518,0.10704756627949474,0.5439554609245949
2025-03-09,0.862640471149179,0.3787033555811593,0.0,0.48393711556801966
2025-03-10,0.17925561190779005,0.8431448650297454,0.0,-0.6638892531219553
2025-03-11,0.8000034817636814,0.6442130159896179,0.0,0.15579046577406352
2025-03-12,0.5527070757185453,0.6507243843338003,0.0,-0.09801730861525504
2025-03-13,0.3965536819899632,0.8668214856884892,0.0,-0.47026780369852594
2025-03-14,0.13171502857909356,0.8939730574625047,0.0,-0.7622580288834111
2025-03-15,0.8652957589089124,0.9197925717794363,0.0,-0.05449681287052388
2025-03-16,0.15727320817971535,0.0948491932531561,0.7478775985671285,0.062424014926559246
2025-03-17,0.30978785920909924,0.5441260019631009,0.14608613882779986,-0.23433814275400167
2025-03-18,0.2900455319624369,0.7405095212183186,0.0,-0.4504639892558817
2025-03-19,0.8714140341908543,0.7569268451270138,0.0,0.11448718906384048
2025-03-20,0.672702994208898,0.6067162019700039,0.0,0.06598679223889414
2025-03-21,0.7966813971913723,0.16678733518367417,0.03653126762495351,0.6298940620076982
2025-03-22,0.250467898792499,0.7974205539416643,0.0,-0.5469526551491654
2025-03-23,0.6248740996069989,0.7201113335149457,0.0,-0.0952372339079468
2025-03-24,0.5717459831437487,0.08613577154903629,0.342118245307215,0.4856102115947124
2025-03-25,0.8328303767882711,0.46380982467437626,0.0,0.36902055211389484
2025-03-26,0.9060870604812605,0.17397739952180358,0.0,0.732109660959457
2025-03-27,0.012156771477386807,0.3374770457129719,0.6503661828096413,-0.32532027423558507
2025-03-28,0.6740199190587927,0.018081092205685434,0.3078989887355219,0.6559388268531072
2025-03-29,0.05183579911972902,0.40032986841075824,0.5478343324695127,-0.3484940692910292
2025-03-30,0.5488586650773559,0.5498769211562105,0.0,-0.0010182560788545292
2025-03-31,0.2876327290436782,0.6195825928270868,0.09278467812923497,-0.3319498637834086
2025-04-01,0.3067765995221412,0.6634903451287101,0.029733055349148718,-0.3567137456065689
2025-04-02,0.3529585034523566,0.83629131310246,0.0,-0.4833328096501034
2025-04-03,0.6212924490496101,0.21546290727573003,0.16324464367465985,0.4058295417738801
2025-04-04,0.3340499656687692,0.12048182243846794,0.5454682118927628,0.21356814323030127
2025-04-05,0.7326990505902804,0.8515371718979257,0.0,-0.11883812130764526
2025-04-06,0.4045273855738697,0.1566128148926499,0.4388597995334804,0.2479145706812198
2025-04-07,0.06835320030995862,0.9747600813361953,0.0,-0.9064068810262367
2025-04-08,0.7837598424841072,0.842538229398637,0.0,-0.058778386914529746
2025-04-09,0.285758324592706,0.5008766058895991,0.21336506951769485,-0.21511828129689314
2025-04-10,0.43276687959926263,0.9814214249220252,0.0,-0.5486545453227626
2025-04-11,0.6854438832219015,0.09737672910800421,0.21717938767009426,0.5880671541138973
2025-04-12,0.332456157148712,0.30306576117510164,0.36447808167618634,0.029390395973610373
2025-04-13,0.056585656146715624,0.6382244150406114,0.30518992881267293,-0.5816387588938958
2025-04-14,0.3739210470128136,0.35000686847317874,0.27607208451400767,0.023914178539634845
2025-04-15,0.9444485826943034,0.9283725519807918,0.0,0.016076030713511602
2025-04-16,0.6417343972985582,0.06562608817781757,0.29263951452362424,0.5761083091207406
2025-04-17,0.6714791486672069,0.5494118320609646,0.0,0.12206731660624237
2025-04-18,0.6322821536376398,0.5908662673951145,0.0,0.041415886242525346
2025-04-19,0.1989921389594368,0.6527281237772241,0.1482797372633391,-0.4537359848177873
2025-04-20,0.41833386410228013,0.25566622333181444,0.32599991256590544,0.1626676407704657
2025-04-21,0.7509397983633183,0.36456642751986446,0.0,0.3863733708434538
2025-04-22,0.10137289755315915,0.8436805296649776,0.05494657278186321,-0.7423076321118185
2025-04-23,0.27785277608971226,0.19494276897015983,0.5272044549401279,0.08291000711955243
2025-04-24,0.2763191084658536,0.826867847173362,0.0,-0.5505487387075084
2025-04-25,0.432018927594506,0.5626554229027424,0.005325649502751606,-0.1306364953082364
2025-04-26,0.9803687409421851,0.7621875111940821,0.0,0.21818122974810295
2025-04-27,0.06750254668382194,0.7136073662634715,0.21889008705270652,-0.6461048195796496
2025-04-28,0.518700994380595,0.207511495384879,0.27378751023452597,0.311189498995716
2025-04-29,0.17936468201221045,0.5688127364338729,0.2518225815539167,-0.3894480544216624
2025-04-30,0.9706765454097441,0.8677231528050924,0.0,0.10295339260465175
2025-05-01,0.1133035047274642,0.43211623680192934,0.45458025847060646,-0.31881273207446514
2025-05-02,0.40360100236159124,0.9665907702233167,0.0,-0.5629897678617255
2025-05-03,0.7378849848346062,0.45221510010171806,0.0,0.2856698847328881
2025-05-04,0.7045544280274453,0.14278563666788469,0.15265993530467004,0.5617687913595606
2025-05-05,0.42272863689393225,0.38943468007767323,0.1878366830283945,0.03329395681625902
2025-05-06,0.34652416795271823,0.9517024063905372,0.0,-0.6051782384378189
2025-05-07,0.39761237855287057,0.31972084933985423,0.2826667721072752,0.07789152921301634
2025-05-08,0.2642762631586393,0.8680981598670628,0.0,-0.6038218967084236
2025-05-09,0.2053329387067998,0.8812506816818898,0.0,-0.67591774297509
2025-05-10,0.48303969755889,0.35018652433196107,0.16677377810914895,0.1328531732269289
2025-05-11,0.2685337560676073,0.08325765805063212,0.6482085858817606,0.1852760980169752
2025-05-12,0.2874616648972501,0.7245579091588182,0.0,-0.4370962442615681
2025-05-13,0.6567560634745571,0.311512299013986,0.03173163751145691,0.34524376446057103
2025-05-14,0.9685373316998922,0.7829236142575724,0.0,0.1856137174423198
2025-05-15,0.6036372005593751,0.4426548482604331,0.0,0.16098235229894198
2025-05-16,0.07697946706496628,0.48526674234262157,0.43775379059241215,-0.4082872752776553
2025-05-17,0.07558361385406698,0.7779094067485368,0.1465069793973962,-0.7023257928944698
2025-05-18,0.951423220845566,0.3823633310616279,0.0,0.5690598897839381
2025-05-19,0.29729079030733363,0.44312734532291453,0.25958186436975184,-0.1458365550155809
2025-05-20,0.09206698608247543,0.37619046876962214,0.5317425451479024,-0.2841234826871467
2025-05-21,0.5990445871503816,0.36734051527727996,0.03361489757233849,0.2317040718731016
2025-05-22,0.6236487782902661,0.5259465769014594,0.0,0.0977022013888067
2025-05-23,0.6485048201186882,0.8087994445011507,0.0,-0.16029462438246256
2025-05-24,0.2674020278575413,0.36176831192256587,0.37082966021989283,-0.09436628406502456
2025-05-25,0.015110684214475034,0.5242547205377367,0.46063459524778827,-0.5091440363232617
2025-05-26,0.9650153694544719,0.6707273254426008,0.0,0.29428804401187103
2025-05-27,0.2508930456911025,0.269439446303655,0.4796675080052425,-0.018546400612552527
2025-05-28,0.6760262880525475,0.27752280490239256,0.04645090704505994,0.39850348315015494
2025-05-29,0.7066298698787096,0.9334131270234548,0.0,-0.22678325714474523
2025-05-30,0.6100074170794857,0.7235345733310886,0.0,-0.11352715625160292
2025-05-31,0.3129073942136482,0.5771866762233089,0.1099059295630429,-0.26427928200966067
2025-06-01,0.27109625376406576,0.647720054420612,0.08118369181532226,-0.3766238006565462
2025-06-02,0.5976682827027031,0.029299443103418366,0.3730322741938785,0.5683688395992847
2025-06-03,0.8660956336116915,0.6181029655616969,0.0,0.24799266804999465
2025-06-04,0.9467337289233956,0.5095088732242019,0.0,0.43722485569919367
2025-06-05,0.10590580440375763,0.5457496797794357,0.3483445158168067,-0.43984387537567804
2025-06-06,0.15482861259771985,0.3594238268308171,0.48574756057146307,-0.20459521423309723
2025-06-07,0.9447362587830797,0.08147389771294189,0.0,0.8632623610701378
2025-06-08,0.7365352283347926,0.19333923361205219,0.07012553805315525,0.5431959947227404
2025-06-09,0.8829938248297731,0.9507447132126717,0.0,-0.06775088838289867
2025-06-10,0.20263263413534316,0.40869956227093396,0.3886678035937229,-0.2060669281355908
2025-06-11,0.5875858711094019,0.46668315583086417,0.0,0.12090271527853769
2025-06-12,0.7011395944174736,0.05270978985343899,0.24615061572908736,0.6484298045640347
2025-06-13,0.6801118854469727,0.03756622954398059,0.28232188500904676,0.6425456559029921
2025-06-14,0.4081516908666981,0.7171814470467577,0.0,-0.30902975618005957
2025-06-15,0.015394891691308477,0.5380946641211113,0.44651044418758024,-0.5226997724298028
2025-06-16,0.5829260568042631,0.5087059842162667,0.0,0.07422007258799646
2025-06-17,0.25310153917960876,0.24312453042266868,0.5037739303977226,0.009977008756940076
2025-06-18,0.45025424614289034,0.7447507316299222,0.0,-0.2944964854870319
2025-06-19,0.9575810150838173,0.16823657910849188,0.0,0.7893444359753254
2025-06-20,0.3990353176424347,0.18993474366102003,0.41102993869654525,0.20910057398141468
2025-06-21,0.8398016066644267,0.46071217134827547,0.0,0.37908943531615125
2025-06-22,0.18854060574925113,0.2862798621119409,0.525179532138808,-0.09773925636268976
2025-06-23,0.6724604980250288,0.24746298123314636,0.08007652074182481,0.42499751679188247
2025-06-24,0.9770069544389435,0.6452376445533317,0.0,0.3317693098856118
2025-06-25,0.10189310087293679,0.6509717452185445,0.2471351539085187,-0.5490786443456077
2025-06-26,0.008319942227192012,0.8245170697999292,0.16716298797287876,-0.8161971275727372
2025-06-27,0.43358279263261434,0.41770856697297587,0.14870864039440979,0.015874225659638475
2025-06-28,0.0926254830513672,0.07308509102615024,0.8342894259224826,0.019540392025216957
2025-06-29,0.7483843496762314,0.2736663849214577,0.0,0.4747179647547737
2025-06-30,0.9145486638485589,0.9800054631968169,0.0,-0.06545679934825799
2025-07-01,0.43402097270875883,0.5962585752327021,0.0,-0.16223760252394326
2025-07-02,0.25871164215544096,0.7097370848010203,0.031551273043538774,-0.4510254426455793
2025-07-03,0.4344033190066098,0.007357829625414536,0.5582388513679757,0.42704548938119524
2025-07-04,0.723447817850001,0.5182057321825209,0.0,0.20524208566748015
2025-07-05,0.009054161580370979,0.03752865753180312,0.9534171808878259,-0.028474495951432144
2025-07-06,0.5894539894846972,0.569230212091448,0.0,0.02022377739324921
2025-07-07,0.6132916848873791,0.9207708496360754,0.0,-0.3074791647486963
2025-07-08,0.6376882468959355,0.9684191305004078,0.0,-0.33073088360447234
2025-07-09,0.2420220799808772,0.5405526753889242,0.21742524463019863,-0.29853059540804694
2025-07-10,0.7140527233781268,0.45820480525221596,0.0,0.2558479181259108
2025-07-11,0.0913914863317764,0.945017094248494,0.0,-0.8536256079167176
2025-07-12,0.1992703364668008,0.6736098319966951,0.12711983153650408,-0.4743394955298943
2025-07-13,0.8774700466544819,0.06489927953840946,0.05763067380710862,0.8125707671160725
2025-07-14,0.7387231507265664,0.46572557766749756,0.0,0.2729975730590688
2025-07-15,0.013745554011345251,0.2402450184643039,0.7460094275243508,-0.22649946445295865
2025-07-16,0.2483762603698002,0.46980432144868156,0.28181941818151823,-0.22142806107888136
2025-07-17,0.21440648299316456,0.45546557200636173,0.3301279450004737,-0.24105908901319717
2025-07-18,0.2708063280369726,0.582144802814742,0.1470488691482854,-0.31133847477776944
2025-07-19,0.2475597702798864,0.35677049034925123,0.39566973937086236,-0.10921072006936483
2025-07-20,0.06252629574284574,0.16427044945592806,0.7732032548012262,-0.10174415371308232
2025-07-21,0.45894051659682034,0.5037194345899563,0.03734004881322339,-0.044778917993135936
2025-07-22,0.7327334747861651,0.8302028843457621,0.0,-0.09746940955959693
2025-07-23,0.6067317247174364,0.6640122280676023,0.0,-0.05728050335016588
2025-07-24,0.6728716685980798,0.33836786592521584,0.0,0.33450380267286395
2025-07-25,0.08114917853623915,0.9355230227588572,0.0,-0.8543738442226181
2025-07-26,0.9514907101767872,0.9122075712491822,0.0,0.039283138927605044
2025-07-27,0.8384918338430248,0.20934839938409877,0.0,0.6291434344589261
2025-07-28,0.8050903184956627,0.039417585120362975,0.15549209638397432,0.7656727333752997
2025-07-29,0.8229838050417675,0.7413087083507622,0.0,0.08167509669100526
2025-07-30,0.9327105081327614,0.8276102613491533,0.0,0.10510024678360808
2025-07-31,0.5442539661136977,0.9678645659513553,0.0,-0.4236105998376576
2025-08-01,0.2002820178676259,0.8898363940883107,0.0,-0.6895543762206848
2025-08-02,0.6167836078525412,0.6005347682064148,0.0,0.016248839646126334
2025-08-03,0.742881493667939,0.5300523392123808,0.0,0.21282915445555817
2025-08-04,0.7379173933540254,0.02784105126258629,0.2342415553833883,0.7100763420914391
2025-08-05,0.5214490241668801,0.24665644684477783,0.23189452898834206,0.27479257732210227
2025-08-06,0.06845871933357806,0.45961475173292643,0.4719265289334955,-0.3911560323993484
2025-08-07,0.3711129384301278,0.6285039000835678,0.0003831614863043509,-0.25739096165344
2025-08-08,0.9207666084633573,0.5572518333184107,0.0,0.3635147751449467
2025-08-09,0.584448909757426,0.7426359896816905,0.0,-0.1581870799242645
2025-08-10,0.5383319432557134,0.27976693088704085,0.18190112585724572,0.2585650123686726
2025-08-11,0.2688535143821935,0.5649526076524732,0.16619387796533325,-0.2960990932702797
2025-08-12,0.3684489199165789,0.08814224339079213,0.543408836692629,0.2803066765257868
2025-08-13,0.8953460891531693,0.41366552358320696,0.0,0.4816805655699623
2025-08-14,0.6664630475268357,0.750160832954601,0.0,-0.08369778542776529
2025-08-15,0.7873870267523329,0.693400853429044,0.0,0.09398617332328885
2025-08-16,0.45434542306765513,0.990642737172179,0.0,-0.5362973141045239
2025-08-17,0.6302472194561579,0.277891125987756,0.09186165455608608,0.3523560934684019
2025-08-18,0.24838360874320753,0.49818929917397914,0.25342709208281333,-0.2498056904307716
2025-08-19,0.7054608302834863,0.3295304137739967,0.0,0.37593041650948955
2025-08-20,0.4276013337033373,0.44060311405917474,0.13179555223748796,-0.013001780355837433
2025-08-21,0.4425455148147456,0.8569501298693881,0.0,-0.41440461505464254
2025-08-22,0.6493223245768817,0.6842090751884866,0.0,-0.034886750611604955
2025-08-23,0.9362806214689267,0.8824411913475817,0.0,0.053839430121344956
2025-08-24,0.06400634660862092,0.20351110833188646,0.7324825450594926,-0.13950476172326554
2025-08-25,0.8247432373470076,0.873361117841438,0.0,-0.04861788049443039
2025-08-26,0.2923831104121931,0.05976227417838442,0.6478546154094225,0.2326208362338087
2025-08-27,0.4439194545063778,0.8885992804371524,0.0,-0.4446798259307746
2025-08-28,0.021913328775008956,0.3290737794607279,0.6490128917642631,-0.30716045068571896
2025-08-29,0.30104607783431303,0.3145876334140665,0.3843662887516205,-0.01354155557975345
2025-08-30,0.5026312426301305,0.5120885766986639,0.0,-0.00945733406853344
2025-08-31,0.05617607734743901,0.9406901877232318,0.003133734929329224,-0.8845141103757928
2025-09-01,0.49109572938316515,0.04778136468140537,0.4611229059354295,0.4433143647017598
2025-09-02,0.9271106288584273,0.3522309750707453,0.0,0.574879653787682
2025-09-03,0.10539321810780522,0.8565719886833357,0.03803479320885905,-0.7511787705755305
2025-09-04,0.7644407280755043,0.39605447743546673,0.0,0.3683862506400376
2025-09-05,0.40967105337599263,0.199156897597067,0.39117204902694036,0.21051415577892563
2025-09-06,0.655173714524338,0.4247941813314118,0.0,0.23037953319292626
2025-09-07,0.26023659798522936,0.3855525014916693,0.35421090052310134,-0.12531590350643995
2025-09-08,0.1594922625413583,0.9154162014667034,0.0,-0.7559239389253452
2025-09-09,0.16046261427122643,0.7619343757430971,0.07760300998567649,-0.6014717614718706
2025-09-10,0.07049194564314465,0.5051155557440064,0.424392498612849,-0.4346236101008617
2025-09-11,0.18564670490124302,0.9883705667215711,0.0,-0.8027238618203281
2025-09-12,0.6642193849889683,0.4652775312759233,0.0,0.19894185371304496
2025-09-13,0.881690611843508,0.05823783082027523,0.06007155733621672,0.8234527810232328
2025-09-14,0.8141256855911618,0.2622743218149849,0.0,0.5518513637761769
2025-09-15,0.6851343098744841,0.4360704802193126,0.0,0.2490638296551715
2025-09-16,0.11043186341110267,0.1569026241461201,0.7326655124427772,-0.046470760735017436
2025-09-17,0.28918744629594983,0.947565126324043,0.0,-0.6583776800280932
2025-09-18,0.309806875322469,0.7668488978177731,0.0,-0.4570420224953041
2025-09-19,0.24995694639762123,0.26828720042777265,0.4817558531746061,-0.018330254030151427
2025-09-20,0.5150056597097231,0.5908045335179158,0.0,-0.07579887380819272
2025-09-21,0.5355538148796726,0.721449157109572,0.0,-0.18589534222989945
2025-09-22,0.3568859751711102,0.941278928906798,0.0,-0.5843929537356878
2025-09-23,0.353789158736436,0.8816353491754106,0.0,-0.5278461904389746
2025-09-24,0.8285555979060814,0.5151922261382137,0.0,0.31336337176786766
2025-09-25,0.7892928483196856,0.7746526197930176,0.0,0.01464022852666802
2025-09-26,0.30779583168074565,0.562144753827585,0.13005941449166936,-0.25434892214683935
2025-09-27,0.9137884438732593,0.5527038900455401,0.0,0.3610845538277192
2025-09-28,0.952815017002506,0.1147419583381919,0.0,0.8380730586643141
2025-09-29,0.32674254203004083,0.12613765801615207,0.5471197999538071,0.20060488401388876
2025-09-30,0.35442494879305486,0.5295336150224574,0.1160414361844877,-0.17510866622940258
2025-10-01,0.5056341534219588,0.2688615449790066,0.22550430159903456,0.23677260844295223
2025-10-02,0.9411208125336735,0.02103690246046863,0.037842285005857845,0.9200839100732049
2025-10-03,0.8763194331423115,0.7228392039002123,0.0,0.15348022924209925
2025-10-04,0.1025679625835898,0.03248659669016496,0.8649454407262452,0.07008136589342484
2025-10-05,0.3927307432714162,0.5952768411040545,0.01199241562452924,-0.20254609783263833
2025-10-06,0.5533711897497718,0.5391937941273144,0.0,0.014177395622457456
2025-10-07,0.50313247255154,0.9688146905778044,0.0,-0.4656822180262644
2025-10-08,0.19386306793689267,0.48421313934764165,0.3219237927154657,-0.290350071410749
2025-10-09,0.8588167711681547,0.06360143637779736,0.07758179245404795,0.7952153347903573
2025-10-10,0.6769407829968374,0.5516879678064617,0.0,0.12525281519037568
2025-10-11,0.8379083748518036,0.8410961706161014,0.0,-0.0031877957642978405
2025-10-12,0.8587642793494722,0.9968492842814399,0.0,-0.13808500493196774
2025-10-13,0.7483558536657398,0.4303431736890725,0.0,0.31801267997666727
2025-10-14,0.43921060124971734,0.3202987424967425,0.24049065625354016,0.11891185875297483
2025-10-15,0.6105467550154245,0.9066532969519989,0.0,-0.2961065419365744
2025-10-16,0.16036540611974315,0.19124212907612137,0.6483924648041355,-0.030876722956378222
2025-10-17,0.6736454174749077,0.6154289150329266,0.0,0.058216502441981066
2025-10-18,0.17925325573928075,0.4057144241809477,0.41503232007977153,-0.22646116844166697
2025-10-19,0.6939495905101568,0.041082364955555284,0.2649680445342879,0.6528672255546015
2025-10-20,0.22959816075396866,0.34728847430569776,0.4231133649403336,-0.1176903135517291
2025-10-21,0.11755130015021997,0.2652285225026746,0.6172201773471054,-0.14767722235245462
2025-10-22,0.16528449014295743,0.6860911539434869,0.14862435591355572,-0.5208066638005294
2025-10-23,0.001992135219070268,0.9487904976919181,0.04921736708901159,-0.9467983624728479
2025-10-24,0.7187396178535302,0.26804718737863775,0.013213194767832004,0.4506924304748925
2025-10-25,0.7324010490583791,0.8114659391516817,0.0,-0.07906489009330264
2025-10-26,0.5149333499132595,0.05535981693840952,0.429706833148331,0.45957353297484993
2025-10-27,0.1613628010553837,0.5381210100398132,0.30051618890480314,-0.37675820898442947
2025-10-28,0.08355433751068975,0.07055006370989458,0.8458955987794157,0.013004273800795163
2025-10-29,0.01912896643728701,0.9340329911306393,0.04683804243207368,-0.9149040246933523
2025-10-30,0.1657481769652207,0.7663512805573902,0.06790054247738908,-0.6006031035921695
2025-10-31,0.8908555349831467,0.6579499112045923,0.0,0.2329056237785544
2025-11-01,0.24153684170168177,0.8238963816246643,0.0,-0.5823595399229825
2025-11-02,0.35427132721721566,0.6475197955701631,0.0,-0.2932484683529475
2025-11-03,0.10534548448133318,0.9689443971742911,0.0,-0.863598912692958
2025-11-04,0.22236130474817029,0.7139579478647715,0.0636807473870582,-0.49159664311660123
2025-11-05,0.5192245707802051,0.9246586095822468,0.0,-0.40543403880204165
2025-11-06,0.6077526830956526,0.517131892010638,0.0,0.09062079108501453
2025-11-07,0.24535231416621106,0.11706441298186265,0.6375832728519263,0.1282879011843484
2025-11-08,0.05773215922511721,0.5281777214230171,0.4140901193518657,-0.4704455621978999
2025-11-09,0.39103286912739865,0.1268728280630933,0.48209430280950805,0.26416004106430535
2025-11-10,0.23420337092633414,0.592493479176405,0.1733031498972608,-0.3582901082500709
2025-11-11,0.21955392322980194,0.48249306052766294,0.2979530162425351,-0.262939137297861
2025-11-12,0.9598628027134553,0.6225753978327817,0.0,0.33728740488067355
2025-11-13,0.6163004859257241,0.010046981054831594,0.37365253301944434,0.6062535048708925
2025-11-14,0.5568784431720959,0.1948404916553641,0.24828106517254,0.3620379515167318
2025-11-15,0.4157751035233219,0.4913304319121309,0.0928944645645472,-0.07555532838880896
2025-11-16,0.42894433343014426,0.9505035615891348,0.0,-0.5215592281589906
2025-11-17,0.5409050038380808,0.3836090403551584,0.07548595580676076,0.1572959634829224
2025-11-18,0.6964298070361072,0.42437202605363467,0.0,0.2720577809824726
2025-11-19,0.7021460961818294,0.7146960890066222,0.0,-0.012549992824792744
